Kỳ,Thứ,Ngày,Giờ,Bộ Số,ĐB,Hiển thị,Loại,Link cập nhật,Ngày cập nhật,Jackpot 1 (VNĐ),Jackpot 2 (VNĐ)
1406,Thứ 7,03/10/2026,,"7,11,13,16,18,54",41,07 11 13 16 18 54 | ĐB 41,Power_6/55,https://www.minhchinh.com/xs-power-655-ket-qua-power-655-ngay-03-10-2026.html,03/10/2026,112784140200,3695872550
1405,Thứ 5,01/10/2026,,"4,5,13,34,52,55",15,04 05 13 34 52 55 | ĐB 15,Power_6/55,https://www.minhchinh.com/xs-power-655-ket-qua-power-655-ngay-01-10-2026.html,01/10/2026,106521287250,3739088100
1404,Thứ 3,29/09/2026,,"2,4,13,17,35,36",11,02 04 13 17 35 36 | ĐB 11,Power_6/55,https://www.minhchinh.com/xs-power-655-ket-qua-power-655-ngay-29-09-2026.html,29/09/2026,99869494350,4454726850
1403,Thứ 7,26/09/2026,,"14,18,21,38,48,52",49,14 18 21 38 48 52 | ĐB 49,Power_6/55,https://www.minhchinh.com/xs-power-655-ket-qua-power-655-ngay-26-09-2026.html,26/09/2026,91387533000,3512286700
1402,Thứ 5,24/09/2026,,"1,13,23,25,26,28",27,01 13 23 25 26 28 | ĐB 27,Power_6/55,https://www.minhchinh.com/xs-power-655-ket-qua-power-655-ngay-24-09-2026.html,24/09/2026,86776952700,5462262200
1401,Thứ 3,22/09/2026,,"1,3,9,11,41,46",10,01 03 09 11 41 46 | ĐB 10,Power_6/55,https://www.minhchinh.com/xs-power-655-ket-qua-power-655-ngay-22-09-2026.html,22/09/2026,79393690200,4641899700
1400,Thứ 7,19/09/2026,,"4,7,11,18,22,25",50,04 07 11 18 22 25 | ĐB 50,Power_6/55,https://www.minhchinh.com/xs-power-655-ket-qua-power-655-ngay-19-09-2026.html,19/09/2026,73333632900,3968560000
1399,Thứ 5,17/09/2026,,"6,11,25,27,37,45",15,06 11 25 27 37 45 | ĐB 15,Power_6/55,https://www.minhchinh.com/xs-power-655-ket-qua-power-655-ngay-17-09-2026.html,17/09/2026,71030284950,3712632450
1398,Thứ 3,15/09/2026,,"24,27,32,36,38,47",52,24 27 32 36 38 47 | ĐB 52,Power_6/55,https://www.minhchinh.com/xs-power-655-ket-qua-power-655-ngay-15-09-2026.html,15/09/2026,67984087800,3374166100
1397,Thứ 7,12/09/2026,,"7,24,31,43,47,54",22,07 24 31 43 47 54 | ĐB 22,Power_6/55,https://www.minhchinh.com/xs-power-655-ket-qua-power-655-ngay-12-09-2026.html,12/09/2026,64616592900,5042613300
1396,Thứ 5,10/09/2026,,"2,5,28,32,51,53",50,02 05 28 32 51 53 | ĐB 50,Power_6/55,https://www.minhchinh.com/xs-power-655-ket-qua-power-655-ngay-10-09-2026.html,10/09/2026,61515559200,4698054000
1395,Thứ 3,08/09/2026,,"8,11,14,23,25,54",17,08 11 14 23 25 54 | ĐB 17,Power_6/55,https://www.minhchinh.com/xs-power-655-ket-qua-power-655-ngay-08-09-2026.html,08/09/2026,58493952750,4362319950
1394,Thứ 7,05/09/2026,,"9,11,24,31,33,47",21,09 11 24 31 33 47 | ĐB 21,Power_6/55,https://www.minhchinh.com/xs-power-655-ket-qua-power-655-ngay-05-09-2026.html,05/09/2026,55361787150,4014301550
1393,Thứ 5,03/09/2026,,"8,9,16,42,46,47",11,08 09 16 42 46 47 | ĐB 11,Power_6/55,https://www.minhchinh.com/xs-power-655-ket-qua-power-655-ngay-03-09-2026.html,03/09/2026,52292606250,3673281450
1392,Thứ 3,01/09/2026,,"1,17,41,44,49,55",45,01 17 41 44 49 55 | ĐB 45,Power_6/55,https://www.minhchinh.com/xs-power-655-ket-qua-power-655-ngay-01-09-2026.html,01/09/2026,49472445900,3359930300
1391,Thứ 7,29/08/2026,,"5,10,15,29,34,45",24,05 10 15 29 34 45 | ĐB 24,Power_6/55,https://www.minhchinh.com/xs-power-655-ket-qua-power-655-ngay-29-08-2026.html,29/08/2026,46233073200,3275338650
1390,Thứ 5,27/08/2026,,"1,3,11,21,26,44",10,01 03 11 21 26 44 | ĐB 10,Power_6/55,https://www.minhchinh.com/xs-power-655-ket-qua-power-655-ngay-27-08-2026.html,27/08/2026,43755025350,4528336150
1389,Thứ 3,25/08/2026,,"5,7,13,18,31,40",14,05 07 13 18 31 40 | ĐB 14,Power_6/55,https://www.minhchinh.com/xs-power-655-ket-qua-power-655-ngay-25-08-2026.html,25/08/2026,41498958000,4277662000
1388,Thứ 7,22/08/2026,,"9,18,19,21,25,36",8,09 18 19 21 25 36 | ĐB 08,Power_6/55,https://www.minhchinh.com/xs-power-655-ket-qua-power-655-ngay-22-08-2026.html,22/08/2026,39124303050,4013811450
1387,Thứ 5,20/08/2026,,"2,8,29,38,39,51",47,02 08 29 38 39 51 | ĐB 47,Power_6/55,https://www.minhchinh.com/xs-power-655-ket-qua-power-655-ngay-20-08-2026.html,20/08/2026,37127589150,3791954350
1386,Thứ 3,18/08/2026,,"3,15,18,38,41,48",30,03 15 18 38 41 48 | ĐB 30,Power_6/55,https://www.minhchinh.com/xs-power-655-ket-qua-power-655-ngay-18-08-2026.html,18/08/2026,34897731150,3544192350
1385,Thứ 7,15/08/2026,,"16,20,25,27,30,50",2,16 20 25 27 30 50 | ĐB 02,Power_6/55,https://www.minhchinh.com/xs-power-655-ket-qua-power-655-ngay-15-08-2026.html,15/08/2026,32326470750,3258496750
1384,Thứ 5,13/08/2026,,"5,9,27,29,45,46",42,05 09 27 29 45 46 | ĐB 42,Power_6/55,https://www.minhchinh.com/xs-power-655-ket-qua-power-655-ngay-13-08-2026.html,13/08/2026,71850956250,3709752000
1383,Thứ 3,11/08/2026,,"2,7,19,20,39,50",31,02 07 19 20 39 50 | ĐB 31,Power_6/55,https://www.minhchinh.com/xs-power-655-ket-qua-power-655-ngay-11-08-2026.html,11/08/2026,68497890150,3337189100
1382,Thứ 7,08/08/2026,,"5,29,33,38,40,45",37,05 29 33 38 40 45 | ĐB 37,Power_6/55,https://www.minhchinh.com/xs-power-655-ket-qua-power-655-ngay-08-08-2026.html,08/08/2026,65463188250,3399666850
1381,Thứ 5,06/08/2026,,"14,18,23,35,51,55",1,14 18 23 35 51 55 | ĐB 01,Power_6/55,https://www.minhchinh.com/xs-power-655-ket-qua-power-655-ngay-06-08-2026.html,06/08/2026,61866186600,3386451950
1380,Thứ 3,04/08/2026,,"14,39,40,42,47,54",31,14 39 40 42 47 54 | ĐB 31,Power_6/55,https://www.minhchinh.com/xs-power-655-ket-qua-power-655-ngay-04-08-2026.html,04/08/2026,58388119050,4694567400
1379,Thứ 7,01/08/2026,,"11,14,16,44,49,55",39,11 14 16 44 49 55 | ĐB 39,Power_6/55,https://www.minhchinh.com/xs-power-655-ket-qua-power-655-ngay-01-08-2026.html,01/08/2026,54705403650,4285376800
1378,Thứ 5,30/07/2026,,"2,12,24,28,43,49",51,02 12 24 28 43 49 | ĐB 51,Power_6/55,https://www.minhchinh.com/xs-power-655-ket-qua-power-655-ngay-30-07-2026.html,30/07/2026,51543425100,3934045850
1377,Thứ 3,28/07/2026,,"7,22,23,27,41,44",48,07 22 23 27 41 44 | ĐB 48,Power_6/55,https://www.minhchinh.com/xs-power-655-ket-qua-power-655-ngay-28-07-2026.html,28/07/2026,48676372500,3615484450
1376,Thứ 7,25/07/2026,,"5,9,27,33,37,50",48,05 09 27 33 37 50 | ĐB 48,Power_6/55,https://www.minhchinh.com/xs-power-655-ket-qua-power-655-ngay-25-07-2026.html,25/07/2026,45771312000,3292699950
1375,Thứ 5,23/07/2026,,"1,3,8,38,40,55",36,01 03 08 38 40 55 | ĐB 36,Power_6/55,https://www.minhchinh.com/xs-power-655-ket-qua-power-655-ngay-23-07-2026.html,23/07/2026,43137012450,3873808750
1374,Thứ 3,21/07/2026,,"8,11,22,24,32,39",13,08 11 22 24 32 39 | ĐB 13,Power_6/55,https://www.minhchinh.com/xs-power-655-ket-qua-power-655-ngay-21-07-2026.html,21/07/2026,40232457750,3551080450
1373,Thứ 7,18/07/2026,,"22,41,45,48,54,55",16,22 41 45 48 54 55 | ĐB 16,Power_6/55,https://www.minhchinh.com/xs-power-655-ket-qua-power-655-ngay-18-07-2026.html,18/07/2026,37959752100,3298557600
1372,Thứ 5,16/07/2026,,"19,20,33,45,48,53",21,19 20 33 45 48 53 | ĐB 21,Power_6/55,https://www.minhchinh.com/xs-power-655-ket-qua-power-655-ngay-16-07-2026.html,16/07/2026,35272733700,3585859300
1371,Thứ 3,14/07/2026,,"10,24,30,35,45,51",33,10 24 30 35 45 51 | ĐB 33,Power_6/55,https://www.minhchinh.com/xs-power-655-ket-qua-power-655-ngay-14-07-2026.html,14/07/2026,32743782300,3304864700
1370,Thứ 7,11/07/2026,,"9,17,20,33,41,42",40,09 17 20 33 41 42 | ĐB 40,Power_6/55,https://www.minhchinh.com/xs-power-655-ket-qua-power-655-ngay-11-07-2026.html,11/07/2026,102862626150,4564759400
1369,Thứ 5,09/07/2026,,"2,9,10,14,17,49",45,02 09 10 14 17 49 | ĐB 45,Power_6/55,https://www.minhchinh.com/xs-power-655-ket-qua-power-655-ngay-09-07-2026.html,09/07/2026,93948863250,3574341300
1368,Thứ 3,07/07/2026,,"4,6,25,32,33,44",8,04 06 25 32 33 44 | ĐB 08,Power_6/55,https://www.minhchinh.com/xs-power-655-ket-qua-power-655-ngay-07-07-2026.html,07/07/2026,88779791550,3643241150
1367,Thứ 7,04/07/2026,,"13,15,18,23,31,43",41,13 15 18 23 31 43 | ĐB 41,Power_6/55,https://www.minhchinh.com/xs-power-655-ket-qua-power-655-ngay-04-07-2026.html,04/07/2026,82990621200,8288784250
1366,Thứ 5,02/07/2026,,"5,11,28,34,41,42",49,05 11 28 34 41 42 | ĐB 49,Power_6/55,https://www.minhchinh.com/xs-power-655-ket-qua-power-655-ngay-02-07-2026.html,02/07/2026,75980220150,7509850800
1365,Thứ 3,30/06/2026,,"5,13,18,22,43,44",47,05 13 18 22 43 44 | ĐB 47,Power_6/55,https://www.minhchinh.com/xs-power-655-ket-qua-power-655-ngay-30-06-2026.html,30/06/2026,69684349800,6810309650
1364,Thứ 7,27/06/2026,,"7,16,21,23,28,52",54,07 16 21 23 28 52 | ĐB 54,Power_6/55,https://www.minhchinh.com/xs-power-655-ket-qua-power-655-ngay-27-06-2026.html,27/06/2026,65500444650,6345431300
1363,Thứ 5,25/06/2026,,"1,3,8,15,35,55",23,01 03 08 15 35 55 | ĐB 23,Power_6/55,https://www.minhchinh.com/xs-power-655-ket-qua-power-655-ngay-25-06-2026.html,25/06/2026,62216897700,5980592750
1362,Thứ 3,23/06/2026,,"1,13,28,38,40,46",5,01 13 28 38 40 46 | ĐB 05,Power_6/55,https://www.minhchinh.com/xs-power-655-ket-qua-power-655-ngay-23-06-2026.html,23/06/2026,59527157700,5681732750
1361,Thứ 7,20/06/2026,,"16,23,26,30,52,53",46,16 23 26 30 52 53 | ĐB 46,Power_6/55,https://www.minhchinh.com/xs-power-655-ket-qua-power-655-ngay-20-06-2026.html,20/06/2026,56004290850,5290303100
1360,Thứ 5,18/06/2026,,"1,4,14,20,46,49",36,01 04 14 20 46 49 | ĐB 36,Power_6/55,https://www.minhchinh.com/xs-power-655-ket-qua-power-655-ngay-18-06-2026.html,18/06/2026,52693539150,4922441800
1359,Thứ 3,16/06/2026,,"2,4,5,7,31,40",14,02 04 05 07 31 40 | ĐB 14,Power_6/55,https://www.minhchinh.com/xs-power-655-ket-qua-power-655-ngay-16-06-2026.html,16/06/2026,49498635450,4567452500
1358,Thứ 7,13/06/2026,,"2,8,19,33,36,47",42,02 08 19 33 36 47 | ĐB 42,Power_6/55,https://www.minhchinh.com/xs-power-655-ket-qua-power-655-ngay-13-06-2026.html,13/06/2026,46360660800,4218788650
1357,Thứ 5,11/06/2026,,"1,8,17,24,40,48",46,01 08 17 24 40 48 | ĐB 46,Power_6/55,https://www.minhchinh.com/xs-power-655-ket-qua-power-655-ngay-11-06-2026.html,11/06/2026,44082482700,3965657750
1356,Thứ 3,09/06/2026,,"6,8,18,27,32,34",35,06 08 18 27 32 34 | ĐB 35,Power_6/55,https://www.minhchinh.com/xs-power-655-ket-qua-power-655-ngay-09-06-2026.html,09/06/2026,41504451150,3679209800
1355,Thứ 7,06/06/2026,,"3,11,16,37,39,41",28,03 11 16 37 39 41 | ĐB 28,Power_6/55,https://www.minhchinh.com/xs-power-655-ket-qua-power-655-ngay-06-06-2026.html,06/06/2026,39411370650,3446645300
1354,Thứ 5,04/06/2026,,"23,24,28,29,39,43",45,23 24 28 29 39 43 | ĐB 45,Power_6/55,https://www.minhchinh.com/xs-power-655-ket-qua-power-655-ngay-04-06-2026.html,04/06/2026,37228693800,3204125650
1353,Thứ 3,02/06/2026,,"1,3,5,16,37,51",42,01 03 05 16 37 51 | ĐB 42,Power_6/55,https://www.minhchinh.com/xs-power-655-ket-qua-power-655-ngay-02-06-2026.html,02/06/2026,35391562950,3282490100
1352,Thứ 7,30/05/2026,,"2,8,20,24,25,42",44,02 08 20 24 25 42 | ĐB 44,Power_6/55,https://www.minhchinh.com/xs-power-655-ket-qua-power-655-ngay-30-05-2026.html,30/05/2026,32849152050,3316572450
1351,Thứ 5,28/05/2026,,"8,11,21,25,31,53",54,08 11 21 25 31 53 | ĐB 54,Power_6/55,https://www.minhchinh.com/xs-power-655-ket-qua-power-655-ngay-28-05-2026.html,28/05/2026,31561236300,3173470700
1350,Thứ 3,26/05/2026,,"1,14,15,19,23,34",29,01 14 15 19 23 34 | ĐB 29,Power_6/55,https://www.minhchinh.com/xs-power-655-ket-qua-power-655-ngay-26-05-2026.html,26/05/2026,83319176100,5957364550
1349,Thứ 7,23/05/2026,,"17,21,22,27,38,49",3,17 21 22 27 38 49 | ĐB 03,Power_6/55,https://www.minhchinh.com/xs-power-655-ket-qua-power-655-ngay-23-05-2026.html,23/05/2026,77210472000,5278619650
1348,Thứ 5,21/05/2026,,"16,18,20,28,32,34",40,16 18 20 28 32 34 | ĐB 40,Power_6/55,https://www.minhchinh.com/xs-power-655-ket-qua-power-655-ngay-21-05-2026.html,21/05/2026,71618875500,4657331150
1347,Thứ 3,19/05/2026,,"12,39,40,45,48,53",21,12 39 40 45 48 53 | ĐB 21,Power_6/55,https://www.minhchinh.com/xs-power-655-ket-qua-power-655-ngay-19-05-2026.html,19/05/2026,66148230000,4049481650
1346,Thứ 7,16/05/2026,,"8,25,32,36,39,47",50,08 25 32 36 39 47 | ĐB 50,Power_6/55,https://www.minhchinh.com/xs-power-655-ket-qua-power-655-ngay-16-05-2026.html,16/05/2026,62473162800,3641140850
1345,Thứ 5,14/05/2026,,"26,28,39,41,48,55",50,26 28 39 41 48 55 | ĐB 50,Power_6/55,https://www.minhchinh.com/xs-power-655-ket-qua-power-655-ngay-14-05-2026.html,14/05/2026,59800668600,3344197050
1344,Thứ 3,12/05/2026,,"2,11,22,26,31,38",15,02 11 22 26 31 38 | ĐB 15,Power_6/55,https://www.minhchinh.com/xs-power-655-ket-qua-power-655-ngay-12-05-2026.html,12/05/2026,56702895150,5363742750
1343,Thứ 7,09/05/2026,,"3,10,32,37,45,55",46,03 10 32 37 45 55 | ĐB 46,Power_6/55,https://www.minhchinh.com/xs-power-655-ket-qua-power-655-ngay-09-05-2026.html,09/05/2026,54255066600,5091761800
1342,Thứ 5,07/05/2026,,"13,14,33,44,46,50",47,13 14 33 44 46 50 | ĐB 47,Power_6/55,https://www.minhchinh.com/xs-power-655-ket-qua-power-655-ngay-07-05-2026.html,07/05/2026,51369960900,4771194500
1341,Thứ 3,05/05/2026,,"4,6,8,17,30,50",32,04 06 08 17 30 50 | ĐB 32,Power_6/55,https://www.minhchinh.com/xs-power-655-ket-qua-power-655-ngay-05-05-2026.html,05/05/2026,48363270600,4437117800
1340,Thứ 7,02/05/2026,,"9,21,22,26,33,51",17,09 21 22 26 33 51 | ĐB 17,Power_6/55,https://www.minhchinh.com/xs-power-655-ket-qua-power-655-ngay-02-05-2026.html,02/05/2026,45356581650,4103041250
1339,Thứ 5,30/04/2026,,"9,15,21,25,29,50",16,09 15 21 25 29 50 | ĐB 16,Power_6/55,https://www.minhchinh.com/xs-power-655-ket-qua-power-655-ngay-30-04-2026.html,30/04/2026,42838500900,3823254500
1338,Thứ 3,28/04/2026,,"24,25,34,51,52,53",35,24 25 34 51 52 53 | ĐB 35,Power_6/55,https://www.minhchinh.com/xs-power-655-ket-qua-power-655-ngay-28-04-2026.html,28/04/2026,40419333300,3554458100
1337,Thứ 7,25/04/2026,,"4,7,10,29,41,46",43,04 07 10 29 41 46 | ĐB 43,Power_6/55,https://www.minhchinh.com/xs-power-655-ket-qua-power-655-ngay-25-04-2026.html,25/04/2026,37612305750,3242566150
1336,Thứ 5,23/04/2026,,"5,16,17,22,33,53",55,05 16 17 22 33 53 | ĐB 55,Power_6/55,https://www.minhchinh.com/xs-power-655-ket-qua-power-655-ngay-23-04-2026.html,23/04/2026,35429210400,4058059450
1335,Thứ 3,21/04/2026,,"8,30,36,39,50,53",15,08 30 36 39 50 53 | ĐB 15,Power_6/55,https://www.minhchinh.com/xs-power-655-ket-qua-power-655-ngay-21-04-2026.html,21/04/2026,33557365650,3850076700
1334,Thứ 7,18/04/2026,,"9,19,20,28,37,39",24,09 19 20 28 37 39 | ĐB 24,Power_6/55,https://www.minhchinh.com/xs-power-655-ket-qua-power-655-ngay-18-04-2026.html,18/04/2026,31171403100,3584969750
1333,Thứ 5,16/04/2026,,"2,7,15,22,47,52",55,02 07 15 22 47 52 | ĐB 55,Power_6/55,https://www.minhchinh.com/xs-power-655-ket-qua-power-655-ngay-16-04-2026.html,16/04/2026,91889389200,3454813850
1332,Thứ 3,14/04/2026,,"8,16,22,35,39,47",28,08 16 22 35 39 47 | ĐB 28,Power_6/55,https://www.minhchinh.com/xs-power-655-ket-qua-power-655-ngay-14-04-2026.html,14/04/2026,87796064550,4155167000
1331,Thứ 7,11/04/2026,,"13,26,29,38,49,53",7,13 26 29 38 49 53 | ĐB 07,Power_6/55,https://www.minhchinh.com/xs-power-655-ket-qua-power-655-ngay-11-04-2026.html,11/04/2026,81069972600,3407823450
1330,Thứ 5,09/04/2026,,"16,18,22,29,41,53",38,16 18 22 29 41 53 | ĐB 38,Power_6/55,https://www.minhchinh.com/xs-power-655-ket-qua-power-655-ngay-09-04-2026.html,09/04/2026,77399561550,4591280800
1329,Thứ 3,07/04/2026,,"1,13,23,31,44,53",32,01 13 23 31 44 53 | ĐB 32,Power_6/55,https://www.minhchinh.com/xs-power-655-ket-qua-power-655-ngay-07-04-2026.html,07/04/2026,71632884900,3950538950
1328,Thứ 7,04/04/2026,,"5,7,10,23,30,54",40,05 07 10 23 30 54 | ĐB 40,Power_6/55,https://www.minhchinh.com/xs-power-655-ket-qua-power-655-ngay-04-04-2026.html,04/04/2026,65696235150,3290911200
1327,Thứ 5,02/04/2026,,"9,21,32,34,52,53",22,09 21 32 34 52 53 | ĐB 22,Power_6/55,https://www.minhchinh.com/xs-power-655-ket-qua-power-655-ngay-02-04-2026.html,02/04/2026,63078034350,5085578850
1326,Thứ 3,31/03/2026,,"15,16,22,38,43,48",11,15 16 22 38 43 48 | ĐB 11,Power_6/55,https://www.minhchinh.com/xs-power-655-ket-qua-power-655-ngay-31-03-2026.html,31/03/2026,59876080950,4729806250
1325,Thứ 7,28/03/2026,,"7,13,21,30,33,42",39,07 13 21 30 33 42 | ĐB 39,Power_6/55,https://www.minhchinh.com/xs-power-655-ket-qua-power-655-ngay-28-03-2026.html,28/03/2026,56950796550,4404774650
1324,Thứ 5,26/03/2026,,"3,9,10,34,38,44",51,03 09 10 34 38 44 | ĐB 51,Power_6/55,https://www.minhchinh.com/xs-power-655-ket-qua-power-655-ngay-26-03-2026.html,26/03/2026,54630878700,4147006000
1323,Thứ 3,24/03/2026,,"12,19,25,26,32,45",3,12 19 25 26 32 45 | ĐB 03,Power_6/55,https://www.minhchinh.com/xs-power-655-ket-qua-power-655-ngay-24-03-2026.html,24/03/2026,52121608950,3868198250
1322,Thứ 7,21/03/2026,,"1,6,40,43,47,53",3,01 06 40 43 47 53 | ĐB 03,Power_6/55,https://www.minhchinh.com/xs-power-655-ket-qua-power-655-ngay-21-03-2026.html,21/03/2026,49486876500,3575450200
1321,Thứ 5,19/03/2026,,"7,9,17,31,34,36",55,07 09 17 31 34 36 | ĐB 55,Power_6/55,https://www.minhchinh.com/xs-power-655-ket-qua-power-655-ngay-19-03-2026.html,19/03/2026,46605747450,3255324750
1320,Thứ 3,17/03/2026,,"12,26,28,43,50,54",52,12 26 28 43 50 54 | ĐB 52,Power_6/55,https://www.minhchinh.com/xs-power-655-ket-qua-power-655-ngay-17-03-2026.html,17/03/2026,44307824700,11078842550
1319,Thứ 7,14/03/2026,,"7,16,27,29,47,52",26,07 16 27 29 47 52 | ĐB 26,Power_6/55,https://www.minhchinh.com/xs-power-655-ket-qua-power-655-ngay-14-03-2026.html,14/03/2026,41134772100,10726281150
1318,Thứ 5,12/03/2026,,"12,28,36,40,53,55",54,12 28 36 40 53 55 | ĐB 54,Power_6/55,https://www.minhchinh.com/xs-power-655-ket-qua-power-655-ngay-12-03-2026.html,12/03/2026,38227516950,10403252800
1317,Thứ 3,10/03/2026,,"3,26,31,39,47,54",20,03 26 31 39 47 54 | ĐB 20,Power_6/55,https://www.minhchinh.com/xs-power-655-ket-qua-power-655-ngay-10-03-2026.html,10/03/2026,35421960450,10091524300
1316,Thứ 7,07/03/2026,,"4,32,41,45,50,52",29,04 32 41 45 50 52 | ĐB 29,Power_6/55,https://www.minhchinh.com/xs-power-655-ket-qua-power-655-ngay-07-03-2026.html,07/03/2026,32524976100,9769637150
1315,Thứ 5,05/03/2026,,"14,16,35,38,43,51",37,14 16 35 38 43 51 | ĐB 37,Power_6/55,https://www.minhchinh.com/xs-power-655-ket-qua-power-655-ngay-05-03-2026.html,05/03/2026,114662129250,9489084250
1314,Thứ 3,03/03/2026,,"7,13,27,29,43,50",25,07 13 27 29 43 50 | ĐB 25,Power_6/55,https://www.minhchinh.com/xs-power-655-ket-qua-power-655-ngay-03-03-2026.html,03/03/2026,105694649850,8492697650
1313,Thứ 7,28/02/2026,,"22,25,31,44,51,54",36,22 25 31 44 51 54 | ĐB 36,Power_6/55,https://www.minhchinh.com/xs-power-655-ket-qua-power-655-ngay-28-02-2026.html,28/02/2026,96812470200,7505788800
1312,Thứ 5,26/02/2026,,"1,7,10,21,44,51",46,01 07 10 21 44 51 | ĐB 46,Power_6/55,https://www.minhchinh.com/xs-power-655-ket-qua-power-655-ngay-26-02-2026.html,26/02/2026,88926650850,6629586650
1311,Thứ 3,24/02/2026,,"5,8,18,30,39,54",51,05 08 18 30 39 54 | ĐB 51,Power_6/55,https://www.minhchinh.com/xs-power-655-ket-qua-power-655-ngay-24-02-2026.html,24/02/2026,80578203600,5701981400
1310,Thứ 7,21/02/2026,,"5,7,26,30,41,45",12,05 07 26 30 41 45 | ĐB 12,Power_6/55,https://www.minhchinh.com/xs-power-655-ket-qua-power-655-ngay-21-02-2026.html,21/02/2026,72454898500,4799391950
1309,Thứ 5,19/02/2026,,"1,27,30,43,45,46",48,01 27 30 43 45 46 | ĐB 48,Power_6/55,https://www.minhchinh.com/xs-power-655-ket-qua-power-655-ngay-19-02-2026.html,19/02/2026,66543126150,4142528350
1308,Thứ 7,14/02/2026,,"2,13,26,32,36,42",48,02 13 26 32 36 42 | ĐB 48,Power_6/55,https://www.minhchinh.com/xs-power-655-ket-qua-power-655-ngay-14-02-2026.html,14/02/2026,62316078150,3672856350
1307,Thứ 5,12/02/2026,,"8,17,19,31,32,46",26,08 17 19 31 32 46 | ĐB 26,Power_6/55,https://www.minhchinh.com/xs-power-655-ket-qua-power-655-ngay-12-02-2026.html,12/02/2026,59534608350,3363804150
1306,Thứ 3,10/02/2026,,"13,21,22,26,32,55",20,13 21 22 26 32 55 | ĐB 20,Power_6/55,https://www.minhchinh.com/xs-power-655-ket-qua-power-655-ngay-10-02-2026.html,10/02/2026,56260371000,4363958700
1305,Thứ 7,07/02/2026,,"3,5,13,15,29,46",1,03 05 13 15 29 46 | ĐB 01,Power_6/55,https://www.minhchinh.com/xs-power-655-ket-qua-power-655-ngay-07-02-2026.html,07/02/2026,52944733200,3995554500
1304,Thứ 5,05/02/2026,,"7,13,16,25,26,55",9,07 13 16 25 26 55 | ĐB 09,Power_6/55,https://www.minhchinh.com/xs-power-655-ket-qua-power-655-ngay-05-02-2026.html,05/02/2026,50209887000,3691682700
1303,Thứ 3,03/02/2026,,"12,15,18,22,48,53",45,12 15 18 22 48 53 | ĐB 45,Power_6/55,https://www.minhchinh.com/xs-power-655-ket-qua-power-655-ngay-03-02-2026.html,03/02/2026,47302210650,3368607550
1302,Thứ 7,31/01/2026,,"10,11,14,17,49,53",4,10 11 14 17 49 53 | ĐB 04,Power_6/55,https://www.minhchinh.com/xs-power-655-ket-qua-power-655-ngay-31-01-2026.html,31/01/2026,43984742700,20094162200
1301,Thứ 5,29/01/2026,,"11,15,22,32,34,54",28,11 15 22 32 34 54 | ĐB 28,Power_6/55,https://www.minhchinh.com/xs-power-655-ket-qua-power-655-ngay-29-01-2026.html,29/01/2026,40895356350,19750897050
1300,Thứ 3,27/01/2026,,"13,22,32,42,53,54",29,13 22 32 42 53 54 | ĐB 29,Power_6/55,https://www.minhchinh.com/xs-power-655-ket-qua-power-655-ngay-27-01-2026.html,27/01/2026,38390740500,19472606400
1299,Thứ 7,24/01/2026,,"14,24,25,30,35,53",18,14 24 25 30 35 53 | ĐB 18,Power_6/55,https://www.minhchinh.com/xs-power-655-ket-qua-power-655-ngay-24-01-2026.html,24/01/2026,35167297350,19114446050
1298,Thứ 5,22/01/2026,,"2,20,21,29,36,50",5,02 20 21 29 36 50 | ĐB 05,Power_6/55,https://www.minhchinh.com/xs-power-655-ket-qua-power-655-ngay-22-01-2026.html,22/01/2026,32706781950,18841055450
1297,Thứ 3,20/01/2026,,"4,20,26,28,37,41",32,04 20 26 28 37 41 | ĐB 32,Power_6/55,https://www.minhchinh.com/xs-power-655-ket-qua-power-655-ngay-20-01-2026.html,20/01/2026,257134188450,18540301900
1296,Thứ 7,17/01/2026,,"14,21,23,25,46,48",54,14 21 23 25 46 48 | ĐB 54,Power_6/55,https://www.minhchinh.com/xs-power-655-ket-qua-power-655-ngay-17-01-2026.html,17/01/2026,241138005600,16762948250
1295,Thứ 5,15/01/2026,,"13,21,31,34,48,55",27,13 21 31 34 48 55 | ĐB 27,Power_6/55,https://www.minhchinh.com/xs-power-655-ket-qua-power-655-ngay-15-01-2026.html,15/01/2026,226463116350,15132405000
1294,Thứ 3,13/01/2026,,"3,12,25,51,52,55",43,03 12 25 51 52 55 | ĐB 43,Power_6/55,https://www.minhchinh.com/xs-power-655-ket-qua-power-655-ngay-13-01-2026.html,13/01/2026,213555593550,13698235800
1293,Thứ 7,10/01/2026,,"9,16,30,33,34,38",49,09 16 30 33 34 38 | ĐB 49,Power_6/55,https://www.minhchinh.com/xs-power-655-ket-qua-power-655-ngay-10-01-2026.html,10/01/2026,199827244650,12172863700
1292,Thứ 5,08/01/2026,,"20,22,36,43,45,50",47,20 22 36 43 45 50 | ĐB 47,Power_6/55,https://www.minhchinh.com/xs-power-655-ket-qua-power-655-ngay-08-01-2026.html,08/01/2026,188047526250,10864006100
1291,Thứ 3,06/01/2026,,"22,28,29,30,34,47",20,22 28 29 30 34 47 | ĐB 20,Power_6/55,https://www.minhchinh.com/xs-power-655-ket-qua-power-655-ngay-06-01-2026.html,06/01/2026,176547951300,9586275550
1290,Thứ 7,03/01/2026,,"10,16,17,23,33,36",42,10 16 17 23 33 36 | ĐB 42,Power_6/55,https://www.minhchinh.com/xs-power-655-ket-qua-power-655-ngay-03-01-2026.html,03/01/2026,164499610350,8247571000
1289,Thứ 5,01/01/2026,,"5,16,29,33,39,42",54,05 16 29 33 39 42 | ĐB 54,Power_6/55,https://www.minhchinh.com/xs-power-655-ket-qua-power-655-ngay-01-01-2026.html,01/01/2026,153894010350,7069171000
1288,Thứ 3,30/12/2025,,"11,30,35,41,48,55",38,11 30 35 41 48 55 | ĐB 38,Power_6/55,https://www.minhchinh.com/xs-power-655-ket-qua-power-655-ngay-30-12-2025.html,30/12/2025,144058214100,5976304750
1287,Thứ 7,27/12/2025,,"16,21,30,37,39,40",13,16 21 30 37 39 40 | ĐB 13,Power_6/55,https://www.minhchinh.com/xs-power-655-ket-qua-power-655-ngay-27-12-2025.html,27/12/2025,133260892500,4776602350
1286,Thứ 5,25/12/2025,,"4,6,32,37,40,48",38,04 06 32 37 40 48 | ĐB 38,Power_6/55,https://www.minhchinh.com/xs-power-655-ket-qua-power-655-ngay-25-12-2025.html,25/12/2025,123854457900,3731442950
1285,Thứ 3,23/12/2025,,"2,10,16,25,32,38",3,02 10 16 25 32 38 | ĐB 03,Power_6/55,https://www.minhchinh.com/xs-power-655-ket-qua-power-655-ngay-23-12-2025.html,23/12/2025,117271471350,4177330300
1284,Thứ 7,20/12/2025,,"22,32,33,35,40,41",23,22 32 33 35 40 41 | ĐB 23,Power_6/55,https://www.minhchinh.com/xs-power-655-ket-qua-power-655-ngay-20-12-2025.html,20/12/2025,115627287900,3994643250
1283,Thứ 5,18/12/2025,,"12,14,29,30,39,55",50,12 14 29 30 39 55 | ĐB 50,Power_6/55,https://www.minhchinh.com/xs-power-655-ket-qua-power-655-ngay-18-12-2025.html,18/12/2025,110723398050,3449766600
1282,Thứ 3,16/12/2025,,"7,36,37,38,52,55",46,07 36 37 38 52 55 | ĐB 46,Power_6/55,https://www.minhchinh.com/xs-power-655-ket-qua-power-655-ngay-16-12-2025.html,16/12/2025,106675498650,3870275450
1281,Thứ 7,13/12/2025,,"5,8,12,18,20,38",52,05 08 12 18 20 38 | ĐB 52,Power_6/55,https://www.minhchinh.com/xs-power-655-ket-qua-power-655-ngay-13-12-2025.html,13/12/2025,101125122150,3253566950
1280,Thứ 5,11/12/2025,,"9,13,21,45,48,55",38,09 13 21 45 48 55 | ĐB 38,Power_6/55,https://www.minhchinh.com/xs-power-655-ket-qua-power-655-ngay-11-12-2025.html,11/12/2025,98843019600,4619585500
1279,Thứ 3,09/12/2025,,"14,21,26,27,31,43",42,14 21 26 27 31 43 | ĐB 42,Power_6/55,https://www.minhchinh.com/xs-power-655-ket-qua-power-655-ngay-09-12-2025.html,09/12/2025,94702633950,4159542650
1278,Thứ 7,06/12/2025,,"12,26,34,37,50,52",15,12 26 34 37 50 52 | ĐB 15,Power_6/55,https://www.minhchinh.com/xs-power-655-ket-qua-power-655-ngay-06-12-2025.html,06/12/2025,91214740200,3771998900
1277,Thứ 5,04/12/2025,,"10,29,32,33,44,53",14,10 29 32 33 44 53 | ĐB 14,Power_6/55,https://www.minhchinh.com/xs-power-655-ket-qua-power-655-ngay-04-12-2025.html,04/12/2025,87887521200,3402307900
1276,Thứ 3,02/12/2025,,"16,20,24,36,51,54",10,16 20 24 36 51 54 | ĐB 10,Power_6/55,https://www.minhchinh.com/xs-power-655-ket-qua-power-655-ngay-02-12-2025.html,02/12/2025,84266750100,4695950200
1275,Thứ 7,29/11/2025,,"4,20,24,27,40,48",9,04 20 24 27 40 48 | ĐB 09,Power_6/55,https://www.minhchinh.com/xs-power-655-ket-qua-power-655-ngay-29-11-2025.html,29/11/2025,80418746100,4268394200
1274,Thứ 5,27/11/2025,,"4,5,10,11,28,35",38,04 05 10 11 28 35 | ĐB 38,Power_6/55,https://www.minhchinh.com/xs-power-655-ket-qua-power-655-ngay-27-11-2025.html,27/11/2025,76934411400,3881245900
1273,Thứ 3,25/11/2025,,"23,31,32,42,46,48",4,23 31 32 42 46 48 | ĐB 04,Power_6/55,https://www.minhchinh.com/xs-power-655-ket-qua-power-655-ngay-25-11-2025.html,25/11/2025,74915017950,3656868850
1272,Thứ 7,22/11/2025,,"8,10,19,29,34,46",14,08 10 19 29 34 46 | ĐB 14,Power_6/55,https://www.minhchinh.com/xs-power-655-ket-qua-power-655-ngay-22-11-2025.html,22/11/2025,71484993300,3275755000
1271,Thứ 5,20/11/2025,,"3,12,19,20,31,42",13,03 12 19 20 31 42 | ĐB 13,Power_6/55,https://www.minhchinh.com/xs-power-655-ket-qua-power-655-ngay-20-11-2025.html,20/11/2025,69003198300,3587633800
1270,Thứ 3,18/11/2025,,"7,12,18,22,30,49",5,07 12 18 22 30 49 | ĐB 05,Power_6/55,https://www.minhchinh.com/xs-power-655-ket-qua-power-655-ngay-18-11-2025.html,18/11/2025,66647263800,3325863300
1269,Thứ 7,15/11/2025,,"2,30,33,35,42,54",45,02 30 33 35 42 54 | ĐB 45,Power_6/55,https://www.minhchinh.com/xs-power-655-ket-qua-power-655-ngay-15-11-2025.html,15/11/2025,63714494100,3995551950
1268,Thứ 5,13/11/2025,,"1,15,30,38,40,43",13,01 15 30 38 40 43 | ĐB 13,Power_6/55,https://www.minhchinh.com/xs-power-655-ket-qua-power-655-ngay-13-11-2025.html,13/11/2025,60698802000,3660475050
1267,Thứ 3,11/11/2025,,"11,20,28,41,47,54",31,11 20 28 41 47 54 | ĐB 31,Power_6/55,https://www.minhchinh.com/xs-power-655-ket-qua-power-655-ngay-11-11-2025.html,11/11/2025,57859966200,3345048850
1266,Thứ 7,08/11/2025,,"14,16,19,22,27,44",18,14 16 19 22 27 44 | ĐB 18,Power_6/55,https://www.minhchinh.com/xs-power-655-ket-qua-power-655-ngay-08-11-2025.html,08/11/2025,54754526550,3725477650
1265,Thứ 5,06/11/2025,,"16,20,29,33,36,49",6,16 20 29 33 36 49 | ĐB 06,Power_6/55,https://www.minhchinh.com/xs-power-655-ket-qua-power-655-ngay-06-11-2025.html,06/11/2025,52441587750,3468484450
1264,Thứ 3,04/11/2025,,"15,27,29,31,36,43",38,15 27 29 31 36 43 | ĐB 38,Power_6/55,https://www.minhchinh.com/xs-power-655-ket-qua-power-655-ngay-04-11-2025.html,04/11/2025,50350993050,3236196150
1263,Thứ 7,01/11/2025,,"7,11,28,29,31,33",8,07 11 28 29 31 33 | ĐB 08,Power_6/55,https://www.minhchinh.com/xs-power-655-ket-qua-power-655-ngay-01-11-2025.html,01/11/2025,48225227700,3492904850
1262,Thứ 5,30/10/2025,,"20,23,35,41,47,55",37,20 23 35 41 47 55 | ĐB 37,Power_6/55,https://www.minhchinh.com/xs-power-655-ket-qua-power-655-ngay-30-10-2025.html,30/10/2025,46373178900,3287121650
1261,Thứ 3,28/10/2025,,"6,8,10,22,25,54",9,06 08 10 22 25 54 | ĐB 09,Power_6/55,https://www.minhchinh.com/xs-power-655-ket-qua-power-655-ngay-28-10-2025.html,28/10/2025,43789084050,3255619250
1260,Thứ 7,25/10/2025,,"3,5,11,13,24,27",45,03 05 11 13 24 27 | ĐB 45,Power_6/55,https://www.minhchinh.com/xs-power-655-ket-qua-power-655-ngay-25-10-2025.html,25/10/2025,41488510800,4095809200
1259,Thứ 5,23/10/2025,,"8,10,21,48,49,50",40,08 10 21 48 49 50 | ĐB 40,Power_6/55,https://www.minhchinh.com/xs-power-655-ket-qua-power-655-ngay-23-10-2025.html,23/10/2025,39936636300,3923378700
1258,Thứ 3,21/10/2025,,"3,11,12,14,22,40",41,03 11 12 14 22 40 | ĐB 41,Power_6/55,https://www.minhchinh.com/xs-power-655-ket-qua-power-655-ngay-21-10-2025.html,21/10/2025,37705495800,3675474200
1257,Thứ 7,18/10/2025,,"5,16,19,21,38,43",50,05 16 19 21 38 43 | ĐB 50,Power_6/55,https://www.minhchinh.com/xs-power-655-ket-qua-power-655-ngay-18-10-2025.html,18/10/2025,36097198950,3496774550
1256,Thứ 5,16/10/2025,,"14,15,24,26,27,45",36,14 15 24 26 27 45 | ĐB 36,Power_6/55,https://www.minhchinh.com/xs-power-655-ket-qua-power-655-ngay-16-10-2025.html,16/10/2025,34989782700,3373728300
1255,Thứ 3,14/10/2025,,"8,9,16,26,37,55",12,08 09 16 26 37 55 | ĐB 12,Power_6/55,https://www.minhchinh.com/xs-power-655-ket-qua-power-655-ngay-14-10-2025.html,14/10/2025,33287273850,3184560650
1254,Thứ 7,11/10/2025,,"3,7,26,43,44,46",25,03 07 26 43 44 46 | ĐB 25,Power_6/55,https://www.minhchinh.com/xs-power-655-ket-qua-power-655-ngay-11-10-2025.html,11/10/2025,31626228000,3564418400
1253,Thứ 5,09/10/2025,,"7,11,21,22,39,42",40,07 11 21 22 39 42 | ĐB 40,Power_6/55,https://www.minhchinh.com/xs-power-655-ket-qua-power-655-ngay-09-10-2025.html,09/10/2025,36773066100,3383726400
1252,Thứ 3,07/10/2025,,"19,22,35,37,43,45",29,19 22 35 37 43 45 | ĐB 29,Power_6/55,https://www.minhchinh.com/xs-power-655-ket-qua-power-655-ngay-07-10-2025.html,07/10/2025,35025141900,3189512600
1251,Thứ 7,04/10/2025,,"22,33,35,36,38,40",7,22 33 35 36 38 40 | ĐB 07,Power_6/55,https://www.minhchinh.com/xs-power-655-ket-qua-power-655-ngay-04-10-2025.html,04/10/2025,33319528500,3192409200
1250,Thứ 5,02/10/2025,,"1,2,20,24,27,42",43,01 02 20 24 27 42 | ĐB 43,Power_6/55,https://www.minhchinh.com/xs-power-655-ket-qua-power-655-ngay-02-10-2025.html,02/10/2025,31587845700,3176427300
1249,Thứ 3,30/09/2025,,"17,23,34,39,46,52",8,17 23 34 39 46 52 | ĐB 08,Power_6/55,https://www.minhchinh.com/xs-power-655-ket-qua-power-655-ngay-30-09-2025.html,30/09/2025,179058846000,7500802050
1248,Thứ 7,27/09/2025,,"8,13,19,24,39,46",1,08 13 19 24 39 46 | ĐB 01,Power_6/55,https://www.minhchinh.com/xs-power-655-ket-qua-power-655-ngay-27-09-2025.html,27/09/2025,170181303150,6514408400
1247,Thứ 5,25/09/2025,,"5,17,30,31,38,53",8,05 17 30 31 38 53 | ĐB 08,Power_6/55,https://www.minhchinh.com/xs-power-655-ket-qua-power-655-ngay-25-09-2025.html,25/09/2025,162106874400,5617249650
1246,Thứ 3,23/09/2025,,"8,18,19,34,41,46",38,08 18 19 34 41 46 | ĐB 38,Power_6/55,https://www.minhchinh.com/xs-power-655-ket-qua-power-655-ngay-23-09-2025.html,23/09/2025,152898886650,4594139900
1245,Thứ 7,20/09/2025,,"8,13,14,19,36,43",30,08 13 14 19 36 43 | ĐB 30,Power_6/55,https://www.minhchinh.com/xs-power-655-ket-qua-power-655-ngay-20-09-2025.html,20/09/2025,143697475200,3571760850
1244,Thứ 5,18/09/2025,,"2,3,8,27,38,55",20,02 03 08 27 38 55 | ĐB 20,Power_6/55,https://www.minhchinh.com/xs-power-655-ket-qua-power-655-ngay-18-09-2025.html,18/09/2025,138551627550,3626295150
1243,Thứ 3,16/09/2025,,"17,19,28,39,43,53",33,17 19 28 39 43 53 | ĐB 33,Power_6/55,https://www.minhchinh.com/xs-power-655-ket-qua-power-655-ngay-16-09-2025.html,16/09/2025,132914971200,6162341000
1242,Thứ 7,13/09/2025,,"2,7,15,18,24,27",45,02 07 15 18 24 27 | ĐB 45,Power_6/55,https://www.minhchinh.com/xs-power-655-ket-qua-power-655-ngay-13-09-2025.html,13/09/2025,124998778200,5282764000
1241,Thứ 5,11/09/2025,,"6,16,46,49,51,55",42,06 16 46 49 51 55 | ĐB 42,Power_6/55,https://www.minhchinh.com/xs-power-655-ket-qua-power-655-ngay-11-09-2025.html,11/09/2025,118117411500,4518167700
1240,Thứ 3,09/09/2025,,"16,20,21,31,40,52",2,16 20 21 31 40 52 | ĐB 02,Power_6/55,https://www.minhchinh.com/xs-power-655-ket-qua-power-655-ngay-09-09-2025.html,09/09/2025,110073962550,3624451150
1239,Thứ 7,06/09/2025,,"9,11,19,22,34,43",31,09 11 19 22 34 43 | ĐB 31,Power_6/55,https://www.minhchinh.com/xs-power-655-ket-qua-power-655-ngay-06-09-2025.html,06/09/2025,104453902200,4874937450
1238,Thứ 5,04/09/2025,,"9,19,23,42,49,53",40,09 19 23 42 49 53 | ĐB 40,Power_6/55,https://www.minhchinh.com/xs-power-655-ket-qua-power-655-ngay-04-09-2025.html,04/09/2025,97840187850,4140080300
1237,Thứ 3,02/09/2025,,"9,16,22,25,30,51",43,09 16 22 25 30 51 | ĐB 43,Power_6/55,https://www.minhchinh.com/xs-power-655-ket-qua-power-655-ngay-02-09-2025.html,02/09/2025,91324162650,3416077500
1236,Thứ 7,30/08/2025,,"2,17,19,24,30,44",34,02 17 19 24 30 44 | ĐB 34,Power_6/55,https://www.minhchinh.com/xs-power-655-ket-qua-power-655-ngay-30-08-2025.html,30/08/2025,87579465150,4616598500
1235,Thứ 5,28/08/2025,,"6,13,28,30,35,52",50,06 13 28 30 35 52 | ĐB 50,Power_6/55,https://www.minhchinh.com/xs-power-655-ket-qua-power-655-ngay-28-08-2025.html,28/08/2025,82146504900,4012936250
1234,Thứ 3,26/08/2025,,"22,30,38,44,48,55",5,22 30 38 44 48 55 | ĐB 05,Power_6/55,https://www.minhchinh.com/xs-power-655-ket-qua-power-655-ngay-26-08-2025.html,26/08/2025,79666261500,3737353650
1233,Thứ 7,23/08/2025,,"1,9,26,34,44,50",52,01 09 26 34 44 50 | ĐB 52,Power_6/55,https://www.minhchinh.com/xs-power-655-ket-qua-power-655-ngay-23-08-2025.html,23/08/2025,76136581650,3345167000
1232,Thứ 5,21/08/2025,,"5,9,17,35,40,41",44,05 09 17 35 40 41 | ĐB 44,Power_6/55,https://www.minhchinh.com/xs-power-655-ket-qua-power-655-ngay-21-08-2025.html,21/08/2025,73030078650,3254058500
1231,Thứ 3,19/08/2025,,"1,14,31,34,36,47",45,01 14 31 34 36 47 | ĐB 45,Power_6/55,https://www.minhchinh.com/xs-power-655-ket-qua-power-655-ngay-19-08-2025.html,19/08/2025,70743552150,3386081250
1230,Thứ 7,16/08/2025,,"14,23,32,36,47,48",5,14 23 32 36 47 48 | ĐB 05,Power_6/55,https://www.minhchinh.com/xs-power-655-ket-qua-power-655-ngay-16-08-2025.html,16/08/2025,67268820900,3560535452
1229,Thứ 5,14/08/2025,,"6,10,17,18,32,35",53,06 10 17 18 32 35 | ĐB 53,Power_6/55,https://www.minhchinh.com/xs-power-655-ket-qua-power-655-ngay-14-08-2025.html,14/08/2025,64599673800,3263963550
1228,Thứ 3,12/08/2025,,"1,6,24,37,40,55",10,01 06 24 37 40 55 | ĐB 10,Power_6/55,https://www.minhchinh.com/xs-power-655-ket-qua-power-655-ngay-12-08-2025.html,12/08/2025,62224001850,3934551350
1227,Thứ 7,09/08/2025,,"5,9,16,36,43,51",19,05 09 16 36 43 51 | ĐB 19,Power_6/55,https://www.minhchinh.com/xs-power-655-ket-qua-power-655-ngay-09-08-2025.html,09/08/2025,58984238100,3574577600
1226,Thứ 5,07/08/2025,,"6,24,31,32,39,48",52,06 24 31 32 39 48 | ĐB 52,Power_6/55,https://www.minhchinh.com/xs-power-655-ket-qua-power-655-ngay-07-08-2025.html,07/08/2025,56313287400,3277805300
1225,Thứ 3,05/08/2025,,"8,41,45,51,52,53",31,08 41 45 51 52 53 | ĐB 31,Power_6/55,https://www.minhchinh.com/xs-power-655-ket-qua-power-655-ngay-05-08-2025.html,05/08/2025,53813039700,3320389450
1224,Thứ 7,02/08/2025,,"12,24,29,33,34,35",47,12 24 29 33 34 35 | ĐB 47,Power_6/55,https://www.minhchinh.com/xs-power-655-ket-qua-power-655-ngay-02-08-2025.html,02/08/2025,50929534650,4137610150
1223,Thứ 5,31/07/2025,,"5,17,31,42,46,49",37,05 17 31 42 46 49 | ĐB 37,Power_6/55,https://www.minhchinh.com/xs-power-655-ket-qua-power-655-ngay-31-07-2025.html,31/07/2025,48494261550,3867024250
1222,Thứ 3,29/07/2025,,"4,8,23,43,45,51",48,04 08 23 43 45 51 | ĐB 48,Power_6/55,https://www.minhchinh.com/xs-power-655-ket-qua-power-655-ngay-29-07-2025.html,29/07/2025,46027096050,3592894750
1221,Thứ 7,26/07/2025,,"5,26,28,29,33,54",34,05 26 28 29 33 54 | ĐB 34,Power_6/55,https://www.minhchinh.com/xs-power-655-ket-qua-power-655-ngay-26-07-2025.html,26/07/2025,43206543300,3279500000
1220,Thứ 5,24/07/2025,,"5,10,24,29,30,34",45,05 10 24 29 30 34 | ĐB 45,Power_6/55,https://www.minhchinh.com/xs-power-655-ket-qua-power-655-ngay-24-07-2025.html,24/07/2025,40691043300,4187893700
1219,Thứ 3,22/07/2025,,"9,10,15,28,33,44",22,09 10 15 28 33 44 | ĐB 22,Power_6/55,https://www.minhchinh.com/xs-power-655-ket-qua-power-655-ngay-22-07-2025.html,22/07/2025,38667639450,3963071050
1218,Thứ 7,19/07/2025,,"8,9,20,36,39,44",28,08 09 20 36 39 44 | ĐB 28,Power_6/55,https://www.minhchinh.com/xs-power-655-ket-qua-power-655-ngay-19-07-2025.html,19/07/2025,36575526450,3730614050
1217,Thứ 5,17/07/2025,,"13,18,33,40,48,53",54,13 18 33 40 48 53 | ĐB 54,Power_6/55,https://www.minhchinh.com/xs-power-655-ket-qua-power-655-ngay-17-07-2025.html,17/07/2025,34913854650,3545983850
1216,Thứ 3,15/07/2025,,"18,26,31,32,36,48",30,18 26 31 32 36 48 | ĐB 30,Power_6/55,https://www.minhchinh.com/xs-power-655-ket-qua-power-655-ngay-15-07-2025.html,15/07/2025,32585071800,3287230200
1215,Thứ 7,12/07/2025,,"2,34,39,41,45,52",51,02 34 39 41 45 52 | ĐB 51,Power_6/55,https://www.minhchinh.com/xs-power-655-ket-qua-power-655-ngay-12-07-2025.html,12/07/2025,344987346900,7998594100
1214,Thứ 5,10/07/2025,,"12,33,34,42,44,53",3,12 33 34 42 44 53 | ĐB 03,Power_6/55,https://www.minhchinh.com/xs-power-655-ket-qua-power-655-ngay-10-07-2025.html,10/07/2025,328889332200,6209925800
1213,Thứ 3,08/07/2025,,"23,24,32,42,48,50",31,23 24 32 42 48 50 | ĐB 31,Power_6/55,https://www.minhchinh.com/xs-power-655-ket-qua-power-655-ngay-08-07-2025.html,08/07/2025,313594940100,4510548900
1212,Thứ 7,05/07/2025,,"3,15,22,45,51,55",54,03 15 22 45 51 55 | ĐB 54,Power_6/55,https://www.minhchinh.com/xs-power-655-ket-qua-power-655-ngay-05-07-2025.html,05/07/2025,300000000000,32691122500
1211,Thứ 5,03/07/2025,,"18,19,29,31,45,54",27,18 19 29 31 45 54 | ĐB 27,Power_6/55,https://www.minhchinh.com/xs-power-655-ket-qua-power-655-ngay-03-07-2025.html,03/07/2025,311454641100,4272737900
1210,Thứ 3,01/07/2025,,"3,11,12,14,27,33",15,03 11 12 14 27 33 | ĐB 15,Power_6/55,https://www.minhchinh.com/xs-power-655-ket-qua-power-655-ngay-01-07-2025.html,01/07/2025,300000000000,16003987500
1209,Thứ 7,28/06/2025,,"8,11,13,20,45,50",25,08 11 13 20 45 50 | ĐB 25,Power_6/55,https://www.minhchinh.com/xs-power-655-ket-qua-power-655-ngay-28-06-2025.html,28/06/2025,300000000000,12230538750
1208,Thứ 5,26/06/2025,,"1,14,16,27,40,51",2,01 14 16 27 40 51 | ĐB 02,Power_6/55,https://www.minhchinh.com/xs-power-655-ket-qua-power-655-ngay-26-06-2025.html,26/06/2025,289868136600,7126146650
1207,Thứ 3,24/06/2025,,"3,9,18,20,30,53",48,03 09 18 20 30 53 | ĐB 48,Power_6/55,https://www.minhchinh.com/xs-power-655-ket-qua-power-655-ngay-24-06-2025.html,24/06/2025,276667996350,5659464400
1206,Thứ 7,21/06/2025,,"6,10,15,43,44,53",32,06 10 15 43 44 53 | ĐB 32,Power_6/55,https://www.minhchinh.com/xs-power-655-ket-qua-power-655-ngay-21-06-2025.html,21/06/2025,262386486300,4072629950
1205,Thứ 5,19/06/2025,,"3,5,9,10,16,47",34,03 05 09 10 16 47 | ĐB 34,Power_6/55,https://www.minhchinh.com/xs-power-655-ket-qua-power-655-ngay-19-06-2025.html,19/06/2025,252732816750,4055431900
1204,Thứ 3,17/06/2025,,"7,13,18,22,32,44",43,07 13 18 22 32 44 | ĐB 43,Power_6/55,https://www.minhchinh.com/xs-power-655-ket-qua-power-655-ngay-17-06-2025.html,17/06/2025,243233929650,4049570550
1203,Thứ 7,14/06/2025,,"11,12,22,26,41,47",24,11 12 22 26 41 47 | ĐB 24,Power_6/55,https://www.minhchinh.com/xs-power-655-ket-qua-power-655-ngay-14-06-2025.html,14/06/2025,233787794700,4016933450
1202,Thứ 5,12/06/2025,,"6,8,16,18,34,44",17,06 08 16 18 34 44 | ĐB 17,Power_6/55,https://www.minhchinh.com/xs-power-655-ket-qua-power-655-ngay-12-06-2025.html,12/06/2025,224635393650,3939031900
1201,Thứ 3,10/06/2025,,"3,6,21,29,40,41",37,03 06 21 29 40 41 | ĐB 37,Power_6/55,https://www.minhchinh.com/xs-power-655-ket-qua-power-655-ngay-10-06-2025.html,10/06/2025,216184106550,9971368850
1200,Thứ 7,07/06/2025,,"12,17,21,46,48,52",45,12 17 21 46 48 52 | ĐB 45,Power_6/55,https://www.minhchinh.com/xs-power-655-ket-qua-power-655-ngay-07-06-2025.html,07/06/2025,202986697350,8504990050
1199,Thứ 5,05/06/2025,,"14,21,33,37,46,49",34,14 21 33 37 46 49 | ĐB 34,Power_6/55,https://www.minhchinh.com/xs-power-655-ket-qua-power-655-ngay-05-06-2025.html,05/06/2025,191760348000,7257617900
1198,Thứ 3,03/06/2025,,"2,11,14,16,27,38",51,02 11 14 16 27 38 | ĐB 51,Power_6/55,https://www.minhchinh.com/xs-power-655-ket-qua-power-655-ngay-03-06-2025.html,03/06/2025,180795936450,6039349950
1197,Thứ 7,31/05/2025,,"6,24,41,45,49,55",8,06 24 41 45 49 55 | ĐB 08,Power_6/55,https://www.minhchinh.com/xs-power-655-ket-qua-power-655-ngay-31-05-2025.html,31/05/2025,170827938300,4931794600
1196,Thứ 5,29/05/2025,,"9,37,42,45,46,50",14,09 37 42 45 46 50 | ĐB 14,Power_6/55,https://www.minhchinh.com/xs-power-655-ket-qua-power-655-ngay-29-05-2025.html,29/05/2025,160738006800,3810691100
1195,Thứ 3,27/05/2025,,"4,12,18,19,44,48",42,04 12 18 19 44 48 | ĐB 42,Power_6/55,https://www.minhchinh.com/xs-power-655-ket-qua-power-655-ngay-27-05-2025.html,27/05/2025,153441786900,3736426100
1194,Thứ 7,24/05/2025,,"19,20,27,30,45,55",15,19 20 27 30 45 55 | ĐB 15,Power_6/55,https://www.minhchinh.com/xs-power-655-ket-qua-power-655-ngay-24-05-2025.html,24/05/2025,146813952000,3699351550
1193,Thứ 5,22/05/2025,,"3,9,14,41,47,55",22,03 09 14 41 47 55 | ĐB 22,Power_6/55,https://www.minhchinh.com/xs-power-655-ket-qua-power-655-ngay-22-05-2025.html,22/05/2025,140519788050,3723677200
1192,Thứ 3,20/05/2025,,"19,27,44,45,47,52",15,19 27 44 45 47 52 | ĐB 15,Power_6/55,https://www.minhchinh.com/xs-power-655-ket-qua-power-655-ngay-20-05-2025.html,20/05/2025,134006693250,7959147050
1191,Thứ 7,17/05/2025,,"2,7,26,29,41,50",43,02 07 26 29 41 50 | ĐB 43,Power_6/55,https://www.minhchinh.com/xs-power-655-ket-qua-power-655-ngay-17-05-2025.html,17/05/2025,124379568750,6889466550
1190,Thứ 5,15/05/2025,,"6,9,13,44,49,54",47,06 09 13 44 49 54 | ĐB 47,Power_6/55,https://www.minhchinh.com/xs-power-655-ket-qua-power-655-ngay-15-05-2025.html,15/05/2025,115812032250,5937518050
1189,Thứ 3,13/05/2025,,"3,7,24,39,54,55",42,03 07 24 39 54 55 | ĐB 42,Power_6/55,https://www.minhchinh.com/xs-power-655-ket-qua-power-655-ngay-13-05-2025.html,13/05/2025,108136393500,5084669300
1188,Thứ 7,10/05/2025,,"7,16,19,28,34,51",15,07 16 19 28 34 51 | ĐB 15,Power_6/55,https://www.minhchinh.com/xs-power-655-ket-qua-power-655-ngay-10-05-2025.html,10/05/2025,99353641350,4108807950
1187,Thứ 5,08/05/2025,,"8,14,29,37,39,50",21,08 14 29 37 39 50 | ĐB 21,Power_6/55,https://www.minhchinh.com/xs-power-655-ket-qua-power-655-ngay-08-05-2025.html,08/05/2025,92683982550,3367734750
1186,Thứ 3,06/05/2025,,"12,16,25,28,30,39",5,12 16 25 28 30 39 | ĐB 05,Power_6/55,https://www.minhchinh.com/xs-power-655-ket-qua-power-655-ngay-06-05-2025.html,06/05/2025,89374369800,5363621800
1185,Thứ 7,03/05/2025,,"15,19,21,26,42,47",38,15 19 21 26 42 47 | ĐB 38,Power_6/55,https://www.minhchinh.com/xs-power-655-ket-qua-power-655-ngay-03-05-2025.html,03/05/2025,82629952950,4614242150
1184,Thứ 5,01/05/2025,,"3,17,19,41,45,50",43,03 17 19 41 45 50 | ĐB 43,Power_6/55,https://www.minhchinh.com/xs-power-655-ket-qua-power-655-ngay-01-05-2025.html,01/05/2025,76782911700,3964570900
1183,Thứ 3,29/04/2025,,"14,15,18,23,28,33",29,14 15 18 23 28 33 | ĐB 29,Power_6/55,https://www.minhchinh.com/xs-power-655-ket-qua-power-655-ngay-29-04-2025.html,29/04/2025,71571443250,3385518850
1182,Thứ 7,26/04/2025,,"3,15,16,31,48,52",21,03 15 16 31 48 52 | ĐB 21,Power_6/55,https://www.minhchinh.com/xs-power-655-ket-qua-power-655-ngay-26-04-2025.html,26/04/2025,68101773600,6694169350
1181,Thứ 5,24/04/2025,,"1,2,15,39,40,47",24,01 02 15 39 40 47 | ĐB 24,Power_6/55,https://www.minhchinh.com/xs-power-655-ket-qua-power-655-ngay-24-04-2025.html,24/04/2025,62979397950,6125016500
1180,Thứ 3,22/04/2025,,"10,25,37,40,41,48",32,10 25 37 40 41 48 | ĐB 32,Power_6/55,https://www.minhchinh.com/xs-power-655-ket-qua-power-655-ngay-22-04-2025.html,22/04/2025,59711369250,5761902200
1179,Thứ 7,19/04/2025,,"5,11,15,32,42,49",43,05 11 15 32 42 49 | ĐB 43,Power_6/55,https://www.minhchinh.com/xs-power-655-ket-qua-power-655-ngay-19-04-2025.html,19/04/2025,56252064000,5377534950
1178,Thứ 5,17/04/2025,,"1,17,20,38,41,52",14,01 17 20 38 41 52 | ĐB 14,Power_6/55,https://www.minhchinh.com/xs-power-655-ket-qua-power-655-ngay-17-04-2025.html,17/04/2025,53378153850,5058211600
1177,Thứ 3,15/04/2025,,"8,23,24,27,42,49",20,08 23 24 27 42 49 | ĐB 20,Power_6/55,https://www.minhchinh.com/xs-power-655-ket-qua-power-655-ngay-15-04-2025.html,15/04/2025,50285338500,4714565450
1176,Thứ 7,12/04/2025,,"3,14,19,37,42,55",23,03 14 19 37 42 55 | ĐB 23,Power_6/55,https://www.minhchinh.com/xs-power-655-ket-qua-power-655-ngay-12-04-2025.html,12/04/2025,47047684800,4354826150
1175,Thứ 5,10/04/2025,,"10,13,36,37,40,43",41,10 13 36 37 40 43 | ĐB 41,Power_6/55,https://www.minhchinh.com/xs-power-655-ket-qua-power-655-ngay-10-04-2025.html,10/04/2025,44401898100,4060849850
1174,Thứ 3,08/04/2025,,"3,7,34,41,43,53",31,03 07 34 41 43 53 | ĐB 31,Power_6/55,https://www.minhchinh.com/xs-power-655-ket-qua-power-655-ngay-08-04-2025.html,08/04/2025,41867135850,3779209600
1173,Thứ 7,05/04/2025,,"13,23,29,32,41,42",9,13 23 29 32 41 42 | ĐB 09,Power_6/55,https://www.minhchinh.com/xs-power-655-ket-qua-power-655-ngay-05-04-2025.html,05/04/2025,39367446600,3501466350
1172,Thứ 5,03/04/2025,,"24,26,34,42,50,51",30,24 26 34 42 50 51 | ĐB 30,Power_6/55,https://www.minhchinh.com/xs-power-655-ket-qua-power-655-ngay-03-04-2025.html,03/04/2025,37221951000,3263077950
1171,Thứ 3,01/04/2025,,"14,15,29,33,39,47",4,14 15 29 33 39 47 | ĐB 04,Power_6/55,https://www.minhchinh.com/xs-power-655-ket-qua-power-655-ngay-01-04-2025.html,01/04/2025,34854249450,12264960500
1170,Thứ 7,29/03/2025,,"14,19,21,24,26,48",39,14 19 21 24 26 48 | ĐB 39,Power_6/55,https://www.minhchinh.com/xs-power-655-ket-qua-power-655-ngay-29-03-2025.html,29/03/2025,32223916650,11972701300
1169,Thứ 5,27/03/2025,,"13,25,32,36,41,53",29,13 25 32 36 41 53 | ĐB 29,Power_6/55,https://www.minhchinh.com/xs-power-655-ket-qua-power-655-ngay-27-03-2025.html,27/03/2025,186303633150,11725599450
1168,Thứ 3,25/03/2025,,"14,23,29,30,35,40",17,14 23 29 30 35 40 | ĐB 17,Power_6/55,https://www.minhchinh.com/xs-power-655-ket-qua-power-655-ngay-25-03-2025.html,25/03/2025,175595022300,10535753800
1167,Thứ 7,22/03/2025,,"2,23,42,50,52,54",44,02 23 42 50 52 54 | ĐB 44,Power_6/55,https://www.minhchinh.com/xs-power-655-ket-qua-power-655-ngay-22-03-2025.html,22/03/2025,164088133950,9257210650
1166,Thứ 5,20/03/2025,,"11,13,24,28,36,41",37,11 13 24 28 36 41 | ĐB 37,Power_6/55,https://www.minhchinh.com/xs-power-655-ket-qua-power-655-ngay-20-03-2025.html,20/03/2025,153077300400,8033784700
1165,Thứ 3,18/03/2025,,"2,8,29,30,50,55",27,02 08 29 30 50 55 | ĐB 27,Power_6/55,https://www.minhchinh.com/xs-power-655-ket-qua-power-655-ngay-18-03-2025.html,18/03/2025,143802230700,7003221400
1164,Thứ 7,15/03/2025,,"1,34,39,40,42,50",25,01 34 39 40 42 50 | ĐB 25,Power_6/55,https://www.minhchinh.com/xs-power-655-ket-qua-power-655-ngay-15-03-2025.html,15/03/2025,133643776800,5874504300
1163,Thứ 5,13/03/2025,,"7,13,21,43,52,53",17,07 13 21 43 52 53 | ĐB 17,Power_6/55,https://www.minhchinh.com/xs-power-655-ket-qua-power-655-ngay-13-03-2025.html,13/03/2025,123635113500,4762430600
1162,Thứ 3,11/03/2025,,"1,16,18,30,31,44",34,01 16 18 30 31 44 | ĐB 34,Power_6/55,https://www.minhchinh.com/xs-power-655-ket-qua-power-655-ngay-11-03-2025.html,11/03/2025,115151239200,3819777900
1161,Thứ 7,08/03/2025,,"10,38,41,43,45,48",8,10 38 41 43 45 48 | ĐB 08,Power_6/55,https://www.minhchinh.com/xs-power-655-ket-qua-power-655-ngay-08-03-2025.html,08/03/2025,107773238100,3676491050
1160,Thứ 5,06/03/2025,,"5,10,21,26,43,51",15,05 10 21 26 43 51 | ĐB 15,Power_6/55,https://www.minhchinh.com/xs-power-655-ket-qua-power-655-ngay-06-03-2025.html,06/03/2025,101684818650,3571245300
1159,Thứ 3,04/03/2025,,"5,14,27,43,45,53",47,05 14 27 43 45 53 | ĐB 47,Power_6/55,https://www.minhchinh.com/xs-power-655-ket-qua-power-655-ngay-04-03-2025.html,04/03/2025,96543610950,3612034450
1158,Thứ 7,01/03/2025,,"15,17,34,37,39,45",41,15 17 34 37 39 45 | ĐB 41,Power_6/55,https://www.minhchinh.com/xs-power-655-ket-qua-power-655-ngay-01-03-2025.html,01/03/2025,91035300900,4233402450
1157,Thứ 5,27/02/2025,,"5,9,21,31,43,53",11,05 09 21 31 43 53 | ĐB 11,Power_6/55,https://www.minhchinh.com/xs-power-655-ket-qua-power-655-ngay-27-02-2025.html,27/02/2025,84093740850,3462118000
1156,Thứ 3,25/02/2025,,"1,7,11,24,29,30",48,01 07 11 24 29 30 | ĐB 48,Power_6/55,https://www.minhchinh.com/xs-power-655-ket-qua-power-655-ngay-25-02-2025.html,25/02/2025,79934678850,4061657400
1155,Thứ 7,22/02/2025,,"1,2,7,22,23,46",50,01 02 07 22 23 46 | ĐB 50,Power_6/55,https://www.minhchinh.com/xs-power-655-ket-qua-power-655-ngay-22-02-2025.html,22/02/2025,77102412150,3746961100
1154,Thứ 5,20/02/2025,,"13,17,20,27,36,54",47,13 17 20 27 36 54 | ĐB 47,Power_6/55,https://www.minhchinh.com/xs-power-655-ket-qua-power-655-ngay-20-02-2025.html,20/02/2025,74036618400,3406317350
1153,Thứ 3,18/02/2025,,"12,13,30,38,40,47",42,12 13 30 38 40 47 | ĐB 42,Power_6/55,https://www.minhchinh.com/xs-power-655-ket-qua-power-655-ngay-18-02-2025.html,18/02/2025,70379762250,8683209000
1152,Thứ 7,15/02/2025,,"22,37,38,47,51,55",31,22 37 38 47 51 55 | ĐB 31,Power_6/55,https://www.minhchinh.com/xs-power-655-ket-qua-power-655-ngay-15-02-2025.html,15/02/2025,66365326200,8237160550
1151,Thứ 5,13/02/2025,,"2,8,23,26,42,47",7,02 08 23 26 42 47 | ĐB 07,Power_6/55,https://www.minhchinh.com/xs-power-655-ket-qua-power-655-ngay-13-02-2025.html,13/02/2025,62674223700,7827038050
1150,Thứ 3,11/02/2025,,"1,9,18,21,35,40",44,01 09 18 21 35 40 | ĐB 44,Power_6/55,https://www.minhchinh.com/xs-power-655-ket-qua-power-655-ngay-11-02-2025.html,11/02/2025,59319380550,7454277700
1149,Thứ 7,08/02/2025,,"11,22,28,44,48,49",23,11 22 28 44 48 49 | ĐB 23,Power_6/55,https://www.minhchinh.com/xs-power-655-ket-qua-power-655-ngay-08-02-2025.html,08/02/2025,55644928050,7046005200
1148,Thứ 5,06/02/2025,,"1,11,31,43,48,54",19,01 11 31 43 48 54 | ĐB 19,Power_6/55,https://www.minhchinh.com/xs-power-655-ket-qua-power-655-ngay-06-02-2025.html,06/02/2025,52747586850,6724078400
1147,Thứ 3,04/02/2025,,"7,17,29,51,52,55",41,07 17 29 51 52 55 | ĐB 41,Power_6/55,https://www.minhchinh.com/xs-power-655-ket-qua-power-655-ngay-04-02-2025.html,04/02/2025,49732972050,6389121200
1146,Thứ 7,01/02/2025,,"1,20,34,38,45,47",49,01 20 34 38 45 47 | ĐB 49,Power_6/55,https://www.minhchinh.com/xs-power-655-ket-qua-power-655-ngay-01-02-2025.html,01/02/2025,46018127550,5976360700
1145,Thứ 5,30/01/2025,,"5,8,24,28,34,52",39,05 08 24 28 34 52 | ĐB 39,Power_6/55,https://www.minhchinh.com/xs-power-655-ket-qua-power-655-ngay-30-01-2025.html,30/01/2025,43645177200,5712699550
1144,Thứ 7,25/01/2025,,"14,21,40,42,48,51",19,14 21 40 42 48 51 | ĐB 19,Power_6/55,https://www.minhchinh.com/xs-power-655-ket-qua-power-655-ngay-25-01-2025.html,25/01/2025,40900773450,5407765800
1143,Thứ 5,23/01/2025,,"11,18,22,49,50,51",37,11 18 22 49 50 51 | ĐB 37,Power_6/55,https://www.minhchinh.com/xs-power-655-ket-qua-power-655-ngay-23-01-2025.html,23/01/2025,38546257350,5146152900
1142,Thứ 3,21/01/2025,,"11,18,22,28,51,52",53,11 18 22 28 51 52 | ĐB 53,Power_6/55,https://www.minhchinh.com/xs-power-655-ket-qua-power-655-ngay-21-01-2025.html,21/01/2025,36193391850,4884723400
1141,Thứ 7,18/01/2025,,"1,3,26,31,37,41",51,01 03 26 31 37 41 | ĐB 51,Power_6/55,https://www.minhchinh.com/xs-power-655-ket-qua-power-655-ngay-18-01-2025.html,18/01/2025,33815698950,4620535300
1140,Thứ 5,16/01/2025,,"8,16,34,37,47,50",23,08 16 34 37 47 50 | ĐB 23,Power_6/55,https://www.minhchinh.com/xs-power-655-ket-qua-power-655-ngay-16-01-2025.html,16/01/2025,31876928850,4405116400
1139,Thứ 3,14/01/2025,,"3,11,12,24,33,40",46,03 11 12 24 33 40 | ĐB 46,Power_6/55,https://www.minhchinh.com/xs-power-655-ket-qua-power-655-ngay-14-01-2025.html,14/01/2025,48562514850,4196568750
1138,Thứ 7,11/01/2025,,"10,25,26,29,37,46",14,10 25 26 29 37 46 | ĐB 14,Power_6/55,https://www.minhchinh.com/xs-power-655-ket-qua-power-655-ngay-11-01-2025.html,11/01/2025,46209201600,3935089500
1137,Thứ 5,09/01/2025,,"18,21,31,39,50,53",13,18 21 31 39 50 53 | ĐB 13,Power_6/55,https://www.minhchinh.com/xs-power-655-ket-qua-power-655-ngay-09-01-2025.html,09/01/2025,44261572800,3718686300
1136,Thứ 3,07/01/2025,,"4,5,9,16,22,39",30,04 05 09 16 22 39 | ĐB 30,Power_6/55,https://www.minhchinh.com/xs-power-655-ket-qua-power-655-ngay-07-01-2025.html,07/01/2025,41746660050,3439251550
1135,Thứ 7,04/01/2025,,"4,10,30,36,40,53",51,04 10 30 36 40 53 | ĐB 51,Power_6/55,https://www.minhchinh.com/xs-power-655-ket-qua-power-655-ngay-04-01-2025.html,04/01/2025,39902397600,3234333500
1134,Thứ 5,02/01/2025,,"4,10,18,22,41,45",50,04 10 18 22 41 45 | ĐB 50,Power_6/55,https://www.minhchinh.com/xs-power-655-ket-qua-power-655-ngay-02-01-2025.html,02/01/2025,37793396100,3671111350
1133,Thứ 3,31/12/2024,,"8,13,29,36,42,43",28,08 13 29 36 42 43 | ĐB 28,Power_6/55,https://www.minhchinh.com/xs-power-655-ket-qua-power-655-ngay-31-12-2024.html,31/12/2024,36109769250,3484041700
1132,Thứ 7,28/12/2024,,"6,19,36,42,53,55",39,06 19 36 42 53 55 | ĐB 39,Power_6/55,https://www.minhchinh.com/xs-power-655-ket-qua-power-655-ngay-28-12-2024.html,28/12/2024,33763433250,3223337700
1131,Thứ 5,26/12/2024,,"6,18,33,38,41,48",16,06 18 33 38 41 48 | ĐB 16,Power_6/55,https://www.minhchinh.com/xs-power-655-ket-qua-power-655-ngay-26-12-2024.html,26/12/2024,31753393950,4010491400
1130,Thứ 3,24/12/2024,,"17,20,27,32,44,51",33,17 20 27 32 44 51 | ĐB 33,Power_6/55,https://www.minhchinh.com/xs-power-655-ket-qua-power-655-ngay-24-12-2024.html,24/12/2024,135414821550,3815669850
1129,Thứ 7,21/12/2024,,"4,16,29,30,35,51",48,04 16 29 30 35 51 | ĐB 48,Power_6/55,https://www.minhchinh.com/xs-power-655-ket-qua-power-655-ngay-21-12-2024.html,21/12/2024,128073792900,3676815650
1128,Thứ 5,19/12/2024,,"13,16,32,39,49,51",11,13 16 32 39 49 51 | ĐB 11,Power_6/55,https://www.minhchinh.com/xs-power-655-ket-qua-power-655-ngay-19-12-2024.html,19/12/2024,121982452050,4531446900
1127,Thứ 3,17/12/2024,,"2,14,27,30,53,54",16,02 14 27 30 53 54 | ĐB 16,Power_6/55,https://www.minhchinh.com/xs-power-655-ket-qua-power-655-ngay-17-12-2024.html,17/12/2024,114127792950,3658707000
1126,Thứ 7,14/12/2024,,"3,10,19,20,21,24",7,03 10 19 20 21 24 | ĐB 07,Power_6/55,https://www.minhchinh.com/xs-power-655-ket-qua-power-655-ngay-14-12-2024.html,14/12/2024,108199429950,3456906000
1125,Thứ 5,12/12/2024,,"1,9,12,18,37,44",11,01 09 12 18 37 44 | ĐB 11,Power_6/55,https://www.minhchinh.com/xs-power-655-ket-qua-power-655-ngay-12-12-2024.html,12/12/2024,104087275950,7553091300
1124,Thứ 3,10/12/2024,,"11,15,26,45,52,55",36,11 15 26 45 52 55 | ĐB 36,Power_6/55,https://www.minhchinh.com/xs-power-655-ket-qua-power-655-ngay-10-12-2024.html,10/12/2024,96561728400,6716919350
1123,Thứ 7,07/12/2024,,"16,17,22,24,29,37",54,16 17 22 24 29 37 | ĐB 54,Power_6/55,https://www.minhchinh.com/xs-power-655-ket-qua-power-655-ngay-07-12-2024.html,07/12/2024,89056708500,5883028250
1122,Thứ 5,05/12/2024,,"16,21,29,41,42,47",9,16 21 29 41 42 47 | ĐB 09,Power_6/55,https://www.minhchinh.com/xs-power-655-ket-qua-power-655-ngay-05-12-2024.html,05/12/2024,82155882450,5116269800
1121,Thứ 3,03/12/2024,,"10,19,33,39,47,54",16,10 19 33 39 47 54 | ĐB 16,Power_6/55,https://www.minhchinh.com/xs-power-655-ket-qua-power-655-ngay-03-12-2024.html,03/12/2024,75376744950,4363032300
1120,Thứ 7,30/11/2024,,"1,20,24,26,38,41",36,01 20 24 26 38 41 | ĐB 36,Power_6/55,https://www.minhchinh.com/xs-power-655-ket-qua-power-655-ngay-30-11-2024.html,30/11/2024,69481767900,3708034850
1119,Thứ 5,28/11/2024,,"1,16,24,28,38,53",9,01 16 24 28 38 53 | ĐB 09,Power_6/55,https://www.minhchinh.com/xs-power-655-ket-qua-power-655-ngay-28-11-2024.html,28/11/2024,66033314400,3324873350
1118,Thứ 3,26/11/2024,,"8,11,16,32,40,43",12,08 11 16 32 40 43 | ĐB 12,Power_6/55,https://www.minhchinh.com/xs-power-655-ket-qua-power-655-ngay-26-11-2024.html,26/11/2024,63109454250,3921018850
1117,Thứ 7,23/11/2024,,"4,12,25,39,48,51",45,04 12 25 39 48 51 | ĐB 45,Power_6/55,https://www.minhchinh.com/xs-power-655-ket-qua-power-655-ngay-23-11-2024.html,23/11/2024,60242121300,3602426300
1116,Thứ 5,21/11/2024,,"15,22,31,40,42,51",26,15 22 31 40 42 51 | ĐB 26,Power_6/55,https://www.minhchinh.com/xs-power-655-ket-qua-power-655-ngay-21-11-2024.html,21/11/2024,57805702500,3331713100
1115,Thứ 3,19/11/2024,,"6,10,17,34,41,48",31,06 10 17 34 41 48 | ĐB 31,Power_6/55,https://www.minhchinh.com/xs-power-655-ket-qua-power-655-ngay-19-11-2024.html,19/11/2024,54820284600,5332330300
1114,Thứ 7,16/11/2024,,"16,22,33,37,39,51",54,16 22 33 37 39 51 | ĐB 54,Power_6/55,https://www.minhchinh.com/xs-power-655-ket-qua-power-655-ngay-16-11-2024.html,16/11/2024,51077854200,4916504700
1113,Thứ 5,14/11/2024,,"12,25,37,40,49,52",31,12 25 37 40 49 52 | ĐB 31,Power_6/55,https://www.minhchinh.com/xs-power-655-ket-qua-power-655-ngay-14-11-2024.html,14/11/2024,48362506500,4614799400
1112,Thứ 3,12/11/2024,,"1,21,29,35,41,45",20,01 21 29 35 41 45 | ĐB 20,Power_6/55,https://www.minhchinh.com/xs-power-655-ket-qua-power-655-ngay-12-11-2024.html,12/11/2024,46129206900,4366655000
1111,Thứ 7,09/11/2024,,"11,14,24,26,34,51",40,11 14 24 26 34 51 | ĐB 40,Power_6/55,https://www.minhchinh.com/xs-power-655-ket-qua-power-655-ngay-09-11-2024.html,09/11/2024,43415255550,4065104850
1110,Thứ 5,07/11/2024,,"6,9,33,39,50,51",43,06 09 33 39 50 51 | ĐB 43,Power_6/55,https://www.minhchinh.com/xs-power-655-ket-qua-power-655-ngay-07-11-2024.html,07/11/2024,40954938600,3791736300
1109,Thứ 3,05/11/2024,,"9,31,36,46,49,54",7,09 31 36 46 49 54 | ĐB 07,Power_6/55,https://www.minhchinh.com/xs-power-655-ket-qua-power-655-ngay-05-11-2024.html,05/11/2024,38354528100,3502801800
1108,Thứ 7,02/11/2024,,"2,9,19,20,34,54",26,02 09 19 20 34 54 | ĐB 26,Power_6/55,https://www.minhchinh.com/xs-power-655-ket-qua-power-655-ngay-02-11-2024.html,02/11/2024,35592679650,3195929750
1107,Thứ 5,31/10/2024,,"5,16,20,29,30,31",39,05 16 20 29 30 31 | ĐB 39,Power_6/55,https://www.minhchinh.com/xs-power-655-ket-qua-power-655-ngay-31-10-2024.html,31/10/2024,33829311900,3209448550
1106,Thứ 3,29/10/2024,,"14,17,19,28,47,51",55,14 17 19 28 47 51 | ĐB 55,Power_6/55,https://www.minhchinh.com/xs-power-655-ket-qua-power-655-ngay-29-10-2024.html,29/10/2024,31944274950,3947249250
1105,Thứ 7,26/10/2024,,"5,19,27,29,42,47",40,05 19 27 29 42 47 | ĐB 40,Power_6/55,https://www.minhchinh.com/xs-power-655-ket-qua-power-655-ngay-26-10-2024.html,26/10/2024,148717283700,3731218700
1104,Thứ 5,24/10/2024,,"5,17,31,39,46,53",3,05 17 31 39 46 53 | ĐB 03,Power_6/55,https://www.minhchinh.com/xs-power-655-ket-qua-power-655-ngay-24-10-2024.html,24/10/2024,142136315400,7861908750
1103,Thứ 3,22/10/2024,,"15,21,23,26,31,43",35,15 21 23 26 31 43 | ĐB 35,Power_6/55,https://www.minhchinh.com/xs-power-655-ket-qua-power-655-ngay-22-10-2024.html,22/10/2024,133000167000,6846781150
1102,Thứ 7,19/10/2024,,"9,22,31,39,43,51",19,09 22 31 39 43 51 | ĐB 19,Power_6/55,https://www.minhchinh.com/xs-power-655-ket-qua-power-655-ngay-19-10-2024.html,19/10/2024,123535166700,5795114450
1101,Thứ 5,17/10/2024,,"11,14,15,26,38,41",25,11 14 15 26 38 41 | ĐB 25,Power_6/55,https://www.minhchinh.com/xs-power-655-ket-qua-power-655-ngay-17-10-2024.html,17/10/2024,115151146950,4863556700
1100,Thứ 3,15/10/2024,,"4,25,41,42,46,52",33,04 25 41 42 46 52 | ĐB 33,Power_6/55,https://www.minhchinh.com/xs-power-655-ket-qua-power-655-ngay-15-10-2024.html,15/10/2024,108078091050,4077661600
1099,Thứ 7,12/10/2024,,"29,34,35,38,50,51",37,29 34 35 38 50 51 | ĐB 37,Power_6/55,https://www.minhchinh.com/xs-power-655-ket-qua-power-655-ngay-12-10-2024.html,12/10/2024,102984137400,3511666750
1098,Thứ 5,10/10/2024,,"4,5,6,29,32,44",53,04 05 06 29 32 44 | ĐB 53,Power_6/55,https://www.minhchinh.com/xs-power-655-ket-qua-power-655-ngay-10-10-2024.html,10/10/2024,98379136650,4367972050
1097,Thứ 3,08/10/2024,,"3,7,14,17,48,50",40,03 07 14 17 48 50 | ĐB 40,Power_6/55,https://www.minhchinh.com/xs-power-655-ket-qua-power-655-ngay-08-10-2024.html,08/10/2024,94545136200,3941972000
1096,Thứ 7,05/10/2024,,"2,10,17,27,50,52",18,02 10 17 27 50 52 | ĐB 18,Power_6/55,https://www.minhchinh.com/xs-power-655-ket-qua-power-655-ngay-05-10-2024.html,05/10/2024,89911590600,3427133600
1095,Thứ 5,03/10/2024,,"18,21,34,40,42,53",25,18 21 34 40 42 53 | ĐB 25,Power_6/55,https://www.minhchinh.com/xs-power-655-ket-qua-power-655-ngay-03-10-2024.html,03/10/2024,86067388200,3805558300
1094,Thứ 3,01/10/2024,,"3,18,22,41,43,44",12,03 18 22 41 43 44 | ĐB 12,Power_6/55,https://www.minhchinh.com/xs-power-655-ket-qua-power-655-ngay-01-10-2024.html,01/10/2024,82059437100,3360230400
1093,Thứ 7,28/09/2024,,"2,11,13,32,41,48",15,02 11 13 32 41 48 | ĐB 15,Power_6/55,https://www.minhchinh.com/xs-power-655-ket-qua-power-655-ngay-28-09-2024.html,28/09/2024,78817363500,4017325750
1092,Thứ 5,26/09/2024,,"3,18,29,39,41,49",46,03 18 29 39 41 49 | ĐB 46,Power_6/55,https://www.minhchinh.com/xs-power-655-ket-qua-power-655-ngay-26-09-2024.html,26/09/2024,75549116100,3654187150
1091,Thứ 3,24/09/2024,,"1,6,11,17,24,31",43,01 06 11 17 24 31 | ĐB 43,Power_6/55,https://www.minhchinh.com/xs-power-655-ket-qua-power-655-ngay-24-09-2024.html,24/09/2024,72583734450,3324700300
1090,Thứ 7,21/09/2024,,"3,8,9,22,26,55",11,03 08 09 22 26 55 | ĐB 11,Power_6/55,https://www.minhchinh.com/xs-power-655-ket-qua-power-655-ngay-21-09-2024.html,21/09/2024,69661431750,4551954400
1089,Thứ 5,19/09/2024,,"4,9,22,24,45,54",48,04 09 22 24 45 54 | ĐB 48,Power_6/55,https://www.minhchinh.com/xs-power-655-ket-qua-power-655-ngay-19-09-2024.html,19/09/2024,67050862500,4261891150
1088,Thứ 3,17/09/2024,,"14,32,34,41,47,54",48,14 32 34 41 47 54 | ĐB 48,Power_6/55,https://www.minhchinh.com/xs-power-655-ket-qua-power-655-ngay-17-09-2024.html,17/09/2024,64498682550,3978315600
1087,Thứ 7,14/09/2024,,"2,12,25,32,51,54",34,02 12 25 32 51 54 | ĐB 34,Power_6/55,https://www.minhchinh.com/xs-power-655-ket-qua-power-655-ngay-14-09-2024.html,14/09/2024,60968881650,3586115500
1086,Thứ 5,12/09/2024,,"3,8,31,36,39,47",38,03 08 31 36 39 47 | ĐB 38,Power_6/55,https://www.minhchinh.com/xs-power-655-ket-qua-power-655-ngay-12-09-2024.html,12/09/2024,58348724700,3294986950
1085,Thứ 3,10/09/2024,,"15,23,37,38,45,49",30,15 23 37 38 45 49 | ĐB 30,Power_6/55,https://www.minhchinh.com/xs-power-655-ket-qua-power-655-ngay-10-09-2024.html,10/09/2024,55693842150,4061709750
1084,Thứ 7,07/09/2024,,"5,11,20,39,46,53",37,05 11 20 39 46 53 | ĐB 37,Power_6/55,https://www.minhchinh.com/xs-power-655-ket-qua-power-655-ngay-07-09-2024.html,07/09/2024,53279767650,3793479250
1083,Thứ 5,05/09/2024,,"15,20,23,29,34,46",1,15 20 23 29 34 46 | ĐB 01,Power_6/55,https://www.minhchinh.com/xs-power-655-ket-qua-power-655-ngay-05-09-2024.html,05/09/2024,50919272400,3531202000
1082,Thứ 3,03/09/2024,,"8,10,11,14,38,48",41,08 10 11 14 38 48 | ĐB 41,Power_6/55,https://www.minhchinh.com/xs-power-655-ket-qua-power-655-ngay-03-09-2024.html,03/09/2024,48757939050,3291053850
1081,Thứ 7,31/08/2024,,"24,33,38,40,42,51",28,24 33 38 40 42 51 | ĐB 28,Power_6/55,https://www.minhchinh.com/xs-power-655-ket-qua-power-655-ngay-31-08-2024.html,31/08/2024,46138454400,4045054250
1080,Thứ 5,29/08/2024,,"8,11,21,29,38,55",12,08 11 21 29 38 55 | ĐB 12,Power_6/55,https://www.minhchinh.com/xs-power-655-ket-qua-power-655-ngay-29-08-2024.html,29/08/2024,43365680850,3736968300
1079,Thứ 3,27/08/2024,,"5,6,29,31,37,48",2,05 06 29 31 37 48 | ĐB 02,Power_6/55,https://www.minhchinh.com/xs-power-655-ket-qua-power-655-ngay-27-08-2024.html,27/08/2024,41320607700,3509737950
1078,Thứ 7,24/08/2024,,"2,17,20,21,22,23",38,02 17 20 21 22 23 | ĐB 38,Power_6/55,https://www.minhchinh.com/xs-power-655-ket-qua-power-655-ngay-24-08-2024.html,24/08/2024,38721118800,3220905850
1077,Thứ 5,22/08/2024,,"11,18,20,32,41,46",33,11 18 20 32 41 46 | ĐB 33,Power_6/55,https://www.minhchinh.com/xs-power-655-ket-qua-power-655-ngay-22-08-2024.html,22/08/2024,36732966150,3748107350
1076,Thứ 3,20/08/2024,,"5,24,26,27,29,54",6,05 24 26 27 29 54 | ĐB 06,Power_6/55,https://www.minhchinh.com/xs-power-655-ket-qua-power-655-ngay-20-08-2024.html,20/08/2024,34384548450,3487172050
1075,Thứ 7,17/08/2024,,"4,28,35,38,39,45",5,04 28 35 38 39 45 | ĐB 05,Power_6/55,https://www.minhchinh.com/xs-power-655-ket-qua-power-655-ngay-17-08-2024.html,17/08/2024,31979607600,3219956400
1074,Thứ 5,15/08/2024,,"8,16,20,30,34,43",46,08 16 20 30 34 43 | ĐB 46,Power_6/55,https://www.minhchinh.com/xs-power-655-ket-qua-power-655-ngay-15-08-2024.html,15/08/2024,39241663950,3510476350
1073,Thứ 3,13/08/2024,,"9,26,40,44,45,50",27,09 26 40 44 45 50 | ĐB 27,Power_6/55,https://www.minhchinh.com/xs-power-655-ket-qua-power-655-ngay-13-08-2024.html,13/08/2024,37179227550,3281316750
1072,Thứ 7,10/08/2024,,"10,23,32,37,48,55",14,10 23 32 37 48 55 | ĐB 14,Power_6/55,https://www.minhchinh.com/xs-power-655-ket-qua-power-655-ngay-10-08-2024.html,10/08/2024,34647376800,3233495950
1071,Thứ 5,08/08/2024,,"1,7,42,43,48,51",29,01 07 42 43 48 51 | ĐB 29,Power_6/55,https://www.minhchinh.com/xs-power-655-ket-qua-power-655-ngay-08-08-2024.html,08/08/2024,32545913250,5472299550
1070,Thứ 3,06/08/2024,,"22,34,44,46,54,55",14,22 34 44 46 54 55 | ĐB 14,Power_6/55,https://www.minhchinh.com/xs-power-655-ket-qua-power-655-ngay-06-08-2024.html,06/08/2024,228605423700,5189420300
1069,Thứ 7,03/08/2024,,"7,20,34,36,41,46",16,07 20 34 36 41 46 | ĐB 16,Power_6/55,https://www.minhchinh.com/xs-power-655-ket-qua-power-655-ngay-03-08-2024.html,03/08/2024,216683739750,3864788750
1068,Thứ 5,01/08/2024,,"9,17,21,48,53,55",29,09 17 21 48 53 55 | ĐB 29,Power_6/55,https://www.minhchinh.com/xs-power-655-ket-qua-power-655-ngay-01-08-2024.html,01/08/2024,208900641000,10335885000
1067,Thứ 3,30/07/2024,,"2,6,22,23,38,51",32,02 06 22 23 38 51 | ĐB 32,Power_6/55,https://www.minhchinh.com/xs-power-655-ket-qua-power-655-ngay-30-07-2024.html,30/07/2024,197848321500,3939907000
1066,Thứ 7,27/07/2024,,"18,23,25,37,39,40",35,18 23 25 37 39 40 | ĐB 35,Power_6/55,https://www.minhchinh.com/xs-power-655-ket-qua-power-655-ngay-27-07-2024.html,27/07/2024,189389158500,3736907850
1065,Thứ 5,25/07/2024,,"12,17,21,25,33,40",39,12 17 21 25 33 40 | ĐB 39,Power_6/55,https://www.minhchinh.com/xs-power-655-ket-qua-power-655-ngay-25-07-2024.html,25/07/2024,182756987850,9201986500
1064,Thứ 3,23/07/2024,,"34,39,40,42,54,55",30,34 39 40 42 54 55 | ĐB 30,Power_6/55,https://www.minhchinh.com/xs-power-655-ket-qua-power-655-ngay-23-07-2024.html,23/07/2024,173134617600,8132834250
1063,Thứ 7,20/07/2024,,"12,18,32,40,51,53",28,12 18 32 40 51 53 | ĐB 28,Power_6/55,https://www.minhchinh.com/xs-power-655-ket-qua-power-655-ngay-20-07-2024.html,20/07/2024,162187998600,6916543250
1062,Thứ 5,18/07/2024,,"10,13,28,35,40,42",2,10 13 28 35 40 42 | ĐB 02,Power_6/55,https://www.minhchinh.com/xs-power-655-ket-qua-power-655-ngay-18-07-2024.html,18/07/2024,152070473550,5792373800
1061,Thứ 3,16/07/2024,,"20,31,34,36,47,52",2,20 31 34 36 47 52 | ĐB 02,Power_6/55,https://www.minhchinh.com/xs-power-655-ket-qua-power-655-ngay-16-07-2024.html,16/07/2024,143092525800,4794824050
1060,Thứ 7,13/07/2024,,"2,12,13,33,44,52",34,02 12 13 33 44 52 | ĐB 34,Power_6/55,https://www.minhchinh.com/xs-power-655-ket-qua-power-655-ngay-13-07-2024.html,13/07/2024,132641850900,3633637950
1059,Thứ 5,11/07/2024,,"1,2,11,21,22,23",26,01 02 11 21 22 23 | ĐB 26,Power_6/55,https://www.minhchinh.com/xs-power-655-ket-qua-power-655-ngay-11-07-2024.html,11/07/2024,126939109350,4518167100
1058,Thứ 3,09/07/2024,,"6,8,9,28,33,53",10,06 08 09 28 33 53 | ĐB 10,Power_6/55,https://www.minhchinh.com/xs-power-655-ket-qua-power-655-ngay-09-07-2024.html,09/07/2024,119737487100,3717986850
1057,Thứ 7,06/07/2024,,"8,10,12,22,25,55",52,08 10 12 22 25 55 | ĐB 52,Power_6/55,https://www.minhchinh.com/xs-power-655-ket-qua-power-655-ngay-06-07-2024.html,06/07/2024,113275605450,3535609950
1056,Thứ 5,04/07/2024,,"10,19,20,29,34,41",8,10 19 20 29 34 41 | ĐB 08,Power_6/55,https://www.minhchinh.com/xs-power-655-ket-qua-power-655-ngay-04-07-2024.html,04/07/2024,108455115900,3556097400
1055,Thứ 3,02/07/2024,,"7,8,50,52,53,54",2,07 08 50 52 53 54 | ĐB 02,Power_6/55,https://www.minhchinh.com/xs-power-655-ket-qua-power-655-ngay-02-07-2024.html,02/07/2024,103450239300,6940249300
1054,Thứ 7,29/06/2024,,"11,15,32,34,46,48",47,11 15 32 34 46 48 | ĐB 47,Power_6/55,https://www.minhchinh.com/xs-power-655-ket-qua-power-655-ngay-29-06-2024.html,29/06/2024,94939428000,5994603600
1053,Thứ 5,27/06/2024,,"7,21,22,41,43,46",32,07 21 22 41 43 46 | ĐB 32,Power_6/55,https://www.minhchinh.com/xs-power-655-ket-qua-power-655-ngay-27-06-2024.html,27/06/2024,87506345100,5168705500
1052,Thứ 3,25/06/2024,,"1,5,9,13,18,27",8,01 05 09 13 18 27 | ĐB 08,Power_6/55,https://www.minhchinh.com/xs-power-655-ket-qua-power-655-ngay-25-06-2024.html,25/06/2024,80672952450,4409439650
1051,Thứ 7,22/06/2024,,"17,25,31,35,41,42",36,17 25 31 35 41 42 | ĐB 36,Power_6/55,https://www.minhchinh.com/xs-power-655-ket-qua-power-655-ngay-22-06-2024.html,22/06/2024,76722113100,3970457500
1050,Thứ 5,20/06/2024,,"1,10,29,34,43,55",49,01 10 29 34 43 55 | ĐB 49,Power_6/55,https://www.minhchinh.com/xs-power-655-ket-qua-power-655-ngay-20-06-2024.html,20/06/2024,74105630400,3679737200
1049,Thứ 3,18/06/2024,,"20,23,27,36,38,44",52,20 23 27 36 38 44 | ĐB 52,Power_6/55,https://www.minhchinh.com/xs-power-655-ket-qua-power-655-ngay-18-06-2024.html,18/06/2024,70914719100,3325191500
1048,Thứ 7,15/06/2024,,"5,10,14,20,26,51",36,05 10 14 20 26 51 | ĐB 36,Power_6/55,https://www.minhchinh.com/xs-power-655-ket-qua-power-655-ngay-15-06-2024.html,15/06/2024,67987995600,3966842450
1047,Thứ 5,13/06/2024,,"8,39,45,47,49,51",16,08 39 45 47 49 51 | ĐB 16,Power_6/55,https://www.minhchinh.com/xs-power-655-ket-qua-power-655-ngay-13-06-2024.html,13/06/2024,64999817400,3634822650
1046,Thứ 3,11/06/2024,,"13,16,21,30,32,39",53,13 16 21 30 32 39 | ĐB 53,Power_6/55,https://www.minhchinh.com/xs-power-655-ket-qua-power-655-ngay-11-06-2024.html,11/06/2024,62127460650,3315671900
1045,Thứ 7,08/06/2024,,"13,16,32,33,35,43",42,13 16 32 33 35 43 | ĐB 42,Power_6/55,https://www.minhchinh.com/xs-power-655-ket-qua-power-655-ngay-08-06-2024.html,08/06/2024,59286413550,3583225100
1044,Thứ 5,06/06/2024,,"18,26,38,39,47,51",55,18 26 38 39 47 51 | ĐB 55,Power_6/55,https://www.minhchinh.com/xs-power-655-ket-qua-power-655-ngay-06-06-2024.html,06/06/2024,56657129250,3291082400
1043,Thứ 3,04/06/2024,,"1,2,7,10,13,19",24,01 02 07 10 13 19 | ĐB 24,Power_6/55,https://www.minhchinh.com/xs-power-655-ket-qua-power-655-ngay-04-06-2024.html,04/06/2024,54037387650,3553778750
1042,Thứ 7,01/06/2024,,"6,24,30,31,47,49",1,06 24 30 31 47 49 | ĐB 01,Power_6/55,https://www.minhchinh.com/xs-power-655-ket-qua-power-655-ngay-01-06-2024.html,01/06/2024,51723546150,3296685250
1041,Thứ 5,30/05/2024,,"4,7,8,12,23,31",45,04 07 08 12 23 31 | ĐB 45,Power_6/55,https://www.minhchinh.com/xs-power-655-ket-qua-power-655-ngay-30-05-2024.html,30/05/2024,49053378900,4674090000
1040,Thứ 3,28/05/2024,,"1,25,29,37,40,54",50,01 25 29 37 40 54 | ĐB 50,Power_6/55,https://www.minhchinh.com/xs-power-655-ket-qua-power-655-ngay-28-05-2024.html,28/05/2024,47522322750,4503972650
1039,Thứ 7,25/05/2024,,"15,22,38,39,43,53",20,15 22 38 39 43 53 | ĐB 20,Power_6/55,https://www.minhchinh.com/xs-power-655-ket-qua-power-655-ngay-25-05-2024.html,25/05/2024,44500277100,4168189800
1038,Thứ 5,23/05/2024,,"8,12,42,47,51,52",36,08 12 42 47 51 52 | ĐB 36,Power_6/55,https://www.minhchinh.com/xs-power-655-ket-qua-power-655-ngay-23-05-2024.html,23/05/2024,42733638750,3971896650
1037,Thứ 3,21/05/2024,,"1,2,14,32,33,41",4,01 02 14 32 33 41 | ĐB 04,Power_6/55,https://www.minhchinh.com/xs-power-655-ket-qua-power-655-ngay-21-05-2024.html,21/05/2024,40422908100,3715148800
1036,Thứ 7,18/05/2024,,"12,18,20,25,27,52",44,12 18 20 25 27 52 | ĐB 44,Power_6/55,https://www.minhchinh.com/xs-power-655-ket-qua-power-655-ngay-18-05-2024.html,18/05/2024,37855412400,3429871500
1035,Thứ 5,16/05/2024,,"20,25,27,39,45,55",44,20 25 27 39 45 55 | ĐB 44,Power_6/55,https://www.minhchinh.com/xs-power-655-ket-qua-power-655-ngay-16-05-2024.html,16/05/2024,35985134550,3222062850
1034,Thứ 3,14/05/2024,,"5,17,36,40,46,50",1,05 17 36 40 46 50 | ĐB 01,Power_6/55,https://www.minhchinh.com/xs-power-655-ket-qua-power-655-ngay-14-05-2024.html,14/05/2024,33986568900,3442952100
1033,Thứ 7,11/05/2024,,"19,23,25,43,46,54",42,19 23 25 43 46 54 | ĐB 42,Power_6/55,https://www.minhchinh.com/xs-power-655-ket-qua-power-655-ngay-11-05-2024.html,11/05/2024,31730182500,3192242500
1032,Thứ 5,09/05/2024,,"3,16,21,36,37,40",31,03 16 21 36 37 40 | ĐB 31,Power_6/55,https://www.minhchinh.com/xs-power-655-ket-qua-power-655-ngay-09-05-2024.html,09/05/2024,62575096350,5660148700
1031,Thứ 3,07/05/2024,,"21,26,35,41,44,52",13,21 26 35 41 44 52 | ĐB 13,Power_6/55,https://www.minhchinh.com/xs-power-655-ket-qua-power-655-ngay-07-05-2024.html,07/05/2024,61542131250,5545374800
1030,Thứ 7,04/05/2024,,"5,27,35,45,49,55",18,05 27 35 45 49 55 | ĐB 18,Power_6/55,https://www.minhchinh.com/xs-power-655-ket-qua-power-655-ngay-04-05-2024.html,04/05/2024,58191976650,5173135400
1029,Thứ 5,02/05/2024,,"30,32,33,36,42,48",18,30 32 33 36 42 48 | ĐB 18,Power_6/55,https://www.minhchinh.com/xs-power-655-ket-qua-power-655-ngay-02-05-2024.html,02/05/2024,55439469300,4867301250
1028,Thứ 3,30/04/2024,,"13,16,26,46,49,54",8,13 16 26 46 49 54 | ĐB 08,Power_6/55,https://www.minhchinh.com/xs-power-655-ket-qua-power-655-ngay-30-04-2024.html,30/04/2024,52411684800,4530880750
1027,Thứ 7,27/04/2024,,"7,12,38,43,48,55",8,07 12 38 43 48 55 | ĐB 08,Power_6/55,https://www.minhchinh.com/xs-power-655-ket-qua-power-655-ngay-27-04-2024.html,27/04/2024,49665978300,4225802250
1026,Thứ 5,25/04/2024,,"13,19,27,38,41,54",46,13 19 27 38 41 54 | ĐB 46,Power_6/55,https://www.minhchinh.com/xs-power-655-ket-qua-power-655-ngay-25-04-2024.html,25/04/2024,47354753100,3968999450
1025,Thứ 3,23/04/2024,,"1,34,39,40,49,53",9,01 34 39 40 49 53 | ĐB 09,Power_6/55,https://www.minhchinh.com/xs-power-655-ket-qua-power-655-ngay-23-04-2024.html,23/04/2024,45053287500,3713281050
1024,Thứ 7,20/04/2024,,"2,6,35,43,45,47",14,02 06 35 43 45 47 | ĐB 14,Power_6/55,https://www.minhchinh.com/xs-power-655-ket-qua-power-655-ngay-20-04-2024.html,20/04/2024,41561844600,3325342950
1023,Thứ 5,18/04/2024,,"1,21,23,33,43,54",28,01 21 23 33 43 54 | ĐB 28,Power_6/55,https://www.minhchinh.com/xs-power-655-ket-qua-power-655-ngay-18-04-2024.html,18/04/2024,38633758050,3625181100
1022,Thứ 3,16/04/2024,,"3,5,32,40,46,50",37,03 05 32 40 46 50 | ĐB 37,Power_6/55,https://www.minhchinh.com/xs-power-655-ket-qua-power-655-ngay-16-04-2024.html,16/04/2024,36274024650,3362988500
1021,Thứ 7,13/04/2024,,"29,36,37,38,40,42",46,29 36 37 38 40 42 | ĐB 46,Power_6/55,https://www.minhchinh.com/xs-power-655-ket-qua-power-655-ngay-13-04-2024.html,13/04/2024,33007128150,3334125350
1020,Thứ 5,11/04/2024,,"3,6,15,25,33,43",55,03 06 15 25 33 43 | ĐB 55,Power_6/55,https://www.minhchinh.com/xs-power-655-ket-qua-power-655-ngay-11-04-2024.html,11/04/2024,314186714850,4576301650
1019,Thứ 3,09/04/2024,,"4,12,27,44,46,51",22,04 12 27 44 46 51 | ĐB 22,Power_6/55,https://www.minhchinh.com/xs-power-655-ket-qua-power-655-ngay-09-04-2024.html,09/04/2024,300000000000,25409725000
1018,Thứ 7,06/04/2024,,"9,13,20,30,39,54",23,09 13 20 30 39 54 | ĐB 23,Power_6/55,https://www.minhchinh.com/xs-power-655-ket-qua-power-655-ngay-06-04-2024.html,06/04/2024,300000000000,67784892000
1017,Thứ 5,04/04/2024,,"3,8,12,25,47,48",15,03 08 12 25 47 48 | ĐB 15,Power_6/55,https://www.minhchinh.com/xs-power-655-ket-qua-power-655-ngay-04-04-2024.html,04/04/2024,337543447350,7171494150
1016,Thứ 3,02/04/2024,,"1,12,18,20,51,52",37,01 12 18 20 51 52 | ĐB 37,Power_6/55,https://www.minhchinh.com/xs-power-655-ket-qua-power-655-ngay-02-04-2024.html,02/04/2024,317948300400,4994255600
1015,Thứ 7,30/03/2024,,"14,17,27,38,54,55",23,14 17 27 38 54 55 | ĐB 23,Power_6/55,https://www.minhchinh.com/xs-power-655-ket-qua-power-655-ngay-30-03-2024.html,30/03/2024,300000000000,21967876000
1014,Thứ 5,28/03/2024,,"1,7,18,26,38,49",21,01 07 18 26 38 49 | ĐB 21,Power_6/55,https://www.minhchinh.com/xs-power-655-ket-qua-power-655-ngay-28-03-2024.html,28/03/2024,300000000000,15830247100
1013,Thứ 3,26/03/2024,,"1,8,13,16,38,44",47,01 08 13 16 38 44 | ĐB 47,Power_6/55,https://www.minhchinh.com/xs-power-655-ket-qua-power-655-ngay-26-03-2024.html,26/03/2024,297045137100,4773402950
1012,Thứ 7,23/03/2024,,"3,10,13,30,40,52",4,03 10 13 30 40 52 | ĐB 04,Power_6/55,https://www.minhchinh.com/xs-power-655-ket-qua-power-655-ngay-23-03-2024.html,23/03/2024,281084510550,4202342900
1011,Thứ 5,21/03/2024,,"12,13,41,48,49,53",43,12 13 41 48 49 53 | ĐB 43,Power_6/55,https://www.minhchinh.com/xs-power-655-ket-qua-power-655-ngay-21-03-2024.html,21/03/2024,270263424450,4398445450
1010,Thứ 3,19/03/2024,,"6,25,39,45,46,55",26,06 25 39 45 46 55 | ĐB 26,Power_6/55,https://www.minhchinh.com/xs-power-655-ket-qua-power-655-ngay-19-03-2024.html,19/03/2024,257677415400,4532598900
1009,Thứ 7,16/03/2024,,"8,36,42,43,44,55",54,08 36 42 43 44 55 | ĐB 54,Power_6/55,https://www.minhchinh.com/xs-power-655-ket-qua-power-655-ngay-16-03-2024.html,16/03/2024,243884025300,10424918300
1008,Thứ 5,14/03/2024,,"21,25,26,29,41,51",39,21 25 26 29 41 51 | ĐB 39,Power_6/55,https://www.minhchinh.com/xs-power-655-ket-qua-power-655-ngay-14-03-2024.html,14/03/2024,228468952650,8712132450
1007,Thứ 3,12/03/2024,,"11,14,18,20,22,43",16,11 14 18 20 22 43 | ĐB 16,Power_6/55,https://www.minhchinh.com/xs-power-655-ket-qua-power-655-ngay-12-03-2024.html,12/03/2024,213559310100,7055505500
1006,Thứ 7,09/03/2024,,"11,13,22,36,46,49",37,11 13 22 36 46 49 | ĐB 37,Power_6/55,https://www.minhchinh.com/xs-power-655-ket-qua-power-655-ngay-09-03-2024.html,09/03/2024,199484306400,5491616200
1005,Thứ 5,07/03/2024,,"13,20,33,47,53,54",19,13 20 33 47 53 54 | ĐB 19,Power_6/55,https://www.minhchinh.com/xs-power-655-ket-qua-power-655-ngay-07-03-2024.html,07/03/2024,186792773700,4081445900
1004,Thứ 3,05/03/2024,,"12,19,21,23,28,54",31,12 19 21 23 28 54 | ĐB 31,Power_6/55,https://www.minhchinh.com/xs-power-655-ket-qua-power-655-ngay-05-03-2024.html,05/03/2024,177059760600,7622995650
1003,Thứ 7,02/03/2024,,"1,19,21,31,50,55",37,01 19 21 31 50 55 | ĐB 37,Power_6/55,https://www.minhchinh.com/xs-power-655-ket-qua-power-655-ngay-02-03-2024.html,02/03/2024,164593876350,6237897400
1002,Thứ 5,29/02/2024,,"4,11,20,38,52,53",33,04 11 20 38 52 53 | ĐB 33,Power_6/55,https://www.minhchinh.com/xs-power-655-ket-qua-power-655-ngay-29-02-2024.html,29/02/2024,153346722600,4988213650
1001,Thứ 3,27/02/2024,,"1,4,6,8,24,35",53,01 04 06 08 24 35 | ĐB 53,Power_6/55,https://www.minhchinh.com/xs-power-655-ket-qua-power-655-ngay-27-02-2024.html,27/02/2024,142673643750,3802316000
1000,Thứ 7,24/02/2024,,"1,3,22,27,38,40",26,01 03 22 27 38 40 | ĐB 26,Power_6/55,https://www.minhchinh.com/xs-power-655-ket-qua-power-655-ngay-24-02-2024.html,24/02/2024,135452799750,3569068200
999,Thứ 5,22/02/2024,,"8,19,24,31,35,55",1,08 19 24 31 35 55 | ĐB 01,Power_6/55,https://www.minhchinh.com/xs-power-655-ket-qua-power-655-ngay-22-02-2024.html,22/02/2024,130331185950,3419717350
998,Thứ 3,20/02/2024,,"34,46,50,51,52,55",5,34 46 50 51 52 55 | ĐB 05,Power_6/55,https://www.minhchinh.com/xs-power-655-ket-qua-power-655-ngay-20-02-2024.html,20/02/2024,126553729800,3628934550
997,Thứ 7,17/02/2024,,"8,12,17,27,38,55",47,08 12 17 27 38 55 | ĐB 47,Power_6/55,https://www.minhchinh.com/xs-power-655-ket-qua-power-655-ngay-17-02-2024.html,17/02/2024,120893318850,5445039249
996,Thứ 5,15/02/2024,,"3,7,8,18,21,26",19,03 07 08 18 21 26 | ĐB 19,Power_6/55,https://www.minhchinh.com/xs-power-655-ket-qua-power-655-ngay-15-02-2024.html,15/02/2024,116463068400,4952789200
995,Thứ 3,13/02/2024,,"8,17,22,31,34,49",18,08 17 22 31 34 49 | ĐB 18,Power_6/55,https://www.minhchinh.com/xs-power-655-ket-qua-power-655-ngay-13-02-2024.html,13/02/2024,112343407950,4495049150
994,Thứ 5,08/02/2024,,"22,31,35,36,38,42",11,22 31 35 36 38 42 | ĐB 11,Power_6/55,https://www.minhchinh.com/xs-power-655-ket-qua-power-655-ngay-08-02-2024.html,08/02/2024,107397479550,3945501550
993,Thứ 3,06/02/2024,,"8,19,27,34,46,51",24,08 19 27 34 46 51 | ĐB 24,Power_6/55,https://www.minhchinh.com/xs-power-655-ket-qua-power-655-ngay-06-02-2024.html,06/02/2024,103161578250,3474845850
992,Thứ 7,03/02/2024,,"4,6,7,13,18,26",49,04 06 07 13 18 26 | ĐB 49,Power_6/55,https://www.minhchinh.com/xs-power-655-ket-qua-power-655-ngay-03-02-2024.html,03/02/2024,98887965600,4675257700
991,Thứ 5,01/02/2024,,"2,7,10,22,32,40",39,02 07 10 22 32 40 | ĐB 39,Power_6/55,https://www.minhchinh.com/xs-power-655-ket-qua-power-655-ngay-01-02-2024.html,01/02/2024,95065337100,4250521200
990,Thứ 3,30/01/2024,,"3,10,13,40,49,52",9,03 10 13 40 49 52 | ĐB 09,Power_6/55,https://www.minhchinh.com/xs-power-655-ket-qua-power-655-ngay-30-01-2024.html,30/01/2024,91320972600,3834480700
989,Thứ 7,27/01/2024,,"6,12,38,41,46,55",13,06 12 38 41 46 55 | ĐB 13,Power_6/55,https://www.minhchinh.com/xs-power-655-ket-qua-power-655-ngay-27-01-2024.html,27/01/2024,87295773450,3387236350
988,Thứ 5,25/01/2024,,"13,17,35,38,42,48",7,13 17 35 38 42 48 | ĐB 07,Power_6/55,https://www.minhchinh.com/xs-power-655-ket-qua-power-655-ngay-25-01-2024.html,25/01/2024,83810646300,3754098000
987,Thứ 3,23/01/2024,,"13,27,32,48,49,51",23,13 27 32 48 49 51 | ĐB 23,Power_6/55,https://www.minhchinh.com/xs-power-655-ket-qua-power-655-ngay-23-01-2024.html,23/01/2024,80681771550,3406445250
986,Thứ 7,20/01/2024,,"6,25,29,34,49,54",38,06 25 29 34 49 54 | ĐB 38,Power_6/55,https://www.minhchinh.com/xs-power-655-ket-qua-power-655-ngay-20-01-2024.html,20/01/2024,77023764300,3670976600
985,Thứ 5,18/01/2024,,"12,20,33,38,40,52",35,12 20 33 38 40 52 | ĐB 35,Power_6/55,https://www.minhchinh.com/xs-power-655-ket-qua-power-655-ngay-18-01-2024.html,18/01/2024,73702820550,3301982850
984,Thứ 3,16/01/2024,,"9,14,18,20,27,43",42,09 14 18 20 27 43 | ĐB 42,Power_6/55,https://www.minhchinh.com/xs-power-655-ket-qua-power-655-ngay-16-01-2024.html,16/01/2024,70984974900,3313161050
983,Thứ 7,13/01/2024,,"1,5,7,23,35,42",21,01 05 07 23 35 42 | ĐB 21,Power_6/55,https://www.minhchinh.com/xs-power-655-ket-qua-power-655-ngay-13-01-2024.html,13/01/2024,68166525450,3295208700
982,Thứ 5,11/01/2024,,"2,23,32,44,51,52",28,02 23 32 44 51 52 | ĐB 28,Power_6/55,https://www.minhchinh.com/xs-power-655-ket-qua-power-655-ngay-11-01-2024.html,11/01/2024,65509647150,4208594000
981,Thứ 3,09/01/2024,,"16,32,45,50,52,53",54,16 32 45 50 52 53 | ĐB 54,Power_6/55,https://www.minhchinh.com/xs-power-655-ket-qua-power-655-ngay-09-01-2024.html,09/01/2024,62968732950,3926270200
980,Thứ 7,06/01/2024,,"15,17,21,24,34,46",11,15 17 21 24 34 46 | ĐB 11,Power_6/55,https://www.minhchinh.com/xs-power-655-ket-qua-power-655-ngay-06-01-2024.html,06/01/2024,59785265550,3572551600
979,Thứ 5,04/01/2024,,"7,34,37,43,52,54",28,07 34 37 43 52 54 | ĐB 28,Power_6/55,https://www.minhchinh.com/xs-power-655-ket-qua-power-655-ngay-04-01-2024.html,04/01/2024,57063120600,3270091050
978,Thứ 3,02/01/2024,,"2,5,18,31,37,45",20,02 05 18 31 37 45 | ĐB 20,Power_6/55,https://www.minhchinh.com/xs-power-655-ket-qua-power-655-ngay-02-01-2024.html,02/01/2024,54632301150,3278133150
977,Thứ 7,30/12/2023,,"9,17,29,32,38,52",2,09 17 29 32 38 52 | ĐB 02,Power_6/55,https://www.minhchinh.com/xs-power-655-ket-qua-power-655-ngay-30-12-2023.html,30/12/2023,52129102800,4883977800
976,Thứ 5,28/12/2023,,"20,28,30,40,45,52",32,20 28 30 40 45 52 | ĐB 32,Power_6/55,https://www.minhchinh.com/xs-power-655-ket-qua-power-655-ngay-28-12-2023.html,28/12/2023,50014908300,4649067300
975,Thứ 3,26/12/2023,,"10,14,17,27,29,40",25,10 14 17 27 29 40 | ĐB 25,Power_6/55,https://www.minhchinh.com/xs-power-655-ket-qua-power-655-ngay-26-12-2023.html,26/12/2023,47615531700,4382469900
974,Thứ 7,23/12/2023,,"22,32,39,46,48,49",43,22 32 39 46 48 49 | ĐB 43,Power_6/55,https://www.minhchinh.com/xs-power-655-ket-qua-power-655-ngay-23-12-2023.html,23/12/2023,45088940550,4101737550
973,Thứ 5,21/12/2023,,"9,31,39,41,47,48",3,09 31 39 41 47 48 | ĐB 03,Power_6/55,https://www.minhchinh.com/xs-power-655-ket-qua-power-655-ngay-21-12-2023.html,21/12/2023,42761793000,3843165600
972,Thứ 3,19/12/2023,,"11,14,15,24,34,53",18,11 14 15 24 34 53 | ĐB 18,Power_6/55,https://www.minhchinh.com/xs-power-655-ket-qua-power-655-ngay-19-12-2023.html,19/12/2023,40527961950,3594962150
971,Thứ 7,16/12/2023,,"13,15,21,26,34,35",45,13 15 21 26 34 35 | ĐB 45,Power_6/55,https://www.minhchinh.com/xs-power-655-ket-qua-power-655-ngay-16-12-2023.html,16/12/2023,38380011600,3356301000
970,Thứ 5,14/12/2023,,"1,12,23,43,48,52",30,01 12 23 43 48 52 | ĐB 30,Power_6/55,https://www.minhchinh.com/xs-power-655-ket-qua-power-655-ngay-14-12-2023.html,14/12/2023,36585760800,3156939800
969,Thứ 3,12/12/2023,,"6,7,16,21,34,50",31,06 07 16 21 34 50 | ĐB 31,Power_6/55,https://www.minhchinh.com/xs-power-655-ket-qua-power-655-ngay-12-12-2023.html,12/12/2023,35173302600,5057438650
968,Thứ 7,09/12/2023,,"6,9,26,27,34,47",41,06 09 26 27 34 47 | ĐB 41,Power_6/55,https://www.minhchinh.com/xs-power-655-ket-qua-power-655-ngay-09-12-2023.html,09/12/2023,32990974950,4814957800
967,Thứ 5,07/12/2023,,"9,13,28,33,50,53",47,09 13 28 33 50 53 | ĐB 47,Power_6/55,https://www.minhchinh.com/xs-power-655-ket-qua-power-655-ngay-07-12-2023.html,07/12/2023,31401323850,4638329900
966,Thứ 3,05/12/2023,,"2,4,19,32,35,39",49,02 04 19 32 35 39 | ĐB 49,Power_6/55,https://www.minhchinh.com/xs-power-655-ket-qua-power-655-ngay-05-12-2023.html,05/12/2023,50531713500,4482627250
965,Thứ 7,02/12/2023,,"1,10,20,37,48,51",54,01 10 20 37 48 51 | ĐB 54,Power_6/55,https://www.minhchinh.com/xs-power-655-ket-qua-power-655-ngay-02-12-2023.html,02/12/2023,48458017200,4252216550
964,Thứ 5,30/11/2023,,"9,13,21,28,50,54",51,09 13 21 28 50 54 | ĐB 51,Power_6/55,https://www.minhchinh.com/xs-power-655-ket-qua-power-655-ngay-30-11-2023.html,30/11/2023,46969203000,4086792750
963,Thứ 3,28/11/2023,,"10,24,47,48,52,55",28,10 24 47 48 52 55 | ĐB 28,Power_6/55,https://www.minhchinh.com/xs-power-655-ket-qua-power-655-ngay-28-11-2023.html,28/11/2023,44717168550,3836566700
962,Thứ 7,25/11/2023,,"7,9,10,17,25,53",49,07 09 10 17 25 53 | ĐB 49,Power_6/55,https://www.minhchinh.com/xs-power-655-ket-qua-power-655-ngay-25-11-2023.html,25/11/2023,42235023000,3560772750
961,Thứ 5,23/11/2023,,"4,6,26,33,52,55",15,04 06 26 33 52 55 | ĐB 15,Power_6/55,https://www.minhchinh.com/xs-power-655-ket-qua-power-655-ngay-23-11-2023.html,23/11/2023,40785765150,3399744100
960,Thứ 3,21/11/2023,,"3,7,16,37,39,51",9,03 07 16 37 39 51 | ĐB 09,Power_6/55,https://www.minhchinh.com/xs-power-655-ket-qua-power-655-ngay-21-11-2023.html,21/11/2023,38984117250,3199561000
959,Thứ 7,18/11/2023,,"1,7,10,14,28,29",2,01 07 10 14 28 29 | ĐB 02,Power_6/55,https://www.minhchinh.com/xs-power-655-ket-qua-power-655-ngay-18-11-2023.html,18/11/2023,37188068250,3137295700
958,Thứ 5,16/11/2023,,"3,5,10,18,44,49",28,03 05 10 18 44 49 | ĐB 28,Power_6/55,https://www.minhchinh.com/xs-power-655-ket-qua-power-655-ngay-16-11-2023.html,16/11/2023,35952406950,4225328000
957,Thứ 3,14/11/2023,,"4,9,12,15,22,38",40,04 09 12 15 22 38 | ĐB 40,Power_6/55,https://www.minhchinh.com/xs-power-655-ket-qua-power-655-ngay-14-11-2023.html,14/11/2023,34196392650,4030215300
956,Thứ 7,11/11/2023,,"2,3,4,19,41,42",23,02 03 04 19 41 42 | ĐB 23,Power_6/55,https://www.minhchinh.com/xs-power-655-ket-qua-power-655-ngay-11-11-2023.html,11/11/2023,32810830500,3876263950
955,Thứ 5,09/11/2023,,"8,17,24,34,39,48",44,08 17 24 34 39 48 | ĐB 44,Power_6/55,https://www.minhchinh.com/xs-power-655-ket-qua-power-655-ngay-09-11-2023.html,09/11/2023,31420540650,3721787300
954,Thứ 3,07/11/2023,,"12,18,20,28,35,52",25,12 18 20 28 35 52 | ĐB 25,Power_6/55,https://www.minhchinh.com/xs-power-655-ket-qua-power-655-ngay-07-11-2023.html,07/11/2023,35075545050,3563949450
953,Thứ 7,04/11/2023,,"14,35,37,47,48,50",43,14 35 37 47 48 50 | ĐB 43,Power_6/55,https://www.minhchinh.com/xs-power-655-ket-qua-power-655-ngay-04-11-2023.html,04/11/2023,33414096900,3379344100
952,Thứ 5,02/11/2023,,"9,15,17,21,26,36",13,09 15 17 21 26 36 | ĐB 13,Power_6/55,https://www.minhchinh.com/xs-power-655-ket-qua-power-655-ngay-02-11-2023.html,02/11/2023,31605069000,3178341000
951,Thứ 3,31/10/2023,,"10,16,17,28,37,42",43,10 16 17 28 37 42 | ĐB 43,Power_6/55,https://www.minhchinh.com/xs-power-655-ket-qua-power-655-ngay-31-10-2023.html,31/10/2023,173149875300,3727385950
950,Thứ 7,28/10/2023,,"11,14,25,44,46,47",10,11 14 25 44 46 47 | ĐB 10,Power_6/55,https://www.minhchinh.com/xs-power-655-ket-qua-power-655-ngay-28-10-2023.html,28/10/2023,166603401750,4602191450
949,Thứ 5,26/10/2023,,"14,22,32,37,43,48",42,14 22 32 37 43 48 | ĐB 42,Power_6/55,https://www.minhchinh.com/xs-power-655-ket-qua-power-655-ngay-26-10-2023.html,26/10/2023,157447377750,3584855450
948,Thứ 3,24/10/2023,,"12,20,26,33,40,44",24,12 20 26 33 40 44 | ĐB 24,Power_6/55,https://www.minhchinh.com/xs-power-655-ket-qua-power-655-ngay-24-10-2023.html,24/10/2023,152183678700,6548895550
947,Thứ 7,21/10/2023,,"11,16,24,34,47,52",15,11 16 24 34 47 52 | ĐB 15,Power_6/55,https://www.minhchinh.com/xs-power-655-ket-qua-power-655-ngay-21-10-2023.html,21/10/2023,142854653550,5512337200
946,Thứ 5,19/10/2023,,"1,23,29,37,51,55",54,01 23 29 37 51 55 | ĐB 54,Power_6/55,https://www.minhchinh.com/xs-power-655-ket-qua-power-655-ngay-19-10-2023.html,19/10/2023,134594405850,4594531900
945,Thứ 3,17/10/2023,,"13,22,33,41,46,47",9,13 22 33 41 46 47 | ĐB 09,Power_6/55,https://www.minhchinh.com/xs-power-655-ket-qua-power-655-ngay-17-10-2023.html,17/10/2023,126033393900,3643308350
944,Thứ 7,14/10/2023,,"8,23,30,34,38,47",10,08 23 30 34 38 47 | ĐB 10,Power_6/55,https://www.minhchinh.com/xs-power-655-ket-qua-power-655-ngay-14-10-2023.html,14/10/2023,120243618750,5040169200
943,Thứ 5,12/10/2023,,"5,8,9,20,36,50",35,05 08 09 20 36 50 | ĐB 35,Power_6/55,https://www.minhchinh.com/xs-power-655-ket-qua-power-655-ngay-12-10-2023.html,12/10/2023,112991932200,4234426250
942,Thứ 3,10/10/2023,,"6,23,26,37,44,46",33,06 23 26 37 44 46 | ĐB 33,Power_6/55,https://www.minhchinh.com/xs-power-655-ket-qua-power-655-ngay-10-10-2023.html,10/10/2023,106511719800,3514402650
941,Thứ 7,07/10/2023,,"4,13,36,40,43,52",34,04 13 36 40 43 52 | ĐB 34,Power_6/55,https://www.minhchinh.com/xs-power-655-ket-qua-power-655-ngay-07-10-2023.html,07/10/2023,101882095950,4617950050
940,Thứ 5,05/10/2023,,"1,21,33,46,47,53",9,01 21 33 46 47 53 | ĐB 09,Power_6/55,https://www.minhchinh.com/xs-power-655-ket-qua-power-655-ngay-05-10-2023.html,05/10/2023,95566397700,3916205800
939,Thứ 3,03/10/2023,,"3,15,27,29,37,48",55,03 15 27 29 37 48 | ĐB 55,Power_6/55,https://www.minhchinh.com/xs-power-655-ket-qua-power-655-ngay-03-10-2023.html,03/10/2023,90070410900,3305540600
938,Thứ 7,30/09/2023,,"3,13,19,30,38,44",51,03 13 19 30 38 44 | ĐB 51,Power_6/55,https://www.minhchinh.com/xs-power-655-ket-qua-power-655-ngay-30-09-2023.html,30/09/2023,87320545500,6877471800
937,Thứ 5,28/09/2023,,"4,23,36,45,47,50",22,04 23 36 45 47 50 | ĐB 22,Power_6/55,https://www.minhchinh.com/xs-power-655-ket-qua-power-655-ngay-28-09-2023.html,28/09/2023,82096341600,6297004700
936,Thứ 3,26/09/2023,,"14,20,24,27,41,44",23,14 20 24 27 41 44 | ĐB 23,Power_6/55,https://www.minhchinh.com/xs-power-655-ket-qua-power-655-ngay-26-09-2023.html,26/09/2023,77347149150,5769316650
935,Thứ 7,23/09/2023,,"20,27,36,43,45,47",35,20 27 36 43 45 47 | ĐB 35,Power_6/55,https://www.minhchinh.com/xs-power-655-ket-qua-power-655-ngay-23-09-2023.html,23/09/2023,72457474800,5226019500
934,Thứ 5,21/09/2023,,"16,26,33,34,41,43",53,16 26 33 34 41 43 | ĐB 53,Power_6/55,https://www.minhchinh.com/xs-power-655-ket-qua-power-655-ngay-21-09-2023.html,21/09/2023,67899735300,4719604000
933,Thứ 3,19/09/2023,,"17,29,35,40,51,52",23,17 29 35 40 51 52 | ĐB 23,Power_6/55,https://www.minhchinh.com/xs-power-655-ket-qua-power-655-ngay-19-09-2023.html,19/09/2023,64650236700,4358548600
932,Thứ 7,16/09/2023,,"25,27,42,51,54,55",45,25 27 42 51 54 55 | ĐB 45,Power_6/55,https://www.minhchinh.com/xs-power-655-ket-qua-power-655-ngay-16-09-2023.html,16/09/2023,61815809550,4043612250
931,Thứ 5,14/09/2023,,"6,10,20,22,50,52",34,06 10 20 22 50 52 | ĐB 34,Power_6/55,https://www.minhchinh.com/xs-power-655-ket-qua-power-655-ngay-14-09-2023.html,14/09/2023,59333976300,3767853000
930,Thứ 3,12/09/2023,,"26,31,32,39,45,55",28,26 31 32 39 45 55 | ĐB 28,Power_6/55,https://www.minhchinh.com/xs-power-655-ket-qua-power-655-ngay-12-09-2023.html,12/09/2023,56990967600,3507518700
929,Thứ 7,09/09/2023,,"13,20,32,37,43,49",40,13 20 32 37 43 49 | ĐB 40,Power_6/55,https://www.minhchinh.com/xs-power-655-ket-qua-power-655-ngay-09-09-2023.html,09/09/2023,54554601450,3236811350
928,Thứ 5,07/09/2023,,"1,4,36,42,45,54",32,01 04 36 42 45 54 | ĐB 32,Power_6/55,https://www.minhchinh.com/xs-power-655-ket-qua-power-655-ngay-07-09-2023.html,07/09/2023,52423299300,4296715600
927,Thứ 3,05/09/2023,,"2,6,19,29,34,48",39,02 06 19 29 34 48 | ĐB 39,Power_6/55,https://www.minhchinh.com/xs-power-655-ket-qua-power-655-ngay-05-09-2023.html,05/09/2023,50166294600,4045937300
926,Thứ 7,02/09/2023,,"12,15,32,44,46,51",48,12 15 32 44 46 51 | ĐB 48,Power_6/55,https://www.minhchinh.com/xs-power-655-ket-qua-power-655-ngay-02-09-2023.html,02/09/2023,48434457450,3853510950
925,Thứ 5,31/08/2023,,"23,33,37,43,45,46",29,23 33 37 43 45 46 | ĐB 29,Power_6/55,https://www.minhchinh.com/xs-power-655-ket-qua-power-655-ngay-31-08-2023.html,31/08/2023,46578147150,3647254250
924,Thứ 3,29/08/2023,,"1,8,20,25,35,53",54,01 08 20 25 35 53 | ĐB 54,Power_6/55,https://www.minhchinh.com/xs-power-655-ket-qua-power-655-ngay-29-08-2023.html,29/08/2023,44834259900,3453489000
923,Thứ 7,26/08/2023,,"5,8,24,38,50,51",47,05 08 24 38 50 51 | ĐB 47,Power_6/55,https://www.minhchinh.com/xs-power-655-ket-qua-power-655-ngay-26-08-2023.html,26/08/2023,42714713100,3217983800
922,Thứ 5,24/08/2023,,"1,10,20,41,42,50",39,01 10 20 41 42 50 | ĐB 39,Power_6/55,https://www.minhchinh.com/xs-power-655-ket-qua-power-655-ngay-24-08-2023.html,24/08/2023,40752858900,13336465600
921,Thứ 3,22/08/2023,,"2,3,6,34,35,36",31,02 03 06 34 35 36 | ĐB 31,Power_6/55,https://www.minhchinh.com/xs-power-655-ket-qua-power-655-ngay-22-08-2023.html,22/08/2023,38459304300,13081626200
920,Thứ 7,19/08/2023,,"7,9,13,22,27,42",23,07 09 13 22 27 42 | ĐB 23,Power_6/55,https://www.minhchinh.com/xs-power-655-ket-qua-power-655-ngay-19-08-2023.html,19/08/2023,35774937300,12783363200
919,Thứ 5,17/08/2023,,"1,5,25,32,51,52",54,01 05 25 32 51 52 | ĐB 54,Power_6/55,https://www.minhchinh.com/xs-power-655-ket-qua-power-655-ngay-17-08-2023.html,17/08/2023,34033462950,12589866050
918,Thứ 3,15/08/2023,,"5,12,25,39,40,53",52,05 12 25 39 40 53 | ĐB 52,Power_6/55,https://www.minhchinh.com/xs-power-655-ket-qua-power-655-ngay-15-08-2023.html,15/08/2023,31860737850,12348452150
917,Thứ 7,12/08/2023,,"13,24,39,43,45,52",8,13 24 39 43 45 52 | ĐB 08,Power_6/55,https://www.minhchinh.com/xs-power-655-ket-qua-power-655-ngay-12-08-2023.html,12/08/2023,256972522350,12141703500
916,Thứ 5,10/08/2023,,"4,14,31,42,47,49",43,04 14 31 42 47 49 | ĐB 43,Power_6/55,https://www.minhchinh.com/xs-power-655-ket-qua-power-655-ngay-10-08-2023.html,10/08/2023,242211415350,10501580500
915,Thứ 3,08/08/2023,,"5,6,19,20,40,45",47,05 06 19 20 40 45 | ĐB 47,Power_6/55,https://www.minhchinh.com/xs-power-655-ket-qua-power-655-ngay-08-08-2023.html,08/08/2023,226138479600,8715698750
914,Thứ 7,05/08/2023,,"22,34,40,47,49,51",44,22 34 40 47 49 51 | ĐB 44,Power_6/55,https://www.minhchinh.com/xs-power-655-ket-qua-power-655-ngay-05-08-2023.html,05/08/2023,210802558800,7011707550
913,Thứ 5,03/08/2023,,"3,12,22,25,37,39",7,03 12 22 25 37 39 | ĐB 07,Power_6/55,https://www.minhchinh.com/xs-power-655-ket-qua-power-655-ngay-03-08-2023.html,03/08/2023,196667264100,5441119250
912,Thứ 3,01/08/2023,,"4,18,22,25,33,48",2,04 18 22 25 33 48 | ĐB 02,Power_6/55,https://www.minhchinh.com/xs-power-655-ket-qua-power-655-ngay-01-08-2023.html,01/08/2023,184720792350,4113733500
911,Thứ 7,29/07/2023,,"16,23,25,26,29,40",32,16 23 25 26 29 40 | ĐB 32,Power_6/55,https://www.minhchinh.com/xs-power-655-ket-qua-power-655-ngay-29-07-2023.html,29/07/2023,174697190850,3864584900
910,Thứ 5,27/07/2023,,"3,11,13,31,33,45",27,03 11 13 31 33 45 | ĐB 27,Power_6/55,https://www.minhchinh.com/xs-power-655-ket-qua-power-655-ngay-27-07-2023.html,27/07/2023,166915926750,3826551700
909,Thứ 3,25/07/2023,,"12,23,42,44,51,52",3,12 23 42 44 51 52 | ĐB 03,Power_6/55,https://www.minhchinh.com/xs-power-655-ket-qua-power-655-ngay-25-07-2023.html,25/07/2023,159476961450,9238211450
908,Thứ 7,22/07/2023,,"9,15,23,25,27,34",41,09 15 23 25 27 34 | ĐB 41,Power_6/55,https://www.minhchinh.com/xs-power-655-ket-qua-power-655-ngay-22-07-2023.html,22/07/2023,147710573850,7930835050
907,Thứ 5,20/07/2023,,"5,34,36,38,47,50",26,05 34 36 38 47 50 | ĐB 26,Power_6/55,https://www.minhchinh.com/xs-power-655-ket-qua-power-655-ngay-20-07-2023.html,20/07/2023,138815469750,6942490150
906,Thứ 3,18/07/2023,,"10,11,19,28,42,47",16,10 11 19 28 42 47 | ĐB 16,Power_6/55,https://www.minhchinh.com/xs-power-655-ket-qua-power-655-ngay-18-07-2023.html,18/07/2023,129014374350,5853479550
905,Thứ 7,15/07/2023,,"2,16,31,37,38,48",36,02 16 31 37 38 48 | ĐB 36,Power_6/55,https://www.minhchinh.com/xs-power-655-ket-qua-power-655-ngay-15-07-2023.html,15/07/2023,119322221250,4776573650
904,Thứ 5,13/07/2023,,"3,4,30,34,36,49",8,03 04 30 34 36 49 | ĐB 08,Power_6/55,https://www.minhchinh.com/xs-power-655-ket-qua-power-655-ngay-13-07-2023.html,13/07/2023,109923542850,3732276050
903,Thứ 3,11/07/2023,,"24,40,44,46,47,49",5,24 40 44 46 47 49 | ĐB 05,Power_6/55,https://www.minhchinh.com/xs-power-655-ket-qua-power-655-ngay-11-07-2023.html,11/07/2023,103333058400,5908033550
902,Thứ 7,08/07/2023,,"8,11,23,43,44,48",41,08 11 23 43 44 48 | ĐB 41,Power_6/55,https://www.minhchinh.com/xs-power-655-ket-qua-power-655-ngay-08-07-2023.html,08/07/2023,93737419050,4841851400
901,Thứ 5,06/07/2023,,"7,12,29,39,46,55",1,07 12 29 39 46 55 | ĐB 01,Power_6/55,https://www.minhchinh.com/xs-power-655-ket-qua-power-655-ngay-06-07-2023.html,06/07/2023,86968735500,4089775450
900,Thứ 3,04/07/2023,,"4,13,14,23,33,50",41,04 13 14 23 33 50 | ĐB 41,Power_6/55,https://www.minhchinh.com/xs-power-655-ket-qua-power-655-ngay-04-07-2023.html,04/07/2023,80894008650,3414805800
899,Thứ 7,01/07/2023,,"13,33,36,38,45,50",25,13 33 36 38 45 50 | ĐB 25,Power_6/55,https://www.minhchinh.com/xs-power-655-ket-qua-power-655-ngay-01-07-2023.html,01/07/2023,77160756450,4136449100
898,Thứ 5,29/06/2023,,"1,11,12,28,46,54",40,01 11 12 28 46 54 | ĐB 40,Power_6/55,https://www.minhchinh.com/xs-power-655-ket-qua-power-655-ngay-29-06-2023.html,29/06/2023,72625274850,3632506700
897,Thứ 3,27/06/2023,,"2,12,15,16,27,28",47,02 12 15 16 27 28 | ĐB 47,Power_6/55,https://www.minhchinh.com/xs-power-655-ket-qua-power-655-ngay-27-06-2023.html,27/06/2023,69936872700,3333795350
896,Thứ 7,24/06/2023,,"8,9,16,20,50,53",3,08 09 16 20 50 53 | ĐB 03,Power_6/55,https://www.minhchinh.com/xs-power-655-ket-qua-power-655-ngay-24-06-2023.html,24/06/2023,66932714550,3735399800
895,Thứ 5,22/06/2023,,"2,11,14,35,43,51",55,02 11 14 35 43 51 | ĐB 55,Power_6/55,https://www.minhchinh.com/xs-power-655-ket-qua-power-655-ngay-22-06-2023.html,22/06/2023,65034265800,3524461050
894,Thứ 3,20/06/2023,,"7,23,26,31,35,53",32,07 23 26 31 35 53 | ĐB 32,Power_6/55,https://www.minhchinh.com/xs-power-655-ket-qua-power-655-ngay-20-06-2023.html,20/06/2023,63040925550,3302978800
893,Thứ 7,17/06/2023,,"7,13,23,34,38,40",55,07 13 23 34 38 40 | ĐB 55,Power_6/55,https://www.minhchinh.com/xs-power-655-ket-qua-power-655-ngay-17-06-2023.html,17/06/2023,60314116350,3256525700
892,Thứ 5,15/06/2023,,"10,11,25,39,46,55",40,10 11 25 39 46 55 | ĐB 40,Power_6/55,https://www.minhchinh.com/xs-power-655-ket-qua-power-655-ngay-15-06-2023.html,15/06/2023,58005385050,5622310700
891,Thứ 3,13/06/2023,,"4,14,18,27,47,50",33,04 14 18 27 47 50 | ĐB 33,Power_6/55,https://www.minhchinh.com/xs-power-655-ket-qua-power-655-ngay-13-06-2023.html,13/06/2023,55603213950,5355402800
890,Thứ 7,10/06/2023,,"10,17,27,32,35,41",54,10 17 27 32 35 41 | ĐB 54,Power_6/55,https://www.minhchinh.com/xs-power-655-ket-qua-power-655-ngay-10-06-2023.html,10/06/2023,52877718300,5052569950
889,Thứ 5,08/06/2023,,"3,36,38,43,51,53",2,03 36 38 43 51 53 | ĐB 02,Power_6/55,https://www.minhchinh.com/xs-power-655-ket-qua-power-655-ngay-08-06-2023.html,08/06/2023,50491951050,4787484700
888,Thứ 3,06/06/2023,,"1,14,23,27,44,50",43,01 14 23 27 44 50 | ĐB 43,Power_6/55,https://www.minhchinh.com/xs-power-655-ket-qua-power-655-ngay-06-06-2023.html,06/06/2023,48285119100,4542281150
887,Thứ 7,03/06/2023,,"23,28,29,36,38,41",7,23 28 29 36 38 41 | ĐB 07,Power_6/55,https://www.minhchinh.com/xs-power-655-ket-qua-power-655-ngay-03-06-2023.html,03/06/2023,45597828900,4243693350
886,Thứ 5,01/06/2023,,"3,18,40,41,46,47",36,03 18 40 41 46 47 | ĐB 36,Power_6/55,https://www.minhchinh.com/xs-power-655-ket-qua-power-655-ngay-01-06-2023.html,01/06/2023,43522243950,4013072800
885,Thứ 3,30/05/2023,,"1,14,24,28,40,46",34,01 14 24 28 40 46 | ĐB 34,Power_6/55,https://www.minhchinh.com/xs-power-655-ket-qua-power-655-ngay-30-05-2023.html,30/05/2023,41223910350,3757702400
884,Thứ 7,27/05/2023,,"4,6,8,18,39,43",28,04 06 08 18 39 43 | ĐB 28,Power_6/55,https://www.minhchinh.com/xs-power-655-ket-qua-power-655-ngay-27-05-2023.html,27/05/2023,38990916300,3509591950
883,Thứ 5,25/05/2023,,"15,16,19,31,33,46",7,15 16 19 31 33 46 | ĐB 07,Power_6/55,https://www.minhchinh.com/xs-power-655-ket-qua-power-655-ngay-25-05-2023.html,25/05/2023,37840372050,3381753700
882,Thứ 3,23/05/2023,,"26,27,35,36,47,54",40,26 27 35 36 47 54 | ĐB 40,Power_6/55,https://www.minhchinh.com/xs-power-655-ket-qua-power-655-ngay-23-05-2023.html,23/05/2023,36233149800,3203173450
881,Thứ 7,20/05/2023,,"1,14,21,36,48,53",44,01 14 21 36 48 53 | ĐB 44,Power_6/55,https://www.minhchinh.com/xs-power-655-ket-qua-power-655-ngay-20-05-2023.html,20/05/2023,34404588750,4661644750
880,Thứ 5,18/05/2023,,"13,14,21,23,30,41",49,13 14 21 23 30 41 | ĐB 49,Power_6/55,https://www.minhchinh.com/xs-power-655-ket-qua-power-655-ngay-18-05-2023.html,18/05/2023,32942141850,4499150650
879,Thứ 3,16/05/2023,,"19,24,30,34,40,44",51,19 24 30 34 40 44 | ĐB 51,Power_6/55,https://www.minhchinh.com/xs-power-655-ket-qua-power-655-ngay-16-05-2023.html,16/05/2023,31705358250,4361730250
878,Thứ 7,13/05/2023,,"22,24,35,43,45,54",50,22 24 35 43 45 54 | ĐB 50,Power_6/55,https://www.minhchinh.com/xs-power-655-ket-qua-power-655-ngay-13-05-2023.html,13/05/2023,76361538900,4172246000
877,Thứ 5,11/05/2023,,"1,3,19,33,34,51",17,01 03 19 33 34 51 | ĐB 17,Power_6/55,https://www.minhchinh.com/xs-power-655-ket-qua-power-655-ngay-11-05-2023.html,11/05/2023,73659305100,3871997800
876,Thứ 3,09/05/2023,,"7,9,13,22,44,47",39,07 09 13 22 44 47 | ĐB 39,Power_6/55,https://www.minhchinh.com/xs-power-655-ket-qua-power-655-ngay-09-05-2023.html,09/05/2023,70842375750,3559005650
875,Thứ 7,06/05/2023,,"1,11,22,28,34,42",10,01 11 22 28 34 42 | ĐB 10,Power_6/55,https://www.minhchinh.com/xs-power-655-ket-qua-power-655-ngay-06-05-2023.html,06/05/2023,68127043350,3257302050
874,Thứ 5,04/05/2023,,"13,30,32,35,45,52",29,13 30 32 35 45 52 | ĐB 29,Power_6/55,https://www.minhchinh.com/xs-power-655-ket-qua-power-655-ngay-04-05-2023.html,04/05/2023,65811324900,3549402400
873,Thứ 3,02/05/2023,,"4,11,18,25,33,45",21,04 11 18 25 33 45 | ĐB 21,Power_6/55,https://www.minhchinh.com/xs-power-655-ket-qua-power-655-ngay-02-05-2023.html,02/05/2023,62962637700,3232881600
872,Thứ 7,29/04/2023,,"2,9,12,24,41,53",35,02 09 12 24 41 53 | ĐB 35,Power_6/55,https://www.minhchinh.com/xs-power-655-ket-qua-power-655-ngay-29-04-2023.html,29/04/2023,60866703300,3261376150
871,Thứ 5,27/04/2023,,"8,28,38,39,41,45",54,08 28 38 39 41 45 | ĐB 54,Power_6/55,https://www.minhchinh.com/xs-power-655-ket-qua-power-655-ngay-27-04-2023.html,27/04/2023,58514317950,3466427050
870,Thứ 3,25/04/2023,,"6,10,19,23,25,28",45,06 10 19 23 25 28 | ĐB 45,Power_6/55,https://www.minhchinh.com/xs-power-655-ket-qua-power-655-ngay-25-04-2023.html,25/04/2023,56226657900,3212242600
869,Thứ 7,22/04/2023,,"9,18,23,24,48,52",10,09 18 23 24 48 52 | ĐB 10,Power_6/55,https://www.minhchinh.com/xs-power-655-ket-qua-power-655-ngay-22-04-2023.html,22/04/2023,54316474500,3390154000
868,Thứ 5,20/04/2023,,"7,11,32,35,42,51",46,07 11 32 35 42 51 | ĐB 46,Power_6/55,https://www.minhchinh.com/xs-power-655-ket-qua-power-655-ngay-20-04-2023.html,20/04/2023,53021964900,3246319600
867,Thứ 3,18/04/2023,,"17,18,30,40,51,55",50,17 18 30 40 51 55 | ĐB 50,Power_6/55,https://www.minhchinh.com/xs-power-655-ket-qua-power-655-ngay-18-04-2023.html,18/04/2023,50805088500,3514626950
866,Thứ 7,15/04/2023,,"1,34,35,36,42,43",5,01 34 35 36 42 43 | ĐB 05,Power_6/55,https://www.minhchinh.com/xs-power-655-ket-qua-power-655-ngay-15-04-2023.html,15/04/2023,48248431500,3230553950
865,Thứ 5,13/04/2023,,"22,26,28,37,39,48",15,22 26 28 37 39 48 | ĐB 15,Power_6/55,https://www.minhchinh.com/xs-power-655-ket-qua-power-655-ngay-13-04-2023.html,13/04/2023,46173445950,5423864950
864,Thứ 3,11/04/2023,,"10,14,16,18,37,49",54,10 14 16 18 37 49 | ĐB 54,Power_6/55,https://www.minhchinh.com/xs-power-655-ket-qua-power-655-ngay-11-04-2023.html,11/04/2023,44227963200,5207700200
863,Thứ 7,08/04/2023,,"17,33,36,46,50,52",40,17 33 36 46 50 52 | ĐB 40,Power_6/55,https://www.minhchinh.com/xs-power-655-ket-qua-power-655-ngay-08-04-2023.html,08/04/2023,42137944050,4975475850
862,Thứ 5,06/04/2023,,"7,10,12,33,52,54",16,07 10 12 33 52 54 | ĐB 16,Power_6/55,https://www.minhchinh.com/xs-power-655-ket-qua-power-655-ngay-06-04-2023.html,06/04/2023,40461283650,4789180250
861,Thứ 3,04/04/2023,,"13,28,41,42,47,51",9,13 28 41 42 47 51 | ĐB 09,Power_6/55,https://www.minhchinh.com/xs-power-655-ket-qua-power-655-ngay-04-04-2023.html,04/04/2023,38918931150,4617807750
860,Thứ 7,01/04/2023,,"12,34,39,44,49,55",14,12 34 39 44 49 55 | ĐB 14,Power_6/55,https://www.minhchinh.com/xs-power-655-ket-qua-power-655-ngay-01-04-2023.html,01/04/2023,36853249350,4388287550
859,Thứ 5,30/03/2023,,"6,11,14,21,30,32",22,06 11 14 21 30 32 | ĐB 22,Power_6/55,https://www.minhchinh.com/xs-power-655-ket-qua-power-655-ngay-30-03-2023.html,30/03/2023,35002371900,4182634500
858,Thứ 3,28/03/2023,,"6,21,24,41,50,53",13,06 21 24 41 50 53 | ĐB 13,Power_6/55,https://www.minhchinh.com/xs-power-655-ket-qua-power-655-ngay-28-03-2023.html,28/03/2023,33425088600,4007380800
857,Thứ 7,25/03/2023,,"17,18,28,40,49,54",16,17 18 28 40 49 54 | ĐB 16,Power_6/55,https://www.minhchinh.com/xs-power-655-ket-qua-power-655-ngay-25-03-2023.html,25/03/2023,31734697800,3819559600
856,Thứ 5,23/03/2023,,"4,7,22,33,40,49",39,04 07 22 33 40 49 | ĐB 39,Power_6/55,https://www.minhchinh.com/xs-power-655-ket-qua-power-655-ngay-23-03-2023.html,23/03/2023,71024943450,3626815400
855,Thứ 3,21/03/2023,,"7,17,31,43,45,49",52,07 17 31 43 45 49 | ĐB 52,Power_6/55,https://www.minhchinh.com/xs-power-655-ket-qua-power-655-ngay-21-03-2023.html,21/03/2023,68288184300,3322731050
854,Thứ 7,18/03/2023,,"18,24,32,33,51,53",36,18 24 32 33 51 53 | ĐB 36,Power_6/55,https://www.minhchinh.com/xs-power-655-ket-qua-power-655-ngay-18-03-2023.html,18/03/2023,65383604850,3348904850
853,Thứ 5,16/03/2023,,"6,23,34,48,50,55",2,06 23 34 48 50 55 | ĐB 02,Power_6/55,https://www.minhchinh.com/xs-power-655-ket-qua-power-655-ngay-16-03-2023.html,16/03/2023,62243461200,4823636850
852,Thứ 3,14/03/2023,,"14,15,18,20,27,35",31,14 15 18 20 27 35 | ĐB 31,Power_6/55,https://www.minhchinh.com/xs-power-655-ket-qua-power-655-ngay-14-03-2023.html,14/03/2023,59309461650,4497636900
851,Thứ 7,11/03/2023,,"13,23,25,30,35,44",8,13 23 25 30 35 44 | ĐB 08,Power_6/55,https://www.minhchinh.com/xs-power-655-ket-qua-power-655-ngay-11-03-2023.html,11/03/2023,56487021150,4184032400
850,Thứ 5,09/03/2023,,"12,22,28,34,53,54",40,12 22 28 34 53 54 | ĐB 40,Power_6/55,https://www.minhchinh.com/xs-power-655-ket-qua-power-655-ngay-09-03-2023.html,09/03/2023,54468180300,3959716750
849,Thứ 3,07/03/2023,,"8,22,25,27,39,50",28,08 22 25 27 39 50 | ĐB 28,Power_6/55,https://www.minhchinh.com/xs-power-655-ket-qua-power-655-ngay-07-03-2023.html,07/03/2023,52053289050,3691395500
848,Thứ 7,04/03/2023,,"9,13,23,36,38,54",21,09 13 23 36 38 54 | ĐB 21,Power_6/55,https://www.minhchinh.com/xs-power-655-ket-qua-power-655-ngay-04-03-2023.html,04/03/2023,49872652950,3449102600
847,Thứ 5,02/03/2023,,"1,3,23,24,43,48",31,01 03 23 24 43 48 | ĐB 31,Power_6/55,https://www.minhchinh.com/xs-power-655-ket-qua-power-655-ngay-02-03-2023.html,02/03/2023,47768959650,3215358900
846,Thứ 3,28/02/2023,,"2,13,14,30,43,55",22,02 13 14 30 43 55 | ĐB 22,Power_6/55,https://www.minhchinh.com/xs-power-655-ket-qua-power-655-ngay-28-02-2023.html,28/02/2023,45830729550,4144011550
845,Thứ 7,25/02/2023,,"1,2,14,21,38,51",50,01 02 14 21 38 51 | ĐB 50,Power_6/55,https://www.minhchinh.com/xs-power-655-ket-qua-power-655-ngay-25-02-2023.html,25/02/2023,43516873650,3886916450
844,Thứ 5,23/02/2023,,"12,16,29,31,39,48",40,12 16 29 31 39 48 | ĐB 40,Power_6/55,https://www.minhchinh.com/xs-power-655-ket-qua-power-655-ngay-23-02-2023.html,23/02/2023,41760073200,3691716400
843,Thứ 3,21/02/2023,,"4,12,15,21,30,44",5,04 12 15 21 30 44 | ĐB 05,Power_6/55,https://www.minhchinh.com/xs-power-655-ket-qua-power-655-ngay-21-02-2023.html,21/02/2023,40163155050,3514281050
842,Thứ 7,18/02/2023,,"11,23,26,29,43,50",5,11 23 26 29 43 50 | ĐB 05,Power_6/55,https://www.minhchinh.com/xs-power-655-ket-qua-power-655-ngay-18-02-2023.html,18/02/2023,38396133300,3317945300
841,Thứ 5,16/02/2023,,"1,5,7,8,20,22",33,01 05 07 08 20 22 | ĐB 33,Power_6/55,https://www.minhchinh.com/xs-power-655-ket-qua-power-655-ngay-16-02-2023.html,16/02/2023,36591358350,3117414750
840,Thứ 3,14/02/2023,,"1,9,33,37,43,45",23,01 09 33 37 43 45 | ĐB 23,Power_6/55,https://www.minhchinh.com/xs-power-655-ket-qua-power-655-ngay-14-02-2023.html,14/02/2023,35534625600,3614958400
839,Thứ 7,11/02/2023,,"4,13,45,48,52,54",5,04 13 45 48 52 54 | ĐB 05,Power_6/55,https://www.minhchinh.com/xs-power-655-ket-qua-power-655-ngay-11-02-2023.html,11/02/2023,33529908900,3392212100
838,Thứ 5,09/02/2023,,"1,10,29,30,49,50",9,01 10 29 30 49 50 | ĐB 09,Power_6/55,https://www.minhchinh.com/xs-power-655-ket-qua-power-655-ngay-09-02-2023.html,09/02/2023,31790453700,3198939300
837,Thứ 3,07/02/2023,,"6,27,29,32,39,52",9,06 27 29 32 39 52 | ĐB 09,Power_6/55,https://www.minhchinh.com/xs-power-655-ket-qua-power-655-ngay-07-02-2023.html,07/02/2023,92507434050,5518164800
836,Thứ 7,04/02/2023,,"2,6,8,27,41,46",20,02 06 08 27 41 46 | ĐB 20,Power_6/55,https://www.minhchinh.com/xs-power-655-ket-qua-power-655-ngay-04-02-2023.html,04/02/2023,85835025750,4776786100
835,Thứ 5,02/02/2023,,"3,10,23,29,34,53",11,03 10 23 29 34 53 | ĐB 11,Power_6/55,https://www.minhchinh.com/xs-power-655-ket-qua-power-655-ngay-02-02-2023.html,02/02/2023,79652814150,4089873700
834,Thứ 3,31/01/2023,,"10,11,31,32,38,52",5,10 11 31 32 38 52 | ĐB 05,Power_6/55,https://www.minhchinh.com/xs-power-655-ket-qua-power-655-ngay-31-01-2023.html,31/01/2023,73618027050,3419341800
833,Thứ 7,28/01/2023,,"9,22,23,29,38,47",33,09 22 23 29 38 47 | ĐB 33,Power_6/55,https://www.minhchinh.com/xs-power-655-ket-qua-power-655-ngay-28-01-2023.html,28/01/2023,69843950850,4450051600
832,Thứ 5,26/01/2023,,"8,15,18,20,33,41",14,08 15 18 20 33 41 | ĐB 14,Power_6/55,https://www.minhchinh.com/xs-power-655-ket-qua-power-655-ngay-26-01-2023.html,26/01/2023,67293412500,4166658450
831,Thứ 3,24/01/2023,,"3,5,10,12,29,30",9,03 05 10 12 29 30 | ĐB 09,Power_6/55,https://www.minhchinh.com/xs-power-655-ket-qua-power-655-ngay-24-01-2023.html,24/01/2023,64877769750,3898253700
830,Thứ 5,19/01/2023,,"3,21,32,33,38,52",30,03 21 32 33 38 52 | ĐB 30,Power_6/55,https://www.minhchinh.com/xs-power-655-ket-qua-power-655-ngay-19-01-2023.html,19/01/2023,62304180150,3612299300
829,Thứ 3,17/01/2023,,"1,9,20,36,44,50",40,01 09 20 36 44 50 | ĐB 40,Power_6/55,https://www.minhchinh.com/xs-power-655-ket-qua-power-655-ngay-17-01-2023.html,17/01/2023,59818408950,3336102500
828,Thứ 7,14/01/2023,,"5,17,24,30,43,53",26,05 17 24 30 43 53 | ĐB 26,Power_6/55,https://www.minhchinh.com/xs-power-655-ket-qua-power-655-ngay-14-01-2023.html,14/01/2023,56793486450,4023574850
827,Thứ 5,12/01/2023,,"5,14,37,45,47,55",25,05 14 37 45 47 55 | ĐB 25,Power_6/55,https://www.minhchinh.com/xs-power-655-ket-qua-power-655-ngay-12-01-2023.html,12/01/2023,54479037450,3766413850
826,Thứ 3,10/01/2023,,"5,12,14,19,46,51",36,05 12 14 19 46 51 | ĐB 36,Power_6/55,https://www.minhchinh.com/xs-power-655-ket-qua-power-655-ngay-10-01-2023.html,10/01/2023,51992583600,3490141200
825,Thứ 7,07/01/2023,,"3,4,9,15,33,54",16,03 04 09 15 33 54 | ĐB 16,Power_6/55,https://www.minhchinh.com/xs-power-655-ket-qua-power-655-ngay-07-01-2023.html,07/01/2023,49544227650,3218101650
824,Thứ 5,05/01/2023,,"5,12,34,37,47,49",28,05 12 34 37 47 49 | ĐB 28,Power_6/55,https://www.minhchinh.com/xs-power-655-ket-qua-power-655-ngay-05-01-2023.html,05/01/2023,47581312800,3487777200
823,Thứ 3,03/01/2023,,"9,13,24,43,47,48",18,09 13 24 43 47 48 | ĐB 18,Power_6/55,https://www.minhchinh.com/xs-power-655-ket-qua-power-655-ngay-03-01-2023.html,03/01/2023,45442629750,3250145750
822,Thứ 7,31/12/2022,,"10,15,36,42,45,52",20,10 15 36 42 45 52 | ĐB 20,Power_6/55,https://www.minhchinh.com/xs-power-655-ket-qua-power-655-ngay-31-12-2022.html,31/12/2022,43191318000,4215920150
821,Thứ 5,29/12/2022,,"6,8,33,37,38,51",48,06 08 33 37 38 51 | ĐB 48,Power_6/55,https://www.minhchinh.com/xs-power-655-ket-qua-power-655-ngay-29-12-2022.html,29/12/2022,40919760750,3963524900
820,Thứ 3,27/12/2022,,"11,12,13,14,23,55",27,11 12 13 14 23 55 | ĐB 27,Power_6/55,https://www.minhchinh.com/xs-power-655-ket-qua-power-655-ngay-27-12-2022.html,27/12/2022,38626793850,3708750800
819,Thứ 7,24/12/2022,,"5,19,22,23,30,44",52,05 19 22 23 30 44 | ĐB 52,Power_6/55,https://www.minhchinh.com/xs-power-655-ket-qua-power-655-ngay-24-12-2022.html,24/12/2022,36098421150,3427820500
818,Thứ 5,22/12/2022,,"14,26,35,43,45,48",3,14 26 35 43 45 48 | ĐB 03,Power_6/55,https://www.minhchinh.com/xs-power-655-ket-qua-power-655-ngay-22-12-2022.html,22/12/2022,34469658750,3246846900
817,Thứ 3,20/12/2022,,"2,6,9,20,31,35",42,02 06 09 20 31 35 | ĐB 42,Power_6/55,https://www.minhchinh.com/xs-power-655-ket-qua-power-655-ngay-20-12-2022.html,20/12/2022,32248036650,5524310950
816,Thứ 7,17/12/2022,,"1,2,29,34,41,42",9,01 02 29 34 41 42 | ĐB 09,Power_6/55,https://www.minhchinh.com/xs-power-655-ket-qua-power-655-ngay-17-12-2022.html,17/12/2022,167391079950,5274529100
815,Thứ 5,15/12/2022,,"2,25,38,50,51,55",21,02 25 38 50 51 55 | ĐB 21,Power_6/55,https://www.minhchinh.com/xs-power-655-ket-qua-power-655-ngay-15-12-2022.html,15/12/2022,155290691550,3930041500
814,Thứ 3,13/12/2022,,"10,22,31,37,41,52",20,10 22 31 37 41 52 | ĐB 20,Power_6/55,https://www.minhchinh.com/xs-power-655-ket-qua-power-655-ngay-13-12-2022.html,13/12/2022,146920318050,5273814700
813,Thứ 7,10/12/2022,,"2,12,13,18,33,44",31,02 12 13 18 33 44 | ĐB 31,Power_6/55,https://www.minhchinh.com/xs-power-655-ket-qua-power-655-ngay-10-12-2022.html,10/12/2022,134599851300,3904873950
812,Thứ 5,08/12/2022,,"6,30,36,41,49,55",20,06 30 36 41 49 55 | ĐB 20,Power_6/55,https://www.minhchinh.com/xs-power-655-ket-qua-power-655-ngay-08-12-2022.html,08/12/2022,126455985750,6070142500
811,Thứ 3,06/12/2022,,"1,11,25,44,45,46",35,01 11 25 44 45 46 | ĐB 35,Power_6/55,https://www.minhchinh.com/xs-power-655-ket-qua-power-655-ngay-06-12-2022.html,06/12/2022,116145205500,4924500250
810,Thứ 7,03/12/2022,,"16,17,27,48,52,53",24,16 17 27 48 52 53 | ĐB 24,Power_6/55,https://www.minhchinh.com/xs-power-655-ket-qua-power-655-ngay-03-12-2022.html,03/12/2022,108784806600,4106678150
809,Thứ 5,01/12/2022,,"11,14,29,31,52,54",7,11 14 29 31 52 54 | ĐB 07,Power_6/55,https://www.minhchinh.com/xs-power-655-ket-qua-power-655-ngay-01-12-2022.html,01/12/2022,103576368900,3527962850
808,Thứ 3,29/11/2022,,"2,13,16,18,41,42",19,02 13 16 18 41 42 | ĐB 19,Power_6/55,https://www.minhchinh.com/xs-power-655-ket-qua-power-655-ngay-29-11-2022.html,29/11/2022,98824703250,4332824400
807,Thứ 7,26/11/2022,,"8,23,24,48,49,52",1,08 23 24 48 49 52 | ĐB 01,Power_6/55,https://www.minhchinh.com/xs-power-655-ket-qua-power-655-ngay-26-11-2022.html,26/11/2022,94333835100,3833839050
806,Thứ 5,24/11/2022,,"4,6,18,27,52,53",10,04 06 18 27 52 53 | ĐB 10,Power_6/55,https://www.minhchinh.com/xs-power-655-ket-qua-power-655-ngay-24-11-2022.html,24/11/2022,90352111350,3391425300
805,Thứ 3,22/11/2022,,"3,9,21,22,26,35",15,03 09 21 22 26 35 | ĐB 15,Power_6/55,https://www.minhchinh.com/xs-power-655-ket-qua-power-655-ngay-22-11-2022.html,22/11/2022,86829283650,3395057800
804,Thứ 7,19/11/2022,,"3,15,22,39,46,48",43,03 15 22 39 46 48 | ĐB 43,Power_6/55,https://www.minhchinh.com/xs-power-655-ket-qua-power-655-ngay-19-11-2022.html,19/11/2022,83273763450,3384349700
803,Thứ 5,17/11/2022,,"1,19,25,27,38,42",54,01 19 25 27 38 42 | ĐB 54,Power_6/55,https://www.minhchinh.com/xs-power-655-ket-qua-power-655-ngay-17-11-2022.html,17/11/2022,79814616150,3390879700
802,Thứ 3,15/11/2022,,"4,20,26,36,47,51",33,04 20 26 36 47 51 | ĐB 33,Power_6/55,https://www.minhchinh.com/xs-power-655-ket-qua-power-655-ngay-15-11-2022.html,15/11/2022,76296698850,3739374550
801,Thứ 7,12/11/2022,,"8,18,23,30,35,42",43,08 18 23 30 35 42 | ĐB 43,Power_6/55,https://www.minhchinh.com/xs-power-655-ket-qua-power-655-ngay-12-11-2022.html,12/11/2022,72525177750,3320316650
800,Thứ 5,10/11/2022,,"8,11,14,27,38,45",21,08 11 14 27 38 45 | ĐB 21,Power_6/55,https://www.minhchinh.com/xs-power-655-ket-qua-power-655-ngay-10-11-2022.html,10/11/2022,69642327900,3246053000
799,Thứ 3,08/11/2022,,"12,27,33,44,48,50",18,12 27 33 44 48 50 | ĐB 18,Power_6/55,https://www.minhchinh.com/xs-power-655-ket-qua-power-655-ngay-08-11-2022.html,08/11/2022,67427850900,3982629450
798,Thứ 7,05/11/2022,,"10,19,22,25,47,53",52,10 19 22 25 47 53 | ĐB 52,Power_6/55,https://www.minhchinh.com/xs-power-655-ket-qua-power-655-ngay-05-11-2022.html,05/11/2022,63987346200,3600351150
797,Thứ 5,03/11/2022,,"8,13,24,28,29,33",49,08 13 24 28 29 33 | ĐB 49,Power_6/55,https://www.minhchinh.com/xs-power-655-ket-qua-power-655-ngay-03-11-2022.html,03/11/2022,61167452700,3287029650
796,Thứ 3,01/11/2022,,"3,9,20,23,31,54",55,03 09 20 23 31 54 | ĐB 55,Power_6/55,https://www.minhchinh.com/xs-power-655-ket-qua-power-655-ngay-01-11-2022.html,01/11/2022,58584185850,3735902200
795,Thứ 7,29/10/2022,,"1,3,10,13,15,20",32,01 03 10 13 15 20 | ĐB 32,Power_6/55,https://www.minhchinh.com/xs-power-655-ket-qua-power-655-ngay-29-10-2022.html,29/10/2022,55574880150,3401534900
794,Thứ 5,27/10/2022,,"1,7,10,17,19,30",53,01 07 10 17 19 30 | ĐB 53,Power_6/55,https://www.minhchinh.com/xs-power-655-ket-qua-power-655-ngay-27-10-2022.html,27/10/2022,53993736750,3225852300
793,Thứ 3,25/10/2022,,"8,18,20,22,42,46",1,08 18 20 22 42 46 | ĐB 01,Power_6/55,https://www.minhchinh.com/xs-power-655-ket-qua-power-655-ngay-25-10-2022.html,25/10/2022,51961066050,4345930350
792,Thứ 7,22/10/2022,,"17,19,35,42,51,52",34,17 19 35 42 51 52 | ĐB 34,Power_6/55,https://www.minhchinh.com/xs-power-655-ket-qua-power-655-ngay-22-10-2022.html,22/10/2022,49411290450,4062621950
791,Thứ 5,20/10/2022,,"15,21,27,34,37,53",29,15 21 27 34 37 53 | ĐB 29,Power_6/55,https://www.minhchinh.com/xs-power-655-ket-qua-power-655-ngay-20-10-2022.html,20/10/2022,46869729600,3780226300
790,Thứ 3,18/10/2022,,"6,30,36,39,44,46",49,06 30 36 39 44 46 | ĐB 49,Power_6/55,https://www.minhchinh.com/xs-power-655-ket-qua-power-655-ngay-18-10-2022.html,18/10/2022,44628997800,3531256100
789,Thứ 7,15/10/2022,,"8,15,16,39,45,51",23,08 15 16 39 45 51 | ĐB 23,Power_6/55,https://www.minhchinh.com/xs-power-655-ket-qua-power-655-ngay-15-10-2022.html,15/10/2022,41892390300,3227188600
788,Thứ 5,13/10/2022,,"12,13,43,48,51,52",15,12 13 43 48 51 52 | ĐB 15,Power_6/55,https://www.minhchinh.com/xs-power-655-ket-qua-power-655-ngay-13-10-2022.html,13/10/2022,39847692900,4898754850
787,Thứ 3,11/10/2022,,"11,26,34,40,46,52",1,11 26 34 40 46 52 | ĐB 01,Power_6/55,https://www.minhchinh.com/xs-power-655-ket-qua-power-655-ngay-11-10-2022.html,11/10/2022,37672072050,4657019200
786,Thứ 7,08/10/2022,,"11,17,23,34,41,51",40,11 17 23 34 41 51 | ĐB 40,Power_6/55,https://www.minhchinh.com/xs-power-655-ket-qua-power-655-ngay-08-10-2022.html,08/10/2022,35350914000,4399112750
785,Thứ 5,06/10/2022,,"6,8,19,20,47,53",7,06 08 19 20 47 53 | ĐB 07,Power_6/55,https://www.minhchinh.com/xs-power-655-ket-qua-power-655-ngay-06-10-2022.html,06/10/2022,33330821700,4174658050
784,Thứ 3,04/10/2022,,"5,11,12,22,43,45",42,05 11 12 22 43 45 | ĐB 42,Power_6/55,https://www.minhchinh.com/xs-power-655-ket-qua-power-655-ngay-04-10-2022.html,04/10/2022,31658106000,3988800750
783,Thứ 7,01/10/2022,,"14,15,16,22,23,29",20,14 15 16 22 23 29 | ĐB 20,Power_6/55,https://www.minhchinh.com/xs-power-655-ket-qua-power-655-ngay-01-10-2022.html,01/10/2022,37241100750,3804566750
782,Thứ 5,29/09/2022,,"15,32,33,37,42,54",28,15 32 33 37 42 54 | ĐB 28,Power_6/55,https://www.minhchinh.com/xs-power-655-ket-qua-power-655-ngay-29-09-2022.html,29/09/2022,35206530150,3578503350
781,Thứ 3,27/09/2022,,"11,13,23,27,37,43",34,11 13 23 27 37 43 | ĐB 34,Power_6/55,https://www.minhchinh.com/xs-power-655-ket-qua-power-655-ngay-27-09-2022.html,27/09/2022,33257062650,3361895850
780,Thứ 7,24/09/2022,,"1,4,5,17,42,47",9,01 04 05 17 42 47 | ĐB 09,Power_6/55,https://www.minhchinh.com/xs-power-655-ket-qua-power-655-ngay-24-09-2022.html,24/09/2022,31902787650,3211420850
779,Thứ 5,22/09/2022,,"12,14,19,29,44,47",26,12 14 19 29 44 47 | ĐB 26,Power_6/55,https://www.minhchinh.com/xs-power-655-ket-qua-power-655-ngay-22-09-2022.html,22/09/2022,98674641750,5392800900
778,Thứ 3,20/09/2022,,"8,27,32,43,53,54",45,08 27 32 43 53 54 | ĐB 45,Power_6/55,https://www.minhchinh.com/xs-power-655-ket-qua-power-655-ngay-20-09-2022.html,20/09/2022,91614070200,4608292950
777,Thứ 7,17/09/2022,,"5,8,19,34,40,49",39,05 08 19 34 40 49 | ĐB 39,Power_6/55,https://www.minhchinh.com/xs-power-655-ket-qua-power-655-ngay-17-09-2022.html,17/09/2022,87421889100,4142495050
776,Thứ 5,15/09/2022,,"3,8,19,30,41,52",9,03 08 19 30 41 52 | ĐB 09,Power_6/55,https://www.minhchinh.com/xs-power-655-ket-qua-power-655-ngay-15-09-2022.html,15/09/2022,83847890100,3745384050
775,Thứ 3,13/09/2022,,"9,10,21,40,41,48",54,09 10 21 40 41 48 | ĐB 54,Power_6/55,https://www.minhchinh.com/xs-power-655-ket-qua-power-655-ngay-13-09-2022.html,13/09/2022,80468982300,3369949850
774,Thứ 7,10/09/2022,,"2,8,15,19,35,38",14,02 08 15 19 35 38 | ĐB 14,Power_6/55,https://www.minhchinh.com/xs-power-655-ket-qua-power-655-ngay-10-09-2022.html,10/09/2022,77139433650,3202611000
773,Thứ 5,08/09/2022,,"9,13,23,32,36,52",43,09 13 23 32 36 52 | ĐB 43,Power_6/55,https://www.minhchinh.com/xs-power-655-ket-qua-power-655-ngay-08-09-2022.html,08/09/2022,75315934650,5532384350
772,Thứ 3,06/09/2022,,"1,5,27,43,52,54",15,01 05 27 43 52 54 | ĐB 15,Power_6/55,https://www.minhchinh.com/xs-power-655-ket-qua-power-655-ngay-06-09-2022.html,06/09/2022,72622537050,5233117950
771,Thứ 7,03/09/2022,,"11,22,31,33,40,46",41,11 22 31 33 40 46 | ĐB 41,Power_6/55,https://www.minhchinh.com/xs-power-655-ket-qua-power-655-ngay-03-09-2022.html,03/09/2022,68862978750,4815389250
770,Thứ 5,01/09/2022,,"4,14,18,39,50,53",31,04 14 18 39 50 53 | ĐB 31,Power_6/55,https://www.minhchinh.com/xs-power-655-ket-qua-power-655-ngay-01-09-2022.html,01/09/2022,66183821850,4517705150
769,Thứ 3,30/08/2022,,"2,13,19,29,30,32",16,02 13 19 29 30 32 | ĐB 16,Power_6/55,https://www.minhchinh.com/xs-power-655-ket-qua-power-655-ngay-30-08-2022.html,30/08/2022,63748396650,4247102350
768,Thứ 7,27/08/2022,,"1,5,7,10,25,48",36,01 05 07 10 25 48 | ĐB 36,Power_6/55,https://www.minhchinh.com/xs-power-655-ket-qua-power-655-ngay-27-08-2022.html,27/08/2022,60479670450,3883910550
767,Thứ 5,25/08/2022,,"19,30,35,40,49,53",42,19 30 35 40 49 53 | ĐB 42,Power_6/55,https://www.minhchinh.com/xs-power-655-ket-qua-power-655-ngay-25-08-2022.html,25/08/2022,57912621600,3598682900
766,Thứ 3,23/08/2022,,"13,21,31,41,44,45",27,13 21 31 41 44 45 | ĐB 27,Power_6/55,https://www.minhchinh.com/xs-power-655-ket-qua-power-655-ngay-23-08-2022.html,23/08/2022,55279408350,3306103650
765,Thứ 7,20/08/2022,,"6,16,29,32,42,51",43,06 16 29 32 42 51 | ĐB 43,Power_6/55,https://www.minhchinh.com/xs-power-655-ket-qua-power-655-ngay-20-08-2022.html,20/08/2022,52524475500,3507925550
764,Thứ 5,18/08/2022,,"23,27,31,37,38,42",26,23 27 31 37 38 42 | ĐB 26,Power_6/55,https://www.minhchinh.com/xs-power-655-ket-qua-power-655-ngay-18-08-2022.html,18/08/2022,50094066900,3237880150
763,Thứ 3,16/08/2022,,"17,18,28,47,50,53",11,17 18 28 47 50 53 | ĐB 11,Power_6/55,https://www.minhchinh.com/xs-power-655-ket-qua-power-655-ngay-16-08-2022.html,16/08/2022,47953145550,6347975150
762,Thứ 7,13/08/2022,,"19,28,29,30,33,36",14,19 28 29 30 33 36 | ĐB 14,Power_6/55,https://www.minhchinh.com/xs-power-655-ket-qua-power-655-ngay-13-08-2022.html,13/08/2022,45228896850,6045280850
761,Thứ 5,11/08/2022,,"1,12,21,34,48,55",50,01 12 21 34 48 55 | ĐB 50,Power_6/55,https://www.minhchinh.com/xs-power-655-ket-qua-power-655-ngay-11-08-2022.html,11/08/2022,42823778700,5778045500
760,Thứ 3,09/08/2022,,"9,10,36,41,51,55",52,09 10 36 41 51 55 | ĐB 52,Power_6/55,https://www.minhchinh.com/xs-power-655-ket-qua-power-655-ngay-09-08-2022.html,09/08/2022,40722247650,5544542050
759,Thứ 7,06/08/2022,,"6,21,27,41,51,53",43,06 21 27 41 51 53 | ĐB 43,Power_6/55,https://www.minhchinh.com/xs-power-655-ket-qua-power-655-ngay-06-08-2022.html,06/08/2022,38170136550,5260974150
758,Thứ 5,04/08/2022,,"8,9,20,41,48,54",2,08 09 20 41 48 54 | ĐB 02,Power_6/55,https://www.minhchinh.com/xs-power-655-ket-qua-power-655-ngay-04-08-2022.html,04/08/2022,36032949300,5023508900
757,Thứ 3,02/08/2022,,"2,5,28,40,47,48",31,02 05 28 40 47 48 | ĐB 31,Power_6/55,https://www.minhchinh.com/xs-power-655-ket-qua-power-655-ngay-02-08-2022.html,02/08/2022,34019568300,4799799900
756,Thứ 7,30/07/2022,,"1,4,24,35,44,47",17,01 04 24 35 44 47 | ĐB 17,Power_6/55,https://www.minhchinh.com/xs-power-655-ket-qua-power-655-ngay-30-07-2022.html,30/07/2022,31865574450,4560467250
755,Thứ 5,28/07/2022,,"5,6,17,28,29,39",34,05 06 17 28 29 39 | ĐB 34,Power_6/55,https://www.minhchinh.com/xs-power-655-ket-qua-power-655-ngay-28-07-2022.html,28/07/2022,42178630800,4353181200
754,Thứ 3,26/07/2022,,"5,8,9,13,14,47",53,05 08 09 13 14 47 | ĐB 53,Power_6/55,https://www.minhchinh.com/xs-power-655-ket-qua-power-655-ngay-26-07-2022.html,26/07/2022,40513467450,4168163050
753,Thứ 7,23/07/2022,,"27,28,29,39,40,54",13,27 28 29 39 40 54 | ĐB 13,Power_6/55,https://www.minhchinh.com/xs-power-655-ket-qua-power-655-ngay-23-07-2022.html,23/07/2022,38195566050,3910618450
752,Thứ 5,21/07/2022,,"2,20,33,45,51,55",1,02 20 33 45 51 55 | ĐB 01,Power_6/55,https://www.minhchinh.com/xs-power-655-ket-qua-power-655-ngay-21-07-2022.html,21/07/2022,35972954400,3663661600
751,Thứ 3,19/07/2022,,"8,9,33,34,35,52",36,08 09 33 34 35 52 | ĐB 36,Power_6/55,https://www.minhchinh.com/xs-power-655-ket-qua-power-655-ngay-19-07-2022.html,19/07/2022,33952631250,3439181250
750,Thứ 7,16/07/2022,,"6,13,18,27,34,46",33,06 13 18 27 34 46 | ĐB 33,Power_6/55,https://www.minhchinh.com/xs-power-655-ket-qua-power-655-ngay-16-07-2022.html,16/07/2022,31962266400,3218029600
749,Thứ 5,14/07/2022,,"11,25,29,37,39,52",45,11 25 29 37 39 52 | ĐB 45,Power_6/55,https://www.minhchinh.com/xs-power-655-ket-qua-power-655-ngay-14-07-2022.html,14/07/2022,205143192300,4070928000
748,Thứ 3,12/07/2022,,"12,13,24,25,39,41",9,12 13 24 25 39 41 | ĐB 09,Power_6/55,https://www.minhchinh.com/xs-power-655-ket-qua-power-655-ngay-12-07-2022.html,12/07/2022,195504840300,12817623150
747,Thứ 7,09/07/2022,,"5,21,24,47,52,55",20,05 21 24 47 52 55 | ĐB 20,Power_6/55,https://www.minhchinh.com/xs-power-655-ket-qua-power-655-ngay-09-07-2022.html,09/07/2022,183948645900,11533601550
746,Thứ 5,07/07/2022,,"18,24,32,43,48,55",15,18 24 32 43 48 55 | ĐB 15,Power_6/55,https://www.minhchinh.com/xs-power-655-ket-qua-power-655-ngay-07-07-2022.html,07/07/2022,172448183100,10255772350
745,Thứ 3,05/07/2022,,"5,7,12,26,29,44",38,05 07 12 26 29 44 | ĐB 38,Power_6/55,https://www.minhchinh.com/xs-power-655-ket-qua-power-655-ngay-05-07-2022.html,05/07/2022,162630330150,9164899800
744,Thứ 7,02/07/2022,,"6,26,39,40,46,47",2,06 26 39 40 46 47 | ĐB 02,Power_6/55,https://www.minhchinh.com/xs-power-655-ket-qua-power-655-ngay-02-07-2022.html,02/07/2022,153712284600,8174005850
743,Thứ 5,30/06/2022,,"5,11,15,19,29,31",35,05 11 15 19 29 31 | ĐB 35,Power_6/55,https://www.minhchinh.com/xs-power-655-ket-qua-power-655-ngay-30-06-2022.html,30/06/2022,145146456750,7222247200
742,Thứ 3,28/06/2022,,"5,22,30,32,38,55",33,05 22 30 32 38 55 | ĐB 33,Power_6/55,https://www.minhchinh.com/xs-power-655-ket-qua-power-655-ngay-28-06-2022.html,28/06/2022,137360420850,6357132100
741,Thứ 7,25/06/2022,,"14,17,31,35,37,40",28,14 17 31 35 37 40 | ĐB 28,Power_6/55,https://www.minhchinh.com/xs-power-655-ket-qua-power-655-ngay-25-06-2022.html,25/06/2022,128468041500,5369089950
740,Thứ 5,23/06/2022,,"10,22,23,34,46,54",27,10 22 23 34 46 54 | ĐB 27,Power_6/55,https://www.minhchinh.com/xs-power-655-ket-qua-power-655-ngay-23-06-2022.html,23/06/2022,120359597700,4468151750
739,Thứ 3,21/06/2022,,"9,13,19,21,34,51",35,09 13 19 21 34 51 | ĐB 35,Power_6/55,https://www.minhchinh.com/xs-power-655-ket-qua-power-655-ngay-21-06-2022.html,21/06/2022,112724914800,3619853650
738,Thứ 7,18/06/2022,,"6,27,43,44,45,47",33,06 27 43 44 45 47 | ĐB 33,Power_6/55,https://www.minhchinh.com/xs-power-655-ket-qua-power-655-ngay-18-06-2022.html,18/06/2022,107146231950,7616155500
737,Thứ 5,16/06/2022,,"9,13,21,40,51,54",4,09 13 21 40 51 54 | ĐB 04,Power_6/55,https://www.minhchinh.com/xs-power-655-ket-qua-power-655-ngay-16-06-2022.html,16/06/2022,99398788050,6755328400
736,Thứ 3,14/06/2022,,"2,15,26,32,35,36",16,02 15 26 32 35 36 | ĐB 16,Power_6/55,https://www.minhchinh.com/xs-power-655-ket-qua-power-655-ngay-14-06-2022.html,14/06/2022,92299663650,5966536800
735,Thứ 7,11/06/2022,,"10,18,23,25,45,47",38,10 18 23 25 45 47 | ĐB 38,Power_6/55,https://www.minhchinh.com/xs-power-655-ket-qua-power-655-ngay-11-06-2022.html,11/06/2022,85597658400,5221869550
734,Thứ 5,09/06/2022,,"30,31,35,43,48,50",22,30 31 35 43 48 50 | ĐB 22,Power_6/55,https://www.minhchinh.com/xs-power-655-ket-qua-power-655-ngay-09-06-2022.html,09/06/2022,79919472900,4590960050
733,Thứ 3,07/06/2022,,"16,17,21,28,39,50",19,16 17 21 28 39 50 | ĐB 19,Power_6/55,https://www.minhchinh.com/xs-power-655-ket-qua-power-655-ngay-07-06-2022.html,07/06/2022,74335915200,3970564750
732,Thứ 7,04/06/2022,,"3,17,27,30,34,49",25,03 17 27 30 34 49 | ĐB 25,Power_6/55,https://www.minhchinh.com/xs-power-655-ket-qua-power-655-ngay-04-06-2022.html,04/06/2022,70506838200,3545111750
731,Thứ 5,02/06/2022,,"7,11,28,30,33,50",49,07 11 28 30 33 50 | ĐB 49,Power_6/55,https://www.minhchinh.com/xs-power-655-ket-qua-power-655-ngay-02-06-2022.html,02/06/2022,67823715000,3246986950
730,Thứ 3,31/05/2022,,"4,10,15,16,47,51",23,04 10 15 16 47 51 | ĐB 23,Power_6/55,https://www.minhchinh.com/xs-power-655-ket-qua-power-655-ngay-31-05-2022.html,31/05/2022,65600832450,4929246350
729,Thứ 7,28/05/2022,,"33,36,38,42,43,46",3,33 36 38 42 43 46 | ĐB 03,Power_6/55,https://www.minhchinh.com/xs-power-655-ket-qua-power-655-ngay-28-05-2022.html,28/05/2022,62757436800,4613313500
728,Thứ 5,26/05/2022,,"4,30,32,39,41,53",42,04 30 32 39 41 53 | ĐB 42,Power_6/55,https://www.minhchinh.com/xs-power-655-ket-qua-power-655-ngay-26-05-2022.html,26/05/2022,60427002000,4354376300
727,Thứ 3,24/05/2022,,"18,31,32,46,50,52",28,18 31 32 46 50 52 | ĐB 28,Power_6/55,https://www.minhchinh.com/xs-power-655-ket-qua-power-655-ngay-24-05-2022.html,24/05/2022,57772834500,4059468800
726,Thứ 7,21/05/2022,,"19,32,38,40,45,48",2,19 32 38 40 45 48 | ĐB 02,Power_6/55,https://www.minhchinh.com/xs-power-655-ket-qua-power-655-ngay-21-05-2022.html,21/05/2022,55087218300,3761067000
725,Thứ 5,19/05/2022,,"3,6,31,40,47,54",8,03 06 31 40 47 54 | ĐB 08,Power_6/55,https://www.minhchinh.com/xs-power-655-ket-qua-power-655-ngay-19-05-2022.html,19/05/2022,52849603650,3512443150
724,Thứ 3,17/05/2022,,"11,17,25,29,45,48",53,11 17 25 29 45 48 | ĐB 53,Power_6/55,https://www.minhchinh.com/xs-power-655-ket-qua-power-655-ngay-17-05-2022.html,17/05/2022,50454523200,3246323100
723,Thứ 7,14/05/2022,,"2,28,30,43,44,55",22,02 28 30 43 44 55 | ĐB 22,Power_6/55,https://www.minhchinh.com/xs-power-655-ket-qua-power-655-ngay-14-05-2022.html,14/05/2022,48237615300,4647230750
722,Thứ 5,12/05/2022,,"9,18,24,43,44,50",15,09 18 24 43 44 50 | ĐB 15,Power_6/55,https://www.minhchinh.com/xs-power-655-ket-qua-power-655-ngay-12-05-2022.html,12/05/2022,45524219700,4345742350
721,Thứ 3,10/05/2022,,"12,18,41,43,47,51",10,12 18 41 43 47 51 | ĐB 10,Power_6/55,https://www.minhchinh.com/xs-power-655-ket-qua-power-655-ngay-10-05-2022.html,10/05/2022,43368051000,4106168050
720,Thứ 7,07/05/2022,,"15,32,33,36,43,46",31,15 32 33 36 43 46 | ĐB 31,Power_6/55,https://www.minhchinh.com/xs-power-655-ket-qua-power-655-ngay-07-05-2022.html,07/05/2022,40960429950,3838654600
719,Thứ 5,05/05/2022,,"27,29,33,39,47,53",55,27 29 33 39 47 53 | ĐB 55,Power_6/55,https://www.minhchinh.com/xs-power-655-ket-qua-power-655-ngay-05-05-2022.html,05/05/2022,38990566200,3619780850
718,Thứ 3,03/05/2022,,"1,22,38,48,49,53",42,01 22 38 48 49 53 | ĐB 42,Power_6/55,https://www.minhchinh.com/xs-power-655-ket-qua-power-655-ngay-03-05-2022.html,03/05/2022,37087734000,3408355050
717,Thứ 7,30/04/2022,,"11,23,51,52,53,54",27,11 23 51 52 53 54 | ĐB 27,Power_6/55,https://www.minhchinh.com/xs-power-655-ket-qua-power-655-ngay-30-04-2022.html,30/04/2022,35131524600,3190998450
716,Thứ 5,28/04/2022,,"8,24,25,32,37,44",3,08 24 25 32 37 44 | ĐB 03,Power_6/55,https://www.minhchinh.com/xs-power-655-ket-qua-power-655-ngay-28-04-2022.html,28/04/2022,33412538550,3162155150
715,Thứ 3,26/04/2022,,"14,22,24,25,43,49",17,14 22 24 25 43 49 | ĐB 17,Power_6/55,https://www.minhchinh.com/xs-power-655-ket-qua-power-655-ngay-26-04-2022.html,26/04/2022,31953142200,5726646150
714,Thứ 7,23/04/2022,,"3,27,36,41,49,55",18,03 27 36 41 49 55 | ĐB 18,Power_6/55,https://www.minhchinh.com/xs-power-655-ket-qua-power-655-ngay-23-04-2022.html,23/04/2022,92575628850,5509630350
713,Thứ 5,21/04/2022,,"21,24,27,34,38,42",46,21 24 27 34 38 42 | ĐB 46,Power_6/55,https://www.minhchinh.com/xs-power-655-ket-qua-power-655-ngay-21-04-2022.html,21/04/2022,87502919250,4945995950
712,Thứ 3,19/04/2022,,"2,7,13,28,29,34",39,02 07 13 28 29 34 | ĐB 39,Power_6/55,https://www.minhchinh.com/xs-power-655-ket-qua-power-655-ngay-19-04-2022.html,19/04/2022,84160173900,4574579800
711,Thứ 7,16/04/2022,,"4,8,39,41,53,55",52,04 08 39 41 53 55 | ĐB 52,Power_6/55,https://www.minhchinh.com/xs-power-655-ket-qua-power-655-ngay-16-04-2022.html,16/04/2022,80758885350,4196658850
710,Thứ 5,14/04/2022,,"1,5,9,34,37,45",52,01 05 09 34 37 45 | ĐB 52,Power_6/55,https://www.minhchinh.com/xs-power-655-ket-qua-power-655-ngay-14-04-2022.html,14/04/2022,77809523700,3868952000
709,Thứ 3,12/04/2022,,"11,18,20,22,25,40",5,11 18 20 22 25 40 | ĐB 05,Power_6/55,https://www.minhchinh.com/xs-power-655-ket-qua-power-655-ngay-12-04-2022.html,12/04/2022,75356765400,3596423300
708,Thứ 7,09/04/2022,,"2,3,19,28,42,45",12,02 03 19 28 42 45 | ĐB 12,Power_6/55,https://www.minhchinh.com/xs-power-655-ket-qua-power-655-ngay-09-04-2022.html,09/04/2022,72264577800,3252846900
707,Thứ 5,07/04/2022,,"6,14,15,25,29,32",41,06 14 15 25 29 32 | ĐB 41,Power_6/55,https://www.minhchinh.com/xs-power-655-ket-qua-power-655-ngay-07-04-2022.html,07/04/2022,69988955700,4520183500
706,Thứ 3,05/04/2022,,"5,18,26,36,43,44",45,05 18 26 36 43 44 | ĐB 45,Power_6/55,https://www.minhchinh.com/xs-power-655-ket-qua-power-655-ngay-05-04-2022.html,05/04/2022,67331602650,4224922050
705,Thứ 7,02/04/2022,,"32,38,42,44,47,55",46,32 38 42 44 47 55 | ĐB 46,Power_6/55,https://www.minhchinh.com/xs-power-655-ket-qua-power-655-ngay-02-04-2022.html,02/04/2022,64691708250,3931600450
704,Thứ 5,31/03/2022,,"5,24,34,39,42,49",16,05 24 34 39 42 49 | ĐB 16,Power_6/55,https://www.minhchinh.com/xs-power-655-ket-qua-power-655-ngay-31-03-2022.html,31/03/2022,61525768350,3579829350
703,Thứ 3,29/03/2022,,"5,11,32,35,40,52",31,05 11 32 35 40 52 | ĐB 31,Power_6/55,https://www.minhchinh.com/xs-power-655-ket-qua-power-655-ngay-29-03-2022.html,29/03/2022,58908623700,3289035500
702,Thứ 7,26/03/2022,,"1,6,16,30,34,55",29,01 06 16 30 34 55 | ĐB 29,Power_6/55,https://www.minhchinh.com/xs-power-655-ket-qua-power-655-ngay-26-03-2022.html,26/03/2022,56307304200,3506184300
701,Thứ 5,24/03/2022,,"5,9,16,35,45,46",44,05 09 16 35 45 46 | ĐB 44,Power_6/55,https://www.minhchinh.com/xs-power-655-ket-qua-power-655-ngay-24-03-2022.html,24/03/2022,53906255400,3239401100
700,Thứ 3,22/03/2022,,"1,14,18,28,47,49",22,01 14 18 28 47 49 | ĐB 22,Power_6/55,https://www.minhchinh.com/xs-power-655-ket-qua-power-655-ngay-22-03-2022.html,22/03/2022,51751645500,3778769900
699,Thứ 7,19/03/2022,,"8,20,24,37,51,55",27,08 20 24 37 51 55 | ĐB 27,Power_6/55,https://www.minhchinh.com/xs-power-655-ket-qua-power-655-ngay-19-03-2022.html,19/03/2022,49301038650,3506480250
698,Thứ 5,17/03/2022,,"1,6,12,21,37,49",53,01 06 12 21 37 49 | ĐB 53,Power_6/55,https://www.minhchinh.com/xs-power-655-ket-qua-power-655-ngay-17-03-2022.html,17/03/2022,47074116000,3259044400
697,Thứ 3,15/03/2022,,"6,14,24,28,33,52",50,06 14 24 28 33 52 | ĐB 50,Power_6/55,https://www.minhchinh.com/xs-power-655-ket-qua-power-655-ngay-15-03-2022.html,15/03/2022,44742716400,4638079600
696,Thứ 7,12/03/2022,,"12,16,18,26,30,45",36,12 16 18 26 30 45 | ĐB 36,Power_6/55,https://www.minhchinh.com/xs-power-655-ket-qua-power-655-ngay-12-03-2022.html,12/03/2022,42568127400,4396458600
695,Thứ 5,10/03/2022,,"1,3,8,16,19,36",41,01 03 08 16 19 36 | ĐB 41,Power_6/55,https://www.minhchinh.com/xs-power-655-ket-qua-power-655-ngay-10-03-2022.html,10/03/2022,40440003150,4160000350
694,Thứ 3,08/03/2022,,"3,23,25,39,47,48",55,03 23 25 39 47 48 | ĐB 55,Power_6/55,https://www.minhchinh.com/xs-power-655-ket-qua-power-655-ngay-08-03-2022.html,08/03/2022,38675385750,3963931750
693,Thứ 7,05/03/2022,,"5,12,15,25,43,48",1,05 12 15 25 43 48 | ĐB 01,Power_6/55,https://www.minhchinh.com/xs-power-655-ket-qua-power-655-ngay-05-03-2022.html,05/03/2022,36581622600,3731291400
692,Thứ 5,03/03/2022,,"4,10,16,25,26,43",52,04 10 16 25 26 43 | ĐB 52,Power_6/55,https://www.minhchinh.com/xs-power-655-ket-qua-power-655-ngay-03-03-2022.html,03/03/2022,35512784850,3612531650
691,Thứ 3,01/03/2022,,"15,19,25,42,51,53",2,15 19 25 42 51 53 | ĐB 02,Power_6/55,https://www.minhchinh.com/xs-power-655-ket-qua-power-655-ngay-01-03-2022.html,01/03/2022,33707650350,3411961150
690,Thứ 7,26/02/2022,,"5,8,30,36,49,51",18,05 08 30 36 49 51 | ĐB 18,Power_6/55,https://www.minhchinh.com/xs-power-655-ket-qua-power-655-ngay-26-02-2022.html,26/02/2022,31793086200,3199231800
689,Thứ 5,24/02/2022,,"2,15,25,30,31,32",13,02 15 25 30 31 32 | ĐB 13,Power_6/55,https://www.minhchinh.com/xs-power-655-ket-qua-power-655-ngay-24-02-2022.html,24/02/2022,78554607600,3179091900
688,Thứ 3,22/02/2022,,"9,16,19,23,25,39",4,09 16 19 23 25 39 | ĐB 04,Power_6/55,https://www.minhchinh.com/xs-power-655-ket-qua-power-655-ngay-22-02-2022.html,22/02/2022,76942780500,3945386250
687,Thứ 7,19/02/2022,,"1,11,14,33,46,48",40,01 11 14 33 46 48 | ĐB 40,Power_6/55,https://www.minhchinh.com/xs-power-655-ket-qua-power-655-ngay-19-02-2022.html,19/02/2022,74540296200,3678443550
686,Thứ 5,17/02/2022,,"5,24,40,42,46,54",3,05 24 40 42 46 54 | ĐB 03,Power_6/55,https://www.minhchinh.com/xs-power-655-ket-qua-power-655-ngay-17-02-2022.html,17/02/2022,71367341700,3325893050
685,Thứ 3,15/02/2022,,"5,7,14,24,29,36",46,05 07 14 24 29 36 | ĐB 46,Power_6/55,https://www.minhchinh.com/xs-power-655-ket-qua-power-655-ngay-15-02-2022.html,15/02/2022,68434304250,3874619150
684,Thứ 7,12/02/2022,,"4,8,12,42,44,51",41,04 08 12 42 44 51 | ĐB 41,Power_6/55,https://www.minhchinh.com/xs-power-655-ket-qua-power-655-ngay-12-02-2022.html,12/02/2022,66252857250,3632236150
683,Thứ 5,10/02/2022,,"3,15,26,35,43,52",7,03 15 26 35 43 52 | ĐB 07,Power_6/55,https://www.minhchinh.com/xs-power-655-ket-qua-power-655-ngay-10-02-2022.html,10/02/2022,63474225600,3323499300
682,Thứ 3,08/02/2022,,"12,15,21,28,32,40",43,12 15 21 28 32 40 | ĐB 43,Power_6/55,https://www.minhchinh.com/xs-power-655-ket-qua-power-655-ngay-08-02-2022.html,08/02/2022,60562731900,3868907300
681,Thứ 7,05/02/2022,,"1,17,23,29,44,45",37,01 17 23 29 44 45 | ĐB 37,Power_6/55,https://www.minhchinh.com/xs-power-655-ket-qua-power-655-ngay-05-02-2022.html,05/02/2022,57764215200,3557961000
680,Thứ 5,03/02/2022,,"13,18,22,35,42,43",3,13 18 22 35 42 43 | ĐB 03,Power_6/55,https://www.minhchinh.com/xs-power-655-ket-qua-power-655-ngay-03-02-2022.html,03/02/2022,55150857750,3267587950
679,Thứ 7,29/01/2022,,"6,10,17,23,25,38",21,06 10 17 23 25 38 | ĐB 21,Power_6/55,https://www.minhchinh.com/xs-power-655-ket-qua-power-655-ngay-29-01-2022.html,29/01/2022,52742566200,5770706550
678,Thứ 5,27/01/2022,,"1,26,31,36,40,46",28,01 26 31 36 40 46 | ĐB 28,Power_6/55,https://www.minhchinh.com/xs-power-655-ket-qua-power-655-ngay-27-01-2022.html,27/01/2022,50363385150,5506353100
677,Thứ 3,25/01/2022,,"2,16,17,20,31,51",50,02 16 17 20 31 51 | ĐB 50,Power_6/55,https://www.minhchinh.com/xs-power-655-ket-qua-power-655-ngay-25-01-2022.html,25/01/2022,47714037600,5211981150
676,Thứ 7,22/01/2022,,"2,6,16,29,37,42",22,02 06 16 29 37 42 | ĐB 22,Power_6/55,https://www.minhchinh.com/xs-power-655-ket-qua-power-655-ngay-22-01-2022.html,22/01/2022,44903463150,4899695100
675,Thứ 5,20/01/2022,,"8,21,32,34,41,46",48,08 21 32 34 41 46 | ĐB 48,Power_6/55,https://www.minhchinh.com/xs-power-655-ket-qua-power-655-ngay-20-01-2022.html,20/01/2022,42691966950,4653973300
674,Thứ 3,18/01/2022,,"6,15,16,33,41,43",51,06 15 16 33 41 43 | ĐB 51,Power_6/55,https://www.minhchinh.com/xs-power-655-ket-qua-power-655-ngay-18-01-2022.html,18/01/2022,40661845500,4428404250
673,Thứ 7,15/01/2022,,"20,26,41,46,47,48",18,20 26 41 46 47 48 | ĐB 18,Power_6/55,https://www.minhchinh.com/xs-power-655-ket-qua-power-655-ngay-15-01-2022.html,15/01/2022,38394271200,4176451550
672,Thứ 5,13/01/2022,,"7,12,17,26,37,46",28,07 12 17 26 37 46 | ĐB 28,Power_6/55,https://www.minhchinh.com/xs-power-655-ket-qua-power-655-ngay-13-01-2022.html,13/01/2022,36143063400,3926317350
671,Thứ 3,11/01/2022,,"12,25,26,28,33,46",22,12 25 26 28 33 46 | ĐB 22,Power_6/55,https://www.minhchinh.com/xs-power-655-ket-qua-power-655-ngay-11-01-2022.html,11/01/2022,34313096550,3722987700
670,Thứ 7,08/01/2022,,"6,17,37,41,48,50",13,06 17 37 41 48 50 | ĐB 13,Power_6/55,https://www.minhchinh.com/xs-power-655-ket-qua-power-655-ngay-08-01-2022.html,08/01/2022,32041280550,3470563700
669,Thứ 5,06/01/2022,,"4,8,14,21,30,49",38,04 08 14 21 30 49 | ĐB 38,Power_6/55,https://www.minhchinh.com/xs-power-655-ket-qua-power-655-ngay-06-01-2022.html,06/01/2022,40268451000,3243754750
668,Thứ 3,04/01/2022,,"11,17,22,28,39,49",43,11 17 22 28 39 49 | ĐB 43,Power_6/55,https://www.minhchinh.com/xs-power-655-ket-qua-power-655-ngay-04-01-2022.html,04/01/2022,38074658250,3897184250
667,Thứ 7,01/01/2022,,"4,25,28,32,33,55",3,04 25 28 32 33 55 | ĐB 03,Power_6/55,https://www.minhchinh.com/xs-power-655-ket-qua-power-655-ngay-01-01-2022.html,01/01/2022,35927361300,3658595700
666,Thứ 5,30/12/2021,,"9,25,27,32,37,46",23,09 25 27 32 37 46 | ĐB 23,Power_6/55,https://www.minhchinh.com/xs-power-655-ket-qua-power-655-ngay-30-12-2021.html,30/12/2021,33605699250,3400633250
665,Thứ 3,28/12/2021,,"3,8,9,40,44,48",2,03 08 09 40 44 48 | ĐB 02,Power_6/55,https://www.minhchinh.com/xs-power-655-ket-qua-power-655-ngay-28-12-2021.html,28/12/2021,32003504400,3222611600
664,Thứ 7,25/12/2021,,"6,8,23,25,33,35",27,06 08 23 25 33 35 | ĐB 27,Power_6/55,https://www.minhchinh.com/xs-power-655-ket-qua-power-655-ngay-25-12-2021.html,25/12/2021,214130470800,5386672700
663,Thứ 5,23/12/2021,,"8,22,29,43,45,54",23,08 22 29 43 45 54 | ĐB 23,Power_6/55,https://www.minhchinh.com/xs-power-655-ket-qua-power-655-ngay-23-12-2021.html,23/12/2021,204118789350,4274263650
662,Thứ 3,21/12/2021,,"23,25,28,49,52,54",44,23 25 28 49 52 54 | ĐB 44,Power_6/55,https://www.minhchinh.com/xs-power-655-ket-qua-power-655-ngay-21-12-2021.html,21/12/2021,198581827350,3659045650
661,Thứ 7,18/12/2021,,"4,6,19,26,38,41",16,04 06 19 26 38 41 | ĐB 16,Power_6/55,https://www.minhchinh.com/xs-power-655-ket-qua-power-655-ngay-18-12-2021.html,18/12/2021,192650416500,3584772200
660,Thứ 5,16/12/2021,,"19,24,30,41,43,49",55,19 24 30 41 43 49 | ĐB 55,Power_6/55,https://www.minhchinh.com/xs-power-655-ket-qua-power-655-ngay-16-12-2021.html,16/12/2021,187387466700,4132647400
659,Thứ 3,14/12/2021,,"10,16,19,24,39,50",29,10 16 19 24 39 50 | ĐB 29,Power_6/55,https://www.minhchinh.com/xs-power-655-ket-qua-power-655-ngay-14-12-2021.html,14/12/2021,182330633100,3570777000
658,Thứ 7,11/12/2021,,"8,13,17,22,42,51",45,08 13 17 22 42 51 | ĐB 45,Power_6/55,https://www.minhchinh.com/xs-power-655-ket-qua-power-655-ngay-11-12-2021.html,11/12/2021,177193640100,3541666050
657,Thứ 5,09/12/2021,,"3,14,33,40,41,50",17,03 14 33 40 41 50 | ĐB 17,Power_6/55,https://www.minhchinh.com/xs-power-655-ket-qua-power-655-ngay-09-12-2021.html,09/12/2021,172318645650,3557945150
656,Thứ 3,07/12/2021,,"4,6,22,32,34,53",41,04 06 22 32 34 53 | ĐB 41,Power_6/55,https://www.minhchinh.com/xs-power-655-ket-qua-power-655-ngay-07-12-2021.html,07/12/2021,167297139300,5081094900
655,Thứ 7,04/12/2021,,"7,9,31,32,36,49",37,07 09 31 32 36 49 | ĐB 37,Power_6/55,https://www.minhchinh.com/xs-power-655-ket-qua-power-655-ngay-04-12-2021.html,04/12/2021,162010540200,4493695000
654,Thứ 5,02/12/2021,,"6,23,28,31,44,48",14,06 23 28 31 44 48 | ĐB 14,Power_6/55,https://www.minhchinh.com/xs-power-655-ket-qua-power-655-ngay-02-12-2021.html,02/12/2021,157547327700,3997782500
653,Thứ 3,30/11/2021,,"12,21,23,28,33,46",38,12 21 23 28 33 46 | ĐB 38,Power_6/55,https://www.minhchinh.com/xs-power-655-ket-qua-power-655-ngay-30-11-2021.html,30/11/2021,152992255350,3491663350
652,Thứ 7,27/11/2021,,"2,5,7,21,31,37",44,02 05 07 21 31 37 | ĐB 44,Power_6/55,https://www.minhchinh.com/xs-power-655-ket-qua-power-655-ngay-27-11-2021.html,27/11/2021,148567285200,3920317800
651,Thứ 5,25/11/2021,,"16,18,24,29,33,41",43,16 18 24 29 33 41 | ĐB 43,Power_6/55,https://www.minhchinh.com/xs-power-655-ket-qua-power-655-ngay-25-11-2021.html,25/11/2021,144675020100,3487843900
650,Thứ 3,23/11/2021,,"5,7,9,28,38,55",50,05 07 09 28 38 55 | ĐB 50,Power_6/55,https://www.minhchinh.com/xs-power-655-ket-qua-power-655-ngay-23-11-2021.html,23/11/2021,140284425000,5255172900
649,Thứ 7,20/11/2021,,"6,10,29,30,31,51",35,06 10 29 30 31 51 | ĐB 35,Power_6/55,https://www.minhchinh.com/xs-power-655-ket-qua-power-655-ngay-20-11-2021.html,20/11/2021,136474196700,4831814200
648,Thứ 5,18/11/2021,,"18,30,32,37,39,40",10,18 30 32 37 39 40 | ĐB 10,Power_6/55,https://www.minhchinh.com/xs-power-655-ket-qua-power-655-ngay-18-11-2021.html,18/11/2021,132079733400,4343540500
647,Thứ 3,16/11/2021,,"8,19,27,34,46,51",2,08 19 27 34 46 51 | ĐB 02,Power_6/55,https://www.minhchinh.com/xs-power-655-ket-qua-power-655-ngay-16-11-2021.html,16/11/2021,127938125100,3883361800
646,Thứ 7,13/11/2021,,"18,22,29,33,46,48",37,18 22 29 33 46 48 | ĐB 37,Power_6/55,https://www.minhchinh.com/xs-power-655-ket-qua-power-655-ngay-13-11-2021.html,13/11/2021,124370953500,3487009400
645,Thứ 5,11/11/2021,,"3,35,37,41,45,49",31,03 35 37 41 45 49 | ĐB 31,Power_6/55,https://www.minhchinh.com/xs-power-655-ket-qua-power-655-ngay-11-11-2021.html,11/11/2021,119987868900,3496750850
644,Thứ 3,09/11/2021,,"12,25,26,47,51,53",16,12 25 26 47 51 53 | ĐB 16,Power_6/55,https://www.minhchinh.com/xs-power-655-ket-qua-power-655-ngay-09-11-2021.html,09/11/2021,115517111250,3956654050
643,Thứ 7,06/11/2021,,"23,31,41,48,49,51",3,23 31 41 48 49 51 | ĐB 03,Power_6/55,https://www.minhchinh.com/xs-power-655-ket-qua-power-655-ngay-06-11-2021.html,06/11/2021,111103646250,3466269050
642,Thứ 5,04/11/2021,,"5,10,15,31,32,50",28,05 10 15 31 32 50 | ĐB 28,Power_6/55,https://www.minhchinh.com/xs-power-655-ket-qua-power-655-ngay-04-11-2021.html,04/11/2021,106907224800,3853015000
641,Thứ 3,02/11/2021,,"37,38,42,46,47,55",23,37 38 42 46 47 55 | ĐB 23,Power_6/55,https://www.minhchinh.com/xs-power-655-ket-qua-power-655-ngay-02-11-2021.html,02/11/2021,103358105400,3458668400
640,Thứ 7,30/10/2021,,"31,36,40,44,50,53",11,31 36 40 44 50 53 | ĐB 11,Power_6/55,https://www.minhchinh.com/xs-power-655-ket-qua-power-655-ngay-30-10-2021.html,30/10/2021,99230089800,4205846300
639,Thứ 5,28/10/2021,,"2,4,6,13,31,35",16,02 04 06 13 31 35 | ĐB 16,Power_6/55,https://www.minhchinh.com/xs-power-655-ket-qua-power-655-ngay-28-10-2021.html,28/10/2021,95299509900,3769115200
638,Thứ 3,26/10/2021,,"21,24,29,34,39,53",20,21 24 29 34 39 53 | ĐB 20,Power_6/55,https://www.minhchinh.com/xs-power-655-ket-qua-power-655-ngay-26-10-2021.html,26/10/2021,91883861400,3389598700
637,Thứ 7,23/10/2021,,"5,11,19,26,28,33",9,05 11 19 26 28 33 | ĐB 09,Power_6/55,https://www.minhchinh.com/xs-power-655-ket-qua-power-655-ngay-23-10-2021.html,23/10/2021,88377473100,3603944700
636,Thứ 5,21/10/2021,,"3,19,32,36,41,51",35,03 19 32 36 41 51 | ĐB 35,Power_6/55,https://www.minhchinh.com/xs-power-655-ket-qua-power-655-ngay-21-10-2021.html,21/10/2021,85964212650,3335804650
635,Thứ 3,19/10/2021,,"3,9,25,29,46,50",18,03 09 25 29 46 50 | ĐB 18,Power_6/55,https://www.minhchinh.com/xs-power-655-ket-qua-power-655-ngay-19-10-2021.html,19/10/2021,82941970800,3368671450
634,Thứ 7,16/10/2021,,"9,17,22,28,50,55",7,09 17 22 28 50 55 | ĐB 07,Power_6/55,https://www.minhchinh.com/xs-power-655-ket-qua-power-655-ngay-16-10-2021.html,16/10/2021,79623927750,5168372250
633,Thứ 5,14/10/2021,,"9,21,24,30,41,44",40,09 21 24 30 41 44 | ĐB 40,Power_6/55,https://www.minhchinh.com/xs-power-655-ket-qua-power-655-ngay-14-10-2021.html,14/10/2021,76705906800,4844147700
632,Thứ 3,12/10/2021,,"14,17,31,33,42,50",40,14 17 31 33 42 50 | ĐB 40,Power_6/55,https://www.minhchinh.com/xs-power-655-ket-qua-power-655-ngay-12-10-2021.html,12/10/2021,74329390200,4580090300
631,Thứ 7,09/10/2021,,"1,22,25,38,39,54",19,01 22 25 38 39 54 | ĐB 19,Power_6/55,https://www.minhchinh.com/xs-power-655-ket-qua-power-655-ngay-09-10-2021.html,09/10/2021,71577732450,4274350550
630,Thứ 5,07/10/2021,,"6,15,21,24,45,55",46,06 15 21 24 45 55 | ĐB 46,Power_6/55,https://www.minhchinh.com/xs-power-655-ket-qua-power-655-ngay-07-10-2021.html,07/10/2021,69234635100,4014006400
629,Thứ 3,05/10/2021,,"11,16,17,19,38,43",24,11 16 17 19 38 43 | ĐB 24,Power_6/55,https://www.minhchinh.com/xs-power-655-ket-qua-power-655-ngay-05-10-2021.html,05/10/2021,67505291850,3821857150
628,Thứ 7,02/10/2021,,"5,6,22,26,49,51",32,05 06 22 26 49 51 | ĐB 32,Power_6/55,https://www.minhchinh.com/xs-power-655-ket-qua-power-655-ngay-02-10-2021.html,02/10/2021,65583214500,3608293000
627,Thứ 5,30/09/2021,,"18,23,26,32,46,49",54,18 23 26 32 46 49 | ĐB 54,Power_6/55,https://www.minhchinh.com/xs-power-655-ket-qua-power-655-ngay-30-09-2021.html,30/09/2021,64225888500,3457479000
626,Thứ 3,28/09/2021,,"7,22,25,40,49,50",37,07 22 25 40 49 50 | ĐB 37,Power_6/55,https://www.minhchinh.com/xs-power-655-ket-qua-power-655-ngay-28-09-2021.html,28/09/2021,62152928850,3227150150
625,Thứ 7,25/09/2021,,"7,20,27,43,48,51",37,07 20 27 43 48 51 | ĐB 37,Power_6/55,https://www.minhchinh.com/xs-power-655-ket-qua-power-655-ngay-25-09-2021.html,25/09/2021,60108577500,4918411450
624,Thứ 5,23/09/2021,,"6,7,21,25,27,49",26,06 07 21 25 27 49 | ĐB 26,Power_6/55,https://www.minhchinh.com/xs-power-655-ket-qua-power-655-ngay-23-09-2021.html,23/09/2021,58649592000,4756301950
623,Thứ 3,21/09/2021,,"15,24,25,40,42,50",49,15 24 25 40 42 50 | ĐB 49,Power_6/55,https://www.minhchinh.com/xs-power-655-ket-qua-power-655-ngay-21-09-2021.html,21/09/2021,56957293200,4568268750
622,Thứ 7,18/09/2021,,"3,14,15,21,47,52",54,03 14 15 21 47 52 | ĐB 54,Power_6/55,https://www.minhchinh.com/xs-power-655-ket-qua-power-655-ngay-18-09-2021.html,18/09/2021,55092779850,4361100600
621,Thứ 5,16/09/2021,,"10,16,40,43,45,46",22,10 16 40 43 45 46 | ĐB 22,Power_6/55,https://www.minhchinh.com/xs-power-655-ket-qua-power-655-ngay-16-09-2021.html,16/09/2021,53712030000,4207683950
620,Thứ 3,14/09/2021,,"17,22,30,40,43,44",41,17 22 30 40 43 44 | ĐB 41,Power_6/55,https://www.minhchinh.com/xs-power-655-ket-qua-power-655-ngay-14-09-2021.html,14/09/2021,52091219550,4027593900
619,Thứ 7,11/09/2021,,"8,17,20,36,39,44",30,08 17 20 36 39 44 | ĐB 30,Power_6/55,https://www.minhchinh.com/xs-power-655-ket-qua-power-655-ngay-11-09-2021.html,11/09/2021,50537868150,3854999300
618,Thứ 5,09/09/2021,,"6,8,10,23,39,44",43,06 08 10 23 39 44 | ĐB 43,Power_6/55,https://www.minhchinh.com/xs-power-655-ket-qua-power-655-ngay-09-09-2021.html,09/09/2021,49639552050,3755186400
617,Thứ 3,07/09/2021,,"19,30,35,43,47,55",12,19 30 35 43 47 55 | ĐB 12,Power_6/55,https://www.minhchinh.com/xs-power-655-ket-qua-power-655-ngay-07-09-2021.html,07/09/2021,48767588400,3658301550
616,Thứ 7,04/09/2021,,"11,12,32,42,43,51",31,11 12 32 42 43 51 | ĐB 31,Power_6/55,https://www.minhchinh.com/xs-power-655-ket-qua-power-655-ngay-04-09-2021.html,04/09/2021,47578886400,3526223550
615,Thứ 5,02/09/2021,,"1,8,12,26,28,45",43,01 08 12 26 28 45 | ĐB 43,Power_6/55,https://www.minhchinh.com/xs-power-655-ket-qua-power-655-ngay-02-09-2021.html,02/09/2021,46622870850,3419999600
614,Thứ 3,31/08/2021,,"7,20,37,47,51,53",5,07 20 37 47 51 53 | ĐB 05,Power_6/55,https://www.minhchinh.com/xs-power-655-ket-qua-power-655-ngay-31-08-2021.html,31/08/2021,45716421900,3319283050
613,Thứ 7,28/08/2021,,"10,16,26,27,34,48",51,10 16 26 27 34 48 | ĐB 51,Power_6/55,https://www.minhchinh.com/xs-power-655-ket-qua-power-655-ngay-28-08-2021.html,28/08/2021,44634669600,3199088350
612,Thứ 5,26/08/2021,,"11,13,20,51,53,55",4,11 13 20 51 53 55 | ĐB 04,Power_6/55,https://www.minhchinh.com/xs-power-655-ket-qua-power-655-ngay-26-08-2021.html,26/08/2021,43714673400,3096866550
611,Thứ 3,24/08/2021,,"2,4,7,18,30,35",20,02 04 07 18 30 35 | ĐB 20,Power_6/55,https://www.minhchinh.com/xs-power-655-ket-qua-power-655-ngay-24-08-2021.html,24/08/2021,42842874450,4007094000
610,Thứ 7,21/08/2021,,"22,24,27,37,38,48",14,22 24 27 37 38 48 | ĐB 14,Power_6/55,https://www.minhchinh.com/xs-power-655-ket-qua-power-655-ngay-21-08-2021.html,21/08/2021,41956676850,3908627600
609,Thứ 5,19/08/2021,,"5,9,12,20,43,51",13,05 09 12 20 43 51 | ĐB 13,Power_6/55,https://www.minhchinh.com/xs-power-655-ket-qua-power-655-ngay-19-08-2021.html,19/08/2021,41150223750,3819021700
608,Thứ 5,22/07/2021,,"2,20,24,39,46,53",55,02 20 24 39 46 53 | ĐB 55,Power_6/55,https://www.minhchinh.com/xs-power-655-ket-qua-power-655-ngay-22-07-2021.html,22/07/2021,39750460500,3663492450
607,Thứ 3,20/07/2021,,"2,8,11,13,17,26",53,02 08 11 13 17 26 | ĐB 53,Power_6/55,https://www.minhchinh.com/xs-power-655-ket-qua-power-655-ngay-20-07-2021.html,20/07/2021,38324690400,3505073550
606,Thứ 7,17/07/2021,,"2,7,11,21,31,42",45,02 07 11 21 31 42 | ĐB 45,Power_6/55,https://www.minhchinh.com/xs-power-655-ket-qua-power-655-ngay-17-07-2021.html,17/07/2021,37267416300,3387598650
605,Thứ 5,15/07/2021,,"3,4,12,16,30,50",20,03 04 12 16 30 50 | ĐB 20,Power_6/55,https://www.minhchinh.com/xs-power-655-ket-qua-power-655-ngay-15-07-2021.html,15/07/2021,36217440750,3270934700
604,Thứ 3,13/07/2021,,"5,11,18,27,34,43",42,05 11 18 27 34 43 | ĐB 42,Power_6/55,https://www.minhchinh.com/xs-power-655-ket-qua-power-655-ngay-13-07-2021.html,13/07/2021,34794244200,3112801750
603,Thứ 7,10/07/2021,,"7,8,17,37,47,48",27,07 08 17 37 47 48 | ĐB 27,Power_6/55,https://www.minhchinh.com/xs-power-655-ket-qua-power-655-ngay-10-07-2021.html,10/07/2021,33779028450,4329562150
602,Thứ 5,08/07/2021,,"3,32,34,42,44,54",35,03 32 34 42 44 54 | ĐB 35,Power_6/55,https://www.minhchinh.com/xs-power-655-ket-qua-power-655-ngay-08-07-2021.html,08/07/2021,32676566250,4207066350
601,Thứ 3,06/07/2021,,"17,20,22,24,30,54",51,17 20 22 24 30 54 | ĐB 51,Power_6/55,https://www.minhchinh.com/xs-power-655-ket-qua-power-655-ngay-06-07-2021.html,06/07/2021,31599710400,4087415700
600,Thứ 7,03/07/2021,,"4,25,30,38,50,55",53,04 25 30 38 50 55 | ĐB 53,Power_6/55,https://www.minhchinh.com/xs-power-655-ket-qua-power-655-ngay-03-07-2021.html,03/07/2021,53571168300,3909670100
599,Thứ 5,01/07/2021,,"4,15,28,30,49,52",55,04 15 28 30 49 52 | ĐB 55,Power_6/55,https://www.minhchinh.com/xs-power-655-ket-qua-power-655-ngay-01-07-2021.html,01/07/2021,51386104200,3666885200
598,Thứ 3,29/06/2021,,"5,14,24,36,44,55",48,05 14 24 36 44 55 | ĐB 48,Power_6/55,https://www.minhchinh.com/xs-power-655-ket-qua-power-655-ngay-29-06-2021.html,29/06/2021,49383994350,3444428550
597,Thứ 7,26/06/2021,,"6,16,17,20,49,52",27,06 16 17 20 49 52 | ĐB 27,Power_6/55,https://www.minhchinh.com/xs-power-655-ket-qua-power-655-ngay-26-06-2021.html,26/06/2021,47471485800,3231927600
596,Thứ 5,24/06/2021,,"3,16,17,24,41,44",37,03 16 17 24 41 44 | ĐB 37,Power_6/55,https://www.minhchinh.com/xs-power-655-ket-qua-power-655-ngay-24-06-2021.html,24/06/2021,45384137400,3579373100
595,Thứ 3,22/06/2021,,"3,9,32,33,41,43",40,03 09 32 33 41 43 | ĐB 40,Power_6/55,https://www.minhchinh.com/xs-power-655-ket-qua-power-655-ngay-22-06-2021.html,22/06/2021,43626698850,3384102150
594,Thứ 7,19/06/2021,,"1,3,7,13,28,45",33,01 03 07 13 28 45 | ĐB 33,Power_6/55,https://www.minhchinh.com/xs-power-655-ket-qua-power-655-ngay-19-06-2021.html,19/06/2021,41652287400,3164723100
593,Thứ 5,17/06/2021,,"18,23,38,41,44,55",40,18 23 38 41 44 55 | ĐB 40,Power_6/55,https://www.minhchinh.com/xs-power-655-ket-qua-power-655-ngay-17-06-2021.html,17/06/2021,40169779500,3404733450
592,Thứ 3,15/06/2021,,"11,18,21,22,30,55",35,11 18 21 22 30 55 | ĐB 35,Power_6/55,https://www.minhchinh.com/xs-power-655-ket-qua-power-655-ngay-15-06-2021.html,15/06/2021,38329212900,3200226050
591,Thứ 7,12/06/2021,,"4,16,17,20,27,44",30,04 16 17 20 27 44 | ĐB 30,Power_6/55,https://www.minhchinh.com/xs-power-655-ket-qua-power-655-ngay-12-06-2021.html,12/06/2021,36527178450,3370405800
590,Thứ 5,10/06/2021,,"11,22,24,27,43,54",45,11 22 24 27 43 54 | ĐB 45,Power_6/55,https://www.minhchinh.com/xs-power-655-ket-qua-power-655-ngay-10-06-2021.html,10/06/2021,34760092350,3174062900
589,Thứ 3,08/06/2021,,"16,28,33,41,42,54",12,16 28 33 41 42 54 | ĐB 12,Power_6/55,https://www.minhchinh.com/xs-power-655-ket-qua-power-655-ngay-08-06-2021.html,08/06/2021,33193526250,3195783850
588,Thứ 7,05/06/2021,,"14,22,25,39,41,52",17,14 22 25 39 41 52 | ĐB 17,Power_6/55,https://www.minhchinh.com/xs-power-655-ket-qua-power-655-ngay-05-06-2021.html,05/06/2021,31431471600,3159052400
587,Thứ 5,03/06/2021,,"4,8,21,24,26,47",43,04 08 21 24 26 47 | ĐB 43,Power_6/55,https://www.minhchinh.com/xs-power-655-ket-qua-power-655-ngay-03-06-2021.html,03/06/2021,58284817050,3217550100
586,Thứ 3,01/06/2021,,"6,12,14,27,43,45",38,06 12 14 27 43 45 | ĐB 38,Power_6/55,https://www.minhchinh.com/xs-power-655-ket-qua-power-655-ngay-01-06-2021.html,01/06/2021,56326866150,4452320650
585,Thứ 7,29/05/2021,,"2,11,31,37,43,55",14,02 11 31 37 43 55 | ĐB 14,Power_6/55,https://www.minhchinh.com/xs-power-655-ket-qua-power-655-ngay-29-05-2021.html,29/05/2021,54265804950,4223313850
584,Thứ 5,27/05/2021,,"3,7,18,22,40,46",14,03 07 18 22 40 46 | ĐB 14,Power_6/55,https://www.minhchinh.com/xs-power-655-ket-qua-power-655-ngay-27-05-2021.html,27/05/2021,51898872000,3960321300
583,Thứ 3,25/05/2021,,"6,10,33,35,36,43",8,06 10 33 35 36 43 | ĐB 08,Power_6/55,https://www.minhchinh.com/xs-power-655-ket-qua-power-655-ngay-25-05-2021.html,25/05/2021,49559884950,3700433850
582,Thứ 7,22/05/2021,,"15,27,37,45,46,52",31,15 27 37 45 46 52 | ĐB 31,Power_6/55,https://www.minhchinh.com/xs-power-655-ket-qua-power-655-ngay-22-05-2021.html,22/05/2021,47353422000,3455271300
581,Thứ 5,20/05/2021,,"7,10,12,19,42,54",24,07 10 12 19 42 54 | ĐB 24,Power_6/55,https://www.minhchinh.com/xs-power-655-ket-qua-power-655-ngay-20-05-2021.html,20/05/2021,45292426950,3226271850
580,Thứ 3,18/05/2021,,"6,7,22,32,38,47",27,06 07 22 32 38 47 | ĐB 27,Power_6/55,https://www.minhchinh.com/xs-power-655-ket-qua-power-655-ngay-18-05-2021.html,18/05/2021,43255980300,3412635650
579,Thứ 7,15/05/2021,,"1,5,6,13,23,27",46,01 05 06 13 23 27 | ĐB 46,Power_6/55,https://www.minhchinh.com/xs-power-655-ket-qua-power-655-ngay-15-05-2021.html,15/05/2021,41211747300,3185498650
578,Thứ 5,13/05/2021,,"13,24,25,35,39,41",29,13 24 25 35 39 41 | ĐB 29,Power_6/55,https://www.minhchinh.com/xs-power-655-ket-qua-power-655-ngay-13-05-2021.html,13/05/2021,39542259450,4617836050
577,Thứ 3,11/05/2021,,"1,14,41,44,46,53",48,01 14 41 44 46 53 | ĐB 48,Power_6/55,https://www.minhchinh.com/xs-power-655-ket-qua-power-655-ngay-11-05-2021.html,11/05/2021,37855593750,4430428750
576,Thứ 7,08/05/2021,,"14,23,26,37,42,51",40,14 23 26 37 42 51 | ĐB 40,Power_6/55,https://www.minhchinh.com/xs-power-655-ket-qua-power-655-ngay-08-05-2021.html,08/05/2021,35832009000,4205586000
575,Thứ 5,06/05/2021,,"15,19,24,31,44,53",32,15 19 24 31 44 53 | ĐB 32,Power_6/55,https://www.minhchinh.com/xs-power-655-ket-qua-power-655-ngay-06-05-2021.html,06/05/2021,34447913850,4051797650
574,Thứ 3,04/05/2021,,"7,24,45,48,49,53",14,07 24 45 48 49 53 | ĐB 14,Power_6/55,https://www.minhchinh.com/xs-power-655-ket-qua-power-655-ngay-04-05-2021.html,04/05/2021,33098155950,3901824550
573,Thứ 7,01/05/2021,,"3,7,14,22,41,42",10,03 07 14 22 41 42 | ĐB 10,Power_6/55,https://www.minhchinh.com/xs-power-655-ket-qua-power-655-ngay-01-05-2021.html,01/05/2021,31298624850,3701876650
572,Thứ 5,29/04/2021,,"3,9,23,33,42,44",50,03 09 23 33 42 44 | ĐB 50,Power_6/55,https://www.minhchinh.com/xs-power-655-ket-qua-power-655-ngay-29-04-2021.html,29/04/2021,49475717850,3557585000
571,Thứ 3,27/04/2021,,"3,9,22,26,32,37",41,03 09 22 26 32 37 | ĐB 41,Power_6/55,https://www.minhchinh.com/xs-power-655-ket-qua-power-655-ngay-27-04-2021.html,27/04/2021,48097092900,3404404450
570,Thứ 7,24/04/2021,,"1,4,5,21,25,44",45,01 04 05 21 25 44 | ĐB 45,Power_6/55,https://www.minhchinh.com/xs-power-655-ket-qua-power-655-ngay-24-04-2021.html,24/04/2021,46116963300,3184390050
569,Thứ 5,22/04/2021,,"5,11,17,25,39,48",22,05 11 17 25 39 48 | ĐB 22,Power_6/55,https://www.minhchinh.com/xs-power-655-ket-qua-power-655-ngay-22-04-2021.html,22/04/2021,44457452850,3408882650
568,Thứ 3,20/04/2021,,"18,25,38,43,47,51",11,18 25 38 43 47 51 | ĐB 11,Power_6/55,https://www.minhchinh.com/xs-power-655-ket-qua-power-655-ngay-20-04-2021.html,20/04/2021,43029773850,3250251650
567,Thứ 7,17/04/2021,,"4,15,16,29,42,46",36,04 15 16 29 42 46 | ĐB 36,Power_6/55,https://www.minhchinh.com/xs-power-655-ket-qua-power-655-ngay-17-04-2021.html,17/04/2021,40777509000,3617048000
566,Thứ 5,15/04/2021,,"5,8,27,42,47,51",36,05 08 27 42 47 51 | ĐB 36,Power_6/55,https://www.minhchinh.com/xs-power-655-ket-qua-power-655-ngay-15-04-2021.html,15/04/2021,38923540050,3411051450
565,Thứ 3,13/04/2021,,"25,33,39,45,49,55",36,25 33 39 45 49 55 | ĐB 36,Power_6/55,https://www.minhchinh.com/xs-power-655-ket-qua-power-655-ngay-13-04-2021.html,13/04/2021,37115385600,3210145400
564,Thứ 7,10/04/2021,,"12,13,16,17,27,47",49,12 13 16 17 27 47 | ĐB 49,Power_6/55,https://www.minhchinh.com/xs-power-655-ket-qua-power-655-ngay-10-04-2021.html,10/04/2021,35224077000,4190158850
563,Thứ 5,08/04/2021,,"8,11,16,22,28,30",45,08 11 16 22 28 30 | ĐB 45,Power_6/55,https://www.minhchinh.com/xs-power-655-ket-qua-power-655-ngay-08-04-2021.html,08/04/2021,33504099600,3999050250
562,Thứ 3,06/04/2021,,"27,33,34,38,46,48",5,27 33 34 38 46 48 | ĐB 05,Power_6/55,https://www.minhchinh.com/xs-power-655-ket-qua-power-655-ngay-06-04-2021.html,06/04/2021,32069373600,3839636250
561,Thứ 7,03/04/2021,,"2,4,34,38,41,55",19,02 04 34 38 41 55 | ĐB 19,Power_6/55,https://www.minhchinh.com/xs-power-655-ket-qua-power-655-ngay-03-04-2021.html,03/04/2021,141891526200,3609705850
560,Thứ 5,01/04/2021,,"13,18,24,34,38,54",8,13 18 24 34 38 54 | ĐB 08,Power_6/55,https://www.minhchinh.com/xs-power-655-ket-qua-power-655-ngay-01-04-2021.html,01/04/2021,136404173550,3553478250
559,Thứ 3,30/03/2021,,"2,11,17,19,47,51",22,02 11 17 19 47 51 | ĐB 22,Power_6/55,https://www.minhchinh.com/xs-power-655-ket-qua-power-655-ngay-30-03-2021.html,30/03/2021,131422869300,3578628150
558,Thứ 7,27/03/2021,,"5,11,17,20,26,37",12,05 11 17 20 26 37 | ĐB 12,Power_6/55,https://www.minhchinh.com/xs-power-655-ket-qua-power-655-ngay-27-03-2021.html,27/03/2021,126215215950,9548033850
557,Thứ 5,25/03/2021,,"19,20,24,29,36,39",22,19 20 24 29 36 39 | ĐB 22,Power_6/55,https://www.minhchinh.com/xs-power-655-ket-qua-power-655-ngay-25-03-2021.html,25/03/2021,121944966150,9073561650
556,Thứ 3,23/03/2021,,"9,13,17,33,34,53",31,09 13 17 33 34 53 | ĐB 31,Power_6/55,https://www.minhchinh.com/xs-power-655-ket-qua-power-655-ngay-23-03-2021.html,23/03/2021,117790059900,8611905400
555,Thứ 7,20/03/2021,,"16,18,20,25,35,36",17,16 18 20 25 35 36 | ĐB 17,Power_6/55,https://www.minhchinh.com/xs-power-655-ket-qua-power-655-ngay-20-03-2021.html,20/03/2021,113097886500,8090552800
554,Thứ 5,18/03/2021,,"17,24,38,41,46,54",51,17 24 38 41 46 54 | ĐB 51,Power_6/55,https://www.minhchinh.com/xs-power-655-ket-qua-power-655-ngay-18-03-2021.html,18/03/2021,108239519100,7550734200
553,Thứ 3,16/03/2021,,"3,31,45,46,49,54",40,03 31 45 46 49 54 | ĐB 40,Power_6/55,https://www.minhchinh.com/xs-power-655-ket-qua-power-655-ngay-16-03-2021.html,16/03/2021,103455782400,7019207900
552,Thứ 7,13/03/2021,,"7,19,20,23,36,55",9,07 19 20 23 36 55 | ĐB 09,Power_6/55,https://www.minhchinh.com/xs-power-655-ket-qua-power-655-ngay-13-03-2021.html,13/03/2021,98550537600,6474180700
551,Thứ 5,11/03/2021,,"4,5,12,25,43,44",27,04 05 12 25 43 44 | ĐB 27,Power_6/55,https://www.minhchinh.com/xs-power-655-ket-qua-power-655-ngay-11-03-2021.html,11/03/2021,95157557400,6097182900
550,Thứ 3,09/03/2021,,"15,18,29,35,47,54",20,15 18 29 35 47 54 | ĐB 20,Power_6/55,https://www.minhchinh.com/xs-power-655-ket-qua-power-655-ngay-09-03-2021.html,09/03/2021,92543076300,5806685000
549,Thứ 7,06/03/2021,,"18,24,34,39,46,55",4,18 24 34 39 46 55 | ĐB 04,Power_6/55,https://www.minhchinh.com/xs-power-655-ket-qua-power-655-ngay-06-03-2021.html,06/03/2021,89006712600,5413755700
548,Thứ 5,04/03/2021,,"2,9,21,23,33,41",45,02 09 21 23 33 41 | ĐB 45,Power_6/55,https://www.minhchinh.com/xs-power-655-ket-qua-power-655-ngay-04-03-2021.html,04/03/2021,85415028150,5014679650
547,Thứ 3,02/03/2021,,"23,29,45,46,49,51",1,23 29 45 46 49 51 | ĐB 01,Power_6/55,https://www.minhchinh.com/xs-power-655-ket-qua-power-655-ngay-02-03-2021.html,02/03/2021,82776283500,4721485800
546,Thứ 7,27/02/2021,,"6,11,24,30,50,52",22,06 11 24 30 50 52 | ĐB 22,Power_6/55,https://www.minhchinh.com/xs-power-655-ket-qua-power-655-ngay-27-02-2021.html,27/02/2021,79232699100,4327754200
545,Thứ 5,25/02/2021,,"9,19,32,40,45,51",1,09 19 32 40 45 51 | ĐB 01,Power_6/55,https://www.minhchinh.com/xs-power-655-ket-qua-power-655-ngay-25-02-2021.html,25/02/2021,76449418500,4018500800
544,Thứ 3,23/02/2021,,"16,19,21,23,30,48",6,16 19 21 23 30 48 | ĐB 06,Power_6/55,https://www.minhchinh.com/xs-power-655-ket-qua-power-655-ngay-23-02-2021.html,23/02/2021,73652565000,3707739300
543,Thứ 7,20/02/2021,,"1,2,4,32,34,39",20,01 02 04 32 34 39 | ĐB 20,Power_6/55,https://www.minhchinh.com/xs-power-655-ket-qua-power-655-ngay-20-02-2021.html,20/02/2021,70245519600,3329178700
542,Thứ 5,18/02/2021,,"2,5,10,22,26,47",53,02 05 10 22 26 47 | ĐB 53,Power_6/55,https://www.minhchinh.com/xs-power-655-ket-qua-power-655-ngay-18-02-2021.html,18/02/2021,67282911300,4126719700
541,Thứ 3,16/02/2021,,"4,10,11,21,23,44",50,04 10 11 21 23 44 | ĐB 50,Power_6/55,https://www.minhchinh.com/xs-power-655-ket-qua-power-655-ngay-16-02-2021.html,16/02/2021,64678866600,3837381400
540,Thứ 7,13/02/2021,,"3,11,14,31,34,42",24,03 11 14 31 34 42 | ĐB 24,Power_6/55,https://www.minhchinh.com/xs-power-655-ket-qua-power-655-ngay-13-02-2021.html,13/02/2021,62441824800,3588821200
539,Thứ 3,09/02/2021,,"15,20,21,29,31,41",34,15 20 21 29 31 41 | ĐB 34,Power_6/55,https://www.minhchinh.com/xs-power-655-ket-qua-power-655-ngay-09-02-2021.html,09/02/2021,59715062850,3285847650
538,Thứ 7,06/02/2021,,"6,22,32,33,35,53",12,06 22 32 33 35 53 | ĐB 12,Power_6/55,https://www.minhchinh.com/xs-power-655-ket-qua-power-655-ngay-06-02-2021.html,06/02/2021,57142434000,6176105900
537,Thứ 5,04/02/2021,,"28,43,44,50,51,53",13,28 43 44 50 51 53 | ĐB 13,Power_6/55,https://www.minhchinh.com/xs-power-655-ket-qua-power-655-ngay-04-02-2021.html,04/02/2021,54561200700,5889302200
536,Thứ 3,02/02/2021,,"4,13,31,36,40,54",30,04 13 31 36 40 54 | ĐB 30,Power_6/55,https://www.minhchinh.com/xs-power-655-ket-qua-power-655-ngay-02-02-2021.html,02/02/2021,51862051650,5589396750
535,Thứ 7,30/01/2021,,"2,7,17,18,21,29",19,02 07 17 18 21 29 | ĐB 19,Power_6/55,https://www.minhchinh.com/xs-power-655-ket-qua-power-655-ngay-30-01-2021.html,30/01/2021,49303866450,5305153950
534,Thứ 5,28/01/2021,,"3,4,16,34,40,55",2,03 04 16 34 40 55 | ĐB 02,Power_6/55,https://www.minhchinh.com/xs-power-655-ket-qua-power-655-ngay-28-01-2021.html,28/01/2021,47149347450,5065762950
533,Thứ 3,26/01/2021,,"7,16,32,42,44,47",35,07 16 32 42 44 47 | ĐB 35,Power_6/55,https://www.minhchinh.com/xs-power-655-ket-qua-power-655-ngay-26-01-2021.html,26/01/2021,44953625550,4821793850
532,Thứ 7,23/01/2021,,"12,31,39,41,45,55",34,12 31 39 41 45 55 | ĐB 34,Power_6/55,https://www.minhchinh.com/xs-power-655-ket-qua-power-655-ngay-23-01-2021.html,23/01/2021,42744858150,4576375250
531,Thứ 5,21/01/2021,,"9,20,22,31,47,52",18,09 20 22 31 47 52 | ĐB 18,Power_6/55,https://www.minhchinh.com/xs-power-655-ket-qua-power-655-ngay-21-01-2021.html,21/01/2021,40652627700,4343905200
530,Thứ 3,19/01/2021,,"5,22,25,43,48,53",18,05 22 25 43 48 53 | ĐB 18,Power_6/55,https://www.minhchinh.com/xs-power-655-ket-qua-power-655-ngay-19-01-2021.html,19/01/2021,38752446450,4132773950
529,Thứ 7,16/01/2021,,"13,15,28,29,32,44",49,13 15 28 29 32 44 | ĐB 49,Power_6/55,https://www.minhchinh.com/xs-power-655-ket-qua-power-655-ngay-16-01-2021.html,16/01/2021,36663441600,3900662300
528,Thứ 5,14/01/2021,,"1,4,42,44,46,50",9,01 04 42 44 46 50 | ĐB 09,Power_6/55,https://www.minhchinh.com/xs-power-655-ket-qua-power-655-ngay-14-01-2021.html,14/01/2021,35114389950,3728545450
527,Thứ 3,12/01/2021,,"19,23,29,34,44,53",35,19 23 29 34 44 53 | ĐB 35,Power_6/55,https://www.minhchinh.com/xs-power-655-ket-qua-power-655-ngay-12-01-2021.html,12/01/2021,33350143800,3532518100
526,Thứ 7,09/01/2021,,"10,19,24,29,46,48",5,10 19 24 29 46 48 | ĐB 05,Power_6/55,https://www.minhchinh.com/xs-power-655-ket-qua-power-655-ngay-09-01-2021.html,09/01/2021,31590120000,3336959900
525,Thứ 5,07/01/2021,,"7,11,22,38,48,51",53,07 11 22 38 48 51 | ĐB 53,Power_6/55,https://www.minhchinh.com/xs-power-655-ket-qua-power-655-ngay-07-01-2021.html,07/01/2021,34330228050,3160279900
524,Thứ 3,05/01/2021,,"5,7,9,22,42,54",47,05 07 09 22 42 54 | ĐB 47,Power_6/55,https://www.minhchinh.com/xs-power-655-ket-qua-power-655-ngay-05-01-2021.html,05/01/2021,32887708950,3911224400
523,Thứ 7,02/01/2021,,"7,19,23,26,35,45",11,07 19 23 26 35 45 | ĐB 11,Power_6/55,https://www.minhchinh.com/xs-power-655-ket-qua-power-655-ngay-02-01-2021.html,02/01/2021,31214532450,3725315900
522,Thứ 5,31/12/2020,,"2,15,25,27,37,51",53,02 15 25 27 37 51 | ĐB 53,Power_6/55,https://www.minhchinh.com/xs-power-655-ket-qua-power-655-ngay-31-12-2020.html,31/12/2020,81778372050,3590367850
521,Thứ 3,29/12/2020,,"4,8,11,15,17,41",23,04 08 11 15 17 41 | ĐB 23,Power_6/55,https://www.minhchinh.com/xs-power-655-ket-qua-power-655-ngay-29-12-2020.html,29/12/2020,79249782900,3309413500
520,Thứ 7,26/12/2020,,"1,24,33,41,43,51",48,01 24 33 41 43 51 | ĐB 48,Power_6/55,https://www.minhchinh.com/xs-power-655-ket-qua-power-655-ngay-26-12-2020.html,26/12/2020,76465061400,3570655700
519,Thứ 5,24/12/2020,,"11,19,34,41,44,48",43,11 19 34 41 44 48 | ĐB 43,Power_6/55,https://www.minhchinh.com/xs-power-655-ket-qua-power-655-ngay-24-12-2020.html,24/12/2020,73684926750,3261751850
518,Thứ 3,22/12/2020,,"10,11,16,29,35,38",3,10 11 16 29 35 38 | ĐB 03,Power_6/55,https://www.minhchinh.com/xs-power-655-ket-qua-power-655-ngay-22-12-2020.html,22/12/2020,71329160100,4265037300
517,Thứ 7,19/12/2020,,"14,20,32,34,37,49",31,14 20 32 34 37 49 | ĐB 31,Power_6/55,https://www.minhchinh.com/xs-power-655-ket-qua-power-655-ngay-19-12-2020.html,19/12/2020,69054094650,4012252250
516,Thứ 5,17/12/2020,,"15,25,27,35,40,48",45,15 25 27 35 40 48 | ĐB 45,Power_6/55,https://www.minhchinh.com/xs-power-655-ket-qua-power-655-ngay-17-12-2020.html,17/12/2020,66665164800,3746815600
515,Thứ 3,15/12/2020,,"10,11,13,35,38,49",14,10 11 13 35 38 49 | ĐB 14,Power_6/55,https://www.minhchinh.com/xs-power-655-ket-qua-power-655-ngay-15-12-2020.html,15/12/2020,64462833300,3502112100
514,Thứ 7,12/12/2020,,"3,14,32,36,41,46",54,03 14 32 36 41 46 | ĐB 54,Power_6/55,https://www.minhchinh.com/xs-power-655-ket-qua-power-655-ngay-12-12-2020.html,12/12/2020,62117400450,3241508450
513,Thứ 5,10/12/2020,,"3,31,34,36,44,54",45,03 31 34 36 44 54 | ĐB 45,Power_6/55,https://www.minhchinh.com/xs-power-655-ket-qua-power-655-ngay-10-12-2020.html,10/12/2020,59943824400,3227253650
512,Thứ 3,08/12/2020,,"2,17,32,33,38,45",37,02 17 32 33 38 45 | ĐB 37,Power_6/55,https://www.minhchinh.com/xs-power-655-ket-qua-power-655-ngay-08-12-2020.html,08/12/2020,57898541550,3458370950
511,Thứ 7,05/12/2020,,"10,28,29,30,37,38",36,10 28 29 30 37 38 | ĐB 36,Power_6/55,https://www.minhchinh.com/xs-power-655-ket-qua-power-655-ngay-05-12-2020.html,05/12/2020,55474428900,3189025100
510,Thứ 5,03/12/2020,,"5,19,32,41,42,45",17,05 19 32 41 42 45 | ĐB 17,Power_6/55,https://www.minhchinh.com/xs-power-655-ket-qua-power-655-ngay-03-12-2020.html,03/12/2020,53773203000,3203276400
509,Thứ 3,01/12/2020,,"6,10,12,24,34,43",15,06 10 12 24 34 43 | ĐB 15,Power_6/55,https://www.minhchinh.com/xs-power-655-ket-qua-power-655-ngay-01-12-2020.html,01/12/2020,51943715400,4559367200
508,Thứ 7,28/11/2020,,"1,20,36,44,45,49",52,01 20 36 44 45 49 | ĐB 52,Power_6/55,https://www.minhchinh.com/xs-power-655-ket-qua-power-655-ngay-28-11-2020.html,28/11/2020,50218452300,4367671300
507,Thứ 5,26/11/2020,,"18,19,29,31,36,52",50,18 19 29 31 36 52 | ĐB 50,Power_6/55,https://www.minhchinh.com/xs-power-655-ket-qua-power-655-ngay-26-11-2020.html,26/11/2020,48189077850,4142185250
506,Thứ 3,24/11/2020,,"4,7,19,20,22,53",23,04 07 19 20 22 53 | ĐB 23,Power_6/55,https://www.minhchinh.com/xs-power-655-ket-qua-power-655-ngay-24-11-2020.html,24/11/2020,46305971850,3932951250
505,Thứ 7,21/11/2020,,"8,14,19,20,49,51",28,08 14 19 20 49 51 | ĐB 28,Power_6/55,https://www.minhchinh.com/xs-power-655-ket-qua-power-655-ngay-21-11-2020.html,21/11/2020,44600432700,3743446900
504,Thứ 5,19/11/2020,,"12,15,23,28,45,48",43,12 15 23 28 45 48 | ĐB 43,Power_6/55,https://www.minhchinh.com/xs-power-655-ket-qua-power-655-ngay-19-11-2020.html,19/11/2020,42989314350,3564433750
503,Thứ 3,17/11/2020,,"6,17,27,34,36,51",48,06 17 27 34 36 51 | ĐB 48,Power_6/55,https://www.minhchinh.com/xs-power-655-ket-qua-power-655-ngay-17-11-2020.html,17/11/2020,41486427300,3397446300
502,Thứ 7,14/11/2020,,"5,11,15,34,44,48",35,05 11 15 34 44 48 | ĐB 35,Power_6/55,https://www.minhchinh.com/xs-power-655-ket-qua-power-655-ngay-14-11-2020.html,14/11/2020,39485472600,3175118000
501,Thứ 5,12/11/2020,,"4,20,22,25,43,47",12,04 20 22 25 43 47 | ĐB 12,Power_6/55,https://www.minhchinh.com/xs-power-655-ket-qua-power-655-ngay-12-11-2020.html,12/11/2020,37909410600,4166004300
500,Thứ 3,10/11/2020,,"2,5,19,39,48,53",6,02 05 19 39 48 53 | ĐB 06,Power_6/55,https://www.minhchinh.com/xs-power-655-ket-qua-power-655-ngay-10-11-2020.html,10/11/2020,36119658000,3967142900
499,Thứ 7,07/11/2020,,"12,28,30,33,45,52",15,12 28 30 33 45 52 | ĐB 15,Power_6/55,https://www.minhchinh.com/xs-power-655-ket-qua-power-655-ngay-07-11-2020.html,07/11/2020,34338855450,3769275950
498,Thứ 5,05/11/2020,,"1,2,6,18,34,51",52,01 02 06 18 34 51 | ĐB 52,Power_6/55,https://www.minhchinh.com/xs-power-655-ket-qua-power-655-ngay-05-11-2020.html,05/11/2020,32835526500,3602239400
497,Thứ 3,03/11/2020,,"2,22,27,46,48,52",23,02 22 27 46 48 52 | ĐB 23,Power_6/55,https://www.minhchinh.com/xs-power-655-ket-qua-power-655-ngay-03-11-2020.html,03/11/2020,31591665750,3464032650
496,Thứ 7,31/10/2020,,"8,18,19,20,43,54",50,08 18 19 20 43 54 | ĐB 50,Power_6/55,https://www.minhchinh.com/xs-power-655-ket-qua-power-655-ngay-31-10-2020.html,31/10/2020,31074947850,3287180900
495,Thứ 5,29/10/2020,,"9,11,14,16,21,23",54,09 11 14 16 21 23 | ĐB 54,Power_6/55,https://www.minhchinh.com/xs-power-655-ket-qua-power-655-ngay-29-10-2020.html,29/10/2020,50690711550,3167742250
494,Thứ 3,27/10/2020,,"3,31,33,36,38,39",8,03 31 33 36 38 39 | ĐB 08,Power_6/55,https://www.minhchinh.com/xs-power-655-ket-qua-power-655-ngay-27-10-2020.html,27/10/2020,49181031300,3589227950
493,Thứ 7,24/10/2020,,"12,21,22,27,41,50",34,12 21 22 27 41 50 | ĐB 34,Power_6/55,https://www.minhchinh.com/xs-power-655-ket-qua-power-655-ngay-24-10-2020.html,24/10/2020,47360481150,3386944600
492,Thứ 5,22/10/2020,,"2,3,12,21,24,38",14,02 03 12 21 24 38 | ĐB 14,Power_6/55,https://www.minhchinh.com/xs-power-655-ket-qua-power-655-ngay-22-10-2020.html,22/10/2020,45421905900,3171547350
491,Thứ 3,20/10/2020,,"8,33,38,47,49,54",31,08 33 38 47 49 54 | ĐB 31,Power_6/55,https://www.minhchinh.com/xs-power-655-ket-qua-power-655-ngay-20-10-2020.html,20/10/2020,43877979750,3736653450
490,Thứ 7,17/10/2020,,"3,14,25,37,49,54",53,03 14 25 37 49 54 | ĐB 53,Power_6/55,https://www.minhchinh.com/xs-power-655-ket-qua-power-655-ngay-17-10-2020.html,17/10/2020,41911723200,3518180500
489,Thứ 5,15/10/2020,,"8,38,41,47,50,52",45,08 38 41 47 50 52 | ĐB 45,Power_6/55,https://www.minhchinh.com/xs-power-655-ket-qua-power-655-ngay-15-10-2020.html,15/10/2020,40405919700,3350869000
488,Thứ 3,13/10/2020,,"12,19,28,29,52,53",20,12 19 28 29 52 53 | ĐB 20,Power_6/55,https://www.minhchinh.com/xs-power-655-ket-qua-power-655-ngay-13-10-2020.html,13/10/2020,38731559700,3164829000
487,Thứ 7,10/10/2020,,"5,10,47,50,53,54",22,05 10 47 50 53 54 | ĐB 22,Power_6/55,https://www.minhchinh.com/xs-power-655-ket-qua-power-655-ngay-10-10-2020.html,10/10/2020,37248098700,3971449700
486,Thứ 5,08/10/2020,,"10,18,20,21,26,51",52,10 18 20 21 26 51 | ĐB 52,Power_6/55,https://www.minhchinh.com/xs-power-655-ket-qua-power-655-ngay-08-10-2020.html,08/10/2020,35567089050,3784670850
485,Thứ 3,06/10/2020,,"11,14,29,32,33,40",35,11 14 29 32 33 40 | ĐB 35,Power_6/55,https://www.minhchinh.com/xs-power-655-ket-qua-power-655-ngay-06-10-2020.html,06/10/2020,34116310200,3623473200
484,Thứ 7,03/10/2020,,"12,14,22,23,39,44",28,12 14 22 23 39 44 | ĐB 28,Power_6/55,https://www.minhchinh.com/xs-power-655-ket-qua-power-655-ngay-03-10-2020.html,03/10/2020,32504337750,3444365150
483,Thứ 5,01/10/2020,,"3,6,7,19,38,54",50,03 06 07 19 38 54 | ĐB 50,Power_6/55,https://www.minhchinh.com/xs-power-655-ket-qua-power-655-ngay-01-10-2020.html,01/10/2020,31064969100,3284435300
482,Thứ 3,29/09/2020,,"1,6,7,13,30,55",34,01 06 07 13 30 55 | ĐB 34,Power_6/55,https://www.minhchinh.com/xs-power-655-ket-qua-power-655-ngay-29-09-2020.html,29/09/2020,59665659600,3166105400
481,Thứ 7,26/09/2020,,"7,10,13,15,40,48",1,07 10 13 15 40 48 | ĐB 01,Power_6/55,https://www.minhchinh.com/xs-power-655-ket-qua-power-655-ngay-26-09-2020.html,26/09/2020,58170711000,3561709150
480,Thứ 5,24/09/2020,,"12,28,41,42,52,53",50,12 28 41 42 52 53 | ĐB 50,Power_6/55,https://www.minhchinh.com/xs-power-655-ket-qua-power-655-ngay-24-09-2020.html,24/09/2020,56419684950,3367150700
479,Thứ 3,22/09/2020,,"5,8,15,18,36,45",6,05 08 15 18 36 45 | ĐB 06,Power_6/55,https://www.minhchinh.com/xs-power-655-ket-qua-power-655-ngay-22-09-2020.html,22/09/2020,54648797700,3170385450
478,Thứ 7,19/09/2020,,"4,7,8,29,31,41",38,04 07 08 29 31 41 | ĐB 38,Power_6/55,https://www.minhchinh.com/xs-power-655-ket-qua-power-655-ngay-19-09-2020.html,19/09/2020,53115328650,3600520850
477,Thứ 5,17/09/2020,,"1,5,28,43,44,53",49,01 05 28 43 44 53 | ĐB 49,Power_6/55,https://www.minhchinh.com/xs-power-655-ket-qua-power-655-ngay-17-09-2020.html,17/09/2020,51498833700,3420910300
476,Thứ 3,15/09/2020,,"13,14,15,17,26,53",21,13 14 15 17 26 53 | ĐB 21,Power_6/55,https://www.minhchinh.com/xs-power-655-ket-qua-power-655-ngay-15-09-2020.html,15/09/2020,49600925850,3210031650
475,Thứ 7,12/09/2020,,"20,21,24,30,31,44",40,20 21 24 30 31 44 | ĐB 40,Power_6/55,https://www.minhchinh.com/xs-power-655-ket-qua-power-655-ngay-12-09-2020.html,12/09/2020,47710641000,3356073700
474,Thứ 5,10/09/2020,,"18,25,27,37,45,50",52,18 25 27 37 45 50 | ĐB 52,Power_6/55,https://www.minhchinh.com/xs-power-655-ket-qua-power-655-ngay-10-09-2020.html,10/09/2020,46002032400,3166228300
473,Thứ 3,08/09/2020,,"22,47,48,52,53,55",14,22 47 48 52 53 55 | ĐB 14,Power_6/55,https://www.minhchinh.com/xs-power-655-ket-qua-power-655-ngay-08-09-2020.html,08/09/2020,44505977700,3738333950
472,Thứ 7,05/09/2020,,"9,12,19,22,31,46",20,09 12 19 22 31 46 | ĐB 20,Power_6/55,https://www.minhchinh.com/xs-power-655-ket-qua-power-655-ngay-05-09-2020.html,05/09/2020,42646878750,3531767400
471,Thứ 5,03/09/2020,,"7,9,18,22,35,54",50,07 09 18 22 35 54 | ĐB 50,Power_6/55,https://www.minhchinh.com/xs-power-655-ket-qua-power-655-ngay-03-09-2020.html,03/09/2020,41084669100,3358188550
470,Thứ 3,01/09/2020,,"11,22,24,47,49,53",3,11 22 24 47 49 53 | ĐB 03,Power_6/55,https://www.minhchinh.com/xs-power-655-ket-qua-power-655-ngay-01-09-2020.html,01/09/2020,39735698700,3208302950
469,Thứ 7,29/08/2020,,"1,4,14,28,35,53",2,01 04 14 28 35 53 | ĐB 02,Power_6/55,https://www.minhchinh.com/xs-power-655-ket-qua-power-655-ngay-29-08-2020.html,29/08/2020,37860972150,4346520200
468,Thứ 3,25/08/2020,,"21,35,36,38,44,47",14,21 35 36 38 44 47 | ĐB 14,Power_6/55,https://www.minhchinh.com/xs-power-655-ket-qua-power-655-ngay-25-08-2020.html,25/08/2020,36268263300,4169552550
467,Thứ 7,22/08/2020,,"1,20,24,26,35,51",12,01 20 24 26 35 51 | ĐB 12,Power_6/55,https://www.minhchinh.com/xs-power-655-ket-qua-power-655-ngay-22-08-2020.html,22/08/2020,34552193700,3978878150
466,Thứ 5,20/08/2020,,"14,18,28,32,33,36",41,14 18 28 32 33 36 | ĐB 41,Power_6/55,https://www.minhchinh.com/xs-power-655-ket-qua-power-655-ngay-20-08-2020.html,20/08/2020,33007974150,3807298200
465,Thứ 3,18/08/2020,,"22,41,44,46,51,52",2,22 41 44 46 51 52 | ĐB 02,Power_6/55,https://www.minhchinh.com/xs-power-655-ket-qua-power-655-ngay-18-08-2020.html,18/08/2020,31594148400,3650206450
464,Thứ 7,15/08/2020,,"1,11,29,30,41,51",4,01 11 29 30 41 51 | ĐB 04,Power_6/55,https://www.minhchinh.com/xs-power-655-ket-qua-power-655-ngay-15-08-2020.html,15/08/2020,40602347850,3473078850
463,Thứ 5,13/08/2020,,"3,25,28,44,49,54",19,03 25 28 44 49 54 | ĐB 19,Power_6/55,https://www.minhchinh.com/xs-power-655-ket-qua-power-655-ngay-13-08-2020.html,13/08/2020,39086174100,3304615100
462,Thứ 3,11/08/2020,,"2,12,33,39,52,53",44,02 12 33 39 52 53 | ĐB 44,Power_6/55,https://www.minhchinh.com/xs-power-655-ket-qua-power-655-ngay-11-08-2020.html,11/08/2020,37842198150,3166395550
461,Thứ 7,08/08/2020,,"3,12,24,26,36,43",8,03 12 24 26 36 43 | ĐB 08,Power_6/55,https://www.minhchinh.com/xs-power-655-ket-qua-power-655-ngay-08-08-2020.html,08/08/2020,36344638200,3704959800
460,Thứ 5,06/08/2020,,"2,5,21,24,26,27",11,02 05 21 24 26 27 | ĐB 11,Power_6/55,https://www.minhchinh.com/xs-power-655-ket-qua-power-655-ngay-06-08-2020.html,06/08/2020,35484039300,3609337700
459,Thứ 3,04/08/2020,,"10,15,20,21,32,51",8,10 15 20 21 32 51 | ĐB 08,Power_6/55,https://www.minhchinh.com/xs-power-655-ket-qua-power-655-ngay-04-08-2020.html,04/08/2020,34160517300,3462279700
458,Thứ 7,01/08/2020,,"13,18,29,30,40,47",4,13 18 29 30 40 47 | ĐB 04,Power_6/55,https://www.minhchinh.com/xs-power-655-ket-qua-power-655-ngay-01-08-2020.html,01/08/2020,32664333450,3296037050
457,Thứ 5,30/07/2020,,"6,7,16,26,29,54",4,06 07 16 26 29 54 | ĐB 04,Power_6/55,https://www.minhchinh.com/xs-power-655-ket-qua-power-655-ngay-30-07-2020.html,30/07/2020,31179786600,3131087400
456,Thứ 3,28/07/2020,,"3,11,20,34,44,54",16,03 11 20 34 44 54 | ĐB 16,Power_6/55,https://www.minhchinh.com/xs-power-655-ket-qua-power-655-ngay-28-07-2020.html,28/07/2020,108125269950,6969310000
455,Thứ 7,25/07/2020,,"2,19,21,34,54,55",24,02 19 21 34 54 55 | ĐB 24,Power_6/55,https://www.minhchinh.com/xs-power-655-ket-qua-power-655-ngay-25-07-2020.html,25/07/2020,102347224500,6327304950
454,Thứ 5,23/07/2020,,"4,12,31,47,49,52",2,04 12 31 47 49 52 | ĐB 02,Power_6/55,https://www.minhchinh.com/xs-power-655-ket-qua-power-655-ngay-23-07-2020.html,23/07/2020,97175363250,5752653700
453,Thứ 3,21/07/2020,,"6,14,31,37,38,44",4,06 14 31 37 38 44 | ĐB 04,Power_6/55,https://www.minhchinh.com/xs-power-655-ket-qua-power-655-ngay-21-07-2020.html,21/07/2020,91825726800,5158249650
452,Thứ 7,18/07/2020,,"3,13,22,28,30,53",16,03 13 22 28 30 53 | ĐB 16,Power_6/55,https://www.minhchinh.com/xs-power-655-ket-qua-power-655-ngay-18-07-2020.html,18/07/2020,86441982150,4560055800
451,Thứ 5,16/07/2020,,"2,5,11,20,24,32",6,02 05 11 20 24 32 | ĐB 06,Power_6/55,https://www.minhchinh.com/xs-power-655-ket-qua-power-655-ngay-16-07-2020.html,16/07/2020,82008822450,4067482500
450,Thứ 3,14/07/2020,,"5,22,32,34,43,51",12,05 22 32 34 43 51 | ĐB 12,Power_6/55,https://www.minhchinh.com/xs-power-655-ket-qua-power-655-ngay-14-07-2020.html,14/07/2020,77917521900,3612893550
449,Thứ 7,11/07/2020,,"3,4,6,14,20,38",35,03 04 06 14 20 38 | ĐB 35,Power_6/55,https://www.minhchinh.com/xs-power-655-ket-qua-power-655-ngay-11-07-2020.html,11/07/2020,74543157300,3237964150
448,Thứ 5,09/07/2020,,"3,10,11,17,26,54",21,03 10 11 17 26 54 | ĐB 21,Power_6/55,https://www.minhchinh.com/xs-power-655-ket-qua-power-655-ngay-09-07-2020.html,09/07/2020,72401479950,3472460950
447,Thứ 3,07/07/2020,,"7,24,32,35,48,50",1,07 24 32 35 48 50 | ĐB 01,Power_6/55,https://www.minhchinh.com/xs-power-655-ket-qua-power-655-ngay-07-07-2020.html,07/07/2020,70362637500,3245922900
446,Thứ 7,04/07/2020,,"3,9,10,18,29,45",36,03 09 10 18 29 45 | ĐB 36,Power_6/55,https://www.minhchinh.com/xs-power-655-ket-qua-power-655-ngay-04-07-2020.html,04/07/2020,68149331400,3853016050
445,Thứ 5,02/07/2020,,"4,10,20,38,48,53",5,04 10 20 38 48 53 | ĐB 05,Power_6/55,https://www.minhchinh.com/xs-power-655-ket-qua-power-655-ngay-02-07-2020.html,02/07/2020,66366603300,3654935150
444,Thứ 3,30/06/2020,,"5,11,18,19,20,21",52,05 11 18 19 20 21 | ĐB 52,Power_6/55,https://www.minhchinh.com/xs-power-655-ket-qua-power-655-ngay-30-06-2020.html,30/06/2020,64312813650,3426736300
443,Thứ 7,27/06/2020,,"2,6,38,47,50,53",14,02 06 38 47 50 53 | ĐB 14,Power_6/55,https://www.minhchinh.com/xs-power-655-ket-qua-power-655-ngay-27-06-2020.html,27/06/2020,62496583500,3224932950
442,Thứ 5,25/06/2020,,"9,10,12,19,27,40",55,09 10 12 19 27 40 | ĐB 55,Power_6/55,https://www.minhchinh.com/xs-power-655-ket-qua-power-655-ngay-25-06-2020.html,25/06/2020,60472186950,3613345900
441,Thứ 3,23/06/2020,,"2,18,28,46,52,54",19,02 18 28 46 52 54 | ĐB 19,Power_6/55,https://www.minhchinh.com/xs-power-655-ket-qua-power-655-ngay-23-06-2020.html,23/06/2020,58805962050,3428209800
440,Thứ 7,20/06/2020,,"5,9,33,43,44,50",46,05 09 33 43 44 50 | ĐB 46,Power_6/55,https://www.minhchinh.com/xs-power-655-ket-qua-power-655-ngay-20-06-2020.html,20/06/2020,56914961250,3218098600
439,Thứ 5,18/06/2020,,"5,18,27,45,50,54",9,05 18 27 45 50 54 | ĐB 09,Power_6/55,https://www.minhchinh.com/xs-power-655-ket-qua-power-655-ngay-18-06-2020.html,18/06/2020,54952073850,3122220850
438,Thứ 3,16/06/2020,,"2,15,16,23,33,54",45,02 15 16 23 33 54 | ĐB 45,Power_6/55,https://www.minhchinh.com/xs-power-655-ket-qua-power-655-ngay-16-06-2020.html,16/06/2020,53852086200,3735115200
437,Thứ 7,13/06/2020,,"7,9,11,30,43,53",10,07 09 11 30 43 53 | ĐB 10,Power_6/55,https://www.minhchinh.com/xs-power-655-ket-qua-power-655-ngay-13-06-2020.html,13/06/2020,52151425050,3546152850
436,Thứ 5,11/06/2020,,"3,21,25,32,35,52",34,03 21 25 32 35 52 | ĐB 34,Power_6/55,https://www.minhchinh.com/xs-power-655-ket-qua-power-655-ngay-11-06-2020.html,11/06/2020,50713813200,3386418200
435,Thứ 3,09/06/2020,,"1,3,8,22,42,48",44,01 03 08 22 42 48 | ĐB 44,Power_6/55,https://www.minhchinh.com/xs-power-655-ket-qua-power-655-ngay-09-06-2020.html,09/06/2020,49186580250,3216725650
434,Thứ 7,06/06/2020,,"8,12,24,32,35,51",21,08 12 24 32 35 51 | ĐB 21,Power_6/55,https://www.minhchinh.com/xs-power-655-ket-qua-power-655-ngay-06-06-2020.html,06/06/2020,47236049400,7251116250
433,Thứ 5,04/06/2020,,"6,12,16,34,39,54",19,06 12 16 34 39 54 | ĐB 19,Power_6/55,https://www.minhchinh.com/xs-power-655-ket-qua-power-655-ngay-04-06-2020.html,04/06/2020,45728364900,7083595750
432,Thứ 3,02/06/2020,,"4,19,31,42,48,55",22,04 19 31 42 48 55 | ĐB 22,Power_6/55,https://www.minhchinh.com/xs-power-655-ket-qua-power-655-ngay-02-06-2020.html,02/06/2020,44372894250,6932987900
431,Thứ 7,30/05/2020,,"12,13,41,42,48,53",20,12 13 41 42 48 53 | ĐB 20,Power_6/55,https://www.minhchinh.com/xs-power-655-ket-qua-power-655-ngay-30-05-2020.html,30/05/2020,42364771950,6709863200
430,Thứ 5,28/05/2020,,"1,4,8,21,44,49",52,01 04 08 21 44 49 | ĐB 52,Power_6/55,https://www.minhchinh.com/xs-power-655-ket-qua-power-655-ngay-28-05-2020.html,28/05/2020,40722802950,6527422200
429,Thứ 3,26/05/2020,,"11,12,23,24,34,47",43,11 12 23 24 34 47 | ĐB 43,Power_6/55,https://www.minhchinh.com/xs-power-655-ket-qua-power-655-ngay-26-05-2020.html,26/05/2020,39110032200,6348225450
428,Thứ 7,23/05/2020,,"4,13,27,47,50,55",31,04 13 27 47 50 55 | ĐB 31,Power_6/55,https://www.minhchinh.com/xs-power-655-ket-qua-power-655-ngay-23-05-2020.html,23/05/2020,37457550750,6164616400
427,Thứ 5,21/05/2020,,"2,15,22,25,30,46",10,02 15 22 25 30 46 | ĐB 10,Power_6/55,https://www.minhchinh.com/xs-power-655-ket-qua-power-655-ngay-21-05-2020.html,21/05/2020,35786056800,5978894850
426,Thứ 3,19/05/2020,,"5,15,16,19,49,55",3,05 15 16 19 49 55 | ĐB 03,Power_6/55,https://www.minhchinh.com/xs-power-655-ket-qua-power-655-ngay-19-05-2020.html,19/05/2020,34151397600,5797266050
425,Thứ 7,16/05/2020,,"19,35,38,49,52,55",1,19 35 38 49 52 55 | ĐB 01,Power_6/55,https://www.minhchinh.com/xs-power-655-ket-qua-power-655-ngay-16-05-2020.html,16/05/2020,32685784500,5634420150
424,Thứ 5,14/05/2020,,"7,23,29,47,51,55",12,07 23 29 47 51 55 | ĐB 12,Power_6/55,https://www.minhchinh.com/xs-power-655-ket-qua-power-655-ngay-14-05-2020.html,14/05/2020,31171245600,5466138050
423,Thứ 3,12/05/2020,,"1,8,25,34,38,44",28,01 08 25 34 38 44 | ĐB 28,Power_6/55,https://www.minhchinh.com/xs-power-655-ket-qua-power-655-ngay-12-05-2020.html,12/05/2020,192141839100,5335999650
422,Thứ 7,09/05/2020,,"18,19,30,39,45,46",11,18 19 30 39 45 46 | ĐB 11,Power_6/55,https://www.minhchinh.com/xs-power-655-ket-qua-power-655-ngay-09-05-2020.html,09/05/2020,183593994150,4386239100
421,Thứ 5,07/05/2020,,"9,19,28,30,32,54",22,09 19 28 30 32 54 | ĐB 22,Power_6/55,https://www.minhchinh.com/xs-power-655-ket-qua-power-655-ngay-07-05-2020.html,07/05/2020,175919619900,3533530850
420,Thứ 3,05/05/2020,,"1,4,13,15,18,20",22,01 04 13 15 18 20 | ĐB 22,Power_6/55,https://www.minhchinh.com/xs-power-655-ket-qua-power-655-ngay-05-05-2020.html,05/05/2020,171117842250,4915251500
419,Thứ 7,02/05/2020,,"2,6,9,16,43,53",19,02 06 09 16 43 53 | ĐB 19,Power_6/55,https://www.minhchinh.com/xs-power-655-ket-qua-power-655-ngay-02-05-2020.html,02/05/2020,163627248450,4082963300
418,Thứ 5,30/04/2020,,"12,31,32,33,39,41",14,12 31 32 33 39 41 | ĐB 14,Power_6/55,https://www.minhchinh.com/xs-power-655-ket-qua-power-655-ngay-30-04-2020.html,30/04/2020,157535203350,3406069400
417,Thứ 3,28/04/2020,,"4,6,10,16,30,46",34,04 06 10 16 30 46 | ĐB 34,Power_6/55,https://www.minhchinh.com/xs-power-655-ket-qua-power-655-ngay-28-04-2020.html,28/04/2020,153880578750,4167848001
416,Thứ 7,25/04/2020,,"4,18,24,30,53,55",13,04 18 24 30 53 55 | ĐB 13,Power_6/55,https://www.minhchinh.com/xs-power-655-ket-qua-power-655-ngay-25-04-2020.html,25/04/2020,147103949100,3414889150
415,Thứ 3,31/03/2020,,"12,19,40,41,43,53",23,12 19 40 41 43 53 | ĐB 23,Power_6/55,https://www.minhchinh.com/xs-power-655-ket-qua-power-655-ngay-31-03-2020.html,31/03/2020,143369946750,3643539800
414,Thứ 7,28/03/2020,,"1,10,11,13,27,55",19,01 10 11 13 27 55 | ĐB 19,Power_6/55,https://www.minhchinh.com/xs-power-655-ket-qua-power-655-ngay-28-03-2020.html,28/03/2020,137578088550,8574074450
413,Thứ 5,26/03/2020,,"7,8,11,31,35,36",45,07 08 11 31 35 36 | ĐB 45,Power_6/55,https://www.minhchinh.com/xs-power-655-ket-qua-power-655-ngay-26-03-2020.html,26/03/2020,130391512500,7775566000
412,Thứ 3,24/03/2020,,"3,9,20,21,33,52",50,03 09 20 21 33 52 | ĐB 50,Power_6/55,https://www.minhchinh.com/xs-power-655-ket-qua-power-655-ngay-24-03-2020.html,24/03/2020,123683187000,7030196500
411,Thứ 7,21/03/2020,,"10,12,14,17,29,53",25,10 12 14 17 29 53 | ĐB 25,Power_6/55,https://www.minhchinh.com/xs-power-655-ket-qua-power-655-ngay-21-03-2020.html,21/03/2020,116918632650,6278579350
410,Thứ 5,19/03/2020,,"3,35,41,42,43,49",31,03 35 41 42 43 49 | ĐB 31,Power_6/55,https://www.minhchinh.com/xs-power-655-ket-qua-power-655-ngay-19-03-2020.html,19/03/2020,110372538000,5551235500
409,Thứ 3,17/03/2020,,"1,14,18,43,49,50",8,01 14 18 43 49 50 | ĐB 08,Power_6/55,https://www.minhchinh.com/xs-power-655-ket-qua-power-655-ngay-17-03-2020.html,17/03/2020,104401521300,4887789200
408,Thứ 7,14/03/2020,,"12,20,25,38,39,40",37,12 20 25 38 39 40 | ĐB 37,Power_6/55,https://www.minhchinh.com/xs-power-655-ket-qua-power-655-ngay-14-03-2020.html,14/03/2020,98660027100,4249845400
407,Thứ 5,12/03/2020,,"2,14,19,24,27,34",48,02 14 19 24 27 34 | ĐB 48,Power_6/55,https://www.minhchinh.com/xs-power-655-ket-qua-power-655-ngay-12-03-2020.html,12/03/2020,93827290800,3712874700
406,Thứ 3,10/03/2020,,"23,25,30,36,45,52",53,23 25 30 36 45 52 | ĐB 53,Power_6/55,https://www.minhchinh.com/xs-power-655-ket-qua-power-655-ngay-10-03-2020.html,10/03/2020,89968227600,3284089900
405,Thứ 7,07/03/2020,,"5,11,21,30,40,48",20,05 11 21 30 40 48 | ĐB 20,Power_6/55,https://www.minhchinh.com/xs-power-655-ket-qua-power-655-ngay-07-03-2020.html,07/03/2020,87411418500,3761291650
404,Thứ 5,05/03/2020,,"8,9,34,40,41,54",13,08 09 34 40 41 54 | ĐB 13,Power_6/55,https://www.minhchinh.com/xs-power-655-ket-qua-power-655-ngay-05-03-2020.html,05/03/2020,83145846450,3287339200
403,Thứ 3,03/03/2020,,"14,15,31,40,43,49",12,14 15 31 40 43 49 | ĐB 12,Power_6/55,https://www.minhchinh.com/xs-power-655-ket-qua-power-655-ngay-03-03-2020.html,03/03/2020,80559793650,5964207600
402,Thứ 7,29/02/2020,,"9,17,23,26,51,54",32,09 17 23 26 51 54 | ĐB 32,Power_6/55,https://www.minhchinh.com/xs-power-655-ket-qua-power-655-ngay-29-02-2020.html,29/02/2020,75711825300,5425544450
401,Thứ 5,27/02/2020,,"3,11,21,29,47,55",50,03 11 21 29 47 55 | ĐB 50,Power_6/55,https://www.minhchinh.com/xs-power-655-ket-qua-power-655-ngay-27-02-2020.html,27/02/2020,73148581650,5140739600
400,Thứ 3,25/02/2020,,"5,13,21,36,39,48",6,05 13 21 36 39 48 | ĐB 06,Power_6/55,https://www.minhchinh.com/xs-power-655-ket-qua-power-655-ngay-25-02-2020.html,25/02/2020,71004697950,4902530300
399,Thứ 7,22/02/2020,,"7,24,32,49,51,54",44,07 24 32 49 51 54 | ĐB 44,Power_6/55,https://www.minhchinh.com/xs-power-655-ket-qua-power-655-ngay-22-02-2020.html,22/02/2020,68557422900,4630610850
398,Thứ 5,20/02/2020,,"1,3,20,33,36,51",49,01 03 20 33 36 51 | ĐB 49,Power_6/55,https://www.minhchinh.com/xs-power-655-ket-qua-power-655-ngay-20-02-2020.html,20/02/2020,66299572650,4379738600
397,Thứ 3,18/02/2020,,"27,32,36,37,47,48",50,27 32 36 37 47 48 | ĐB 50,Power_6/55,https://www.minhchinh.com/xs-power-655-ket-qua-power-655-ngay-18-02-2020.html,18/02/2020,64111378350,4136605900
396,Thứ 7,15/02/2020,,"26,36,37,38,42,49",46,26 36 37 38 42 49 | ĐB 46,Power_6/55,https://www.minhchinh.com/xs-power-655-ket-qua-power-655-ngay-15-02-2020.html,15/02/2020,61707788850,3869540400
395,Thứ 5,13/02/2020,,"25,28,32,34,35,39",7,25 28 32 34 35 39 | ĐB 07,Power_6/55,https://www.minhchinh.com/xs-power-655-ket-qua-power-655-ngay-13-02-2020.html,13/02/2020,59497631400,3623967350
394,Thứ 3,11/02/2020,,"4,14,18,21,32,53",2,04 14 18 21 32 53 | ĐB 02,Power_6/55,https://www.minhchinh.com/xs-power-655-ket-qua-power-655-ngay-11-02-2020.html,11/02/2020,57387718200,3389532550
393,Thứ 7,08/02/2020,,"9,12,19,25,41,54",38,09 12 19 25 41 54 | ĐB 38,Power_6/55,https://www.minhchinh.com/xs-power-655-ket-qua-power-655-ngay-08-02-2020.html,08/02/2020,55406377200,3169383550
392,Thứ 5,06/02/2020,,"13,18,34,36,45,49",37,13 18 34 36 45 49 | ĐB 37,Power_6/55,https://www.minhchinh.com/xs-power-655-ket-qua-power-655-ngay-06-02-2020.html,06/02/2020,53881925250,3660378200
391,Thứ 3,04/02/2020,,"6,10,20,47,52,55",46,06 10 20 47 52 55 | ĐB 46,Power_6/55,https://www.minhchinh.com/xs-power-655-ket-qua-power-655-ngay-04-02-2020.html,04/02/2020,52092567750,3461560700
390,Thứ 7,01/02/2020,,"2,3,11,23,35,54",6,02 03 11 23 35 54 | ĐB 06,Power_6/55,https://www.minhchinh.com/xs-power-655-ket-qua-power-655-ngay-01-02-2020.html,01/02/2020,49743734700,3200579250
389,Thứ 5,30/01/2020,,"12,18,28,30,47,50",41,12 18 28 30 47 50 | ĐB 41,Power_6/55,https://www.minhchinh.com/xs-power-655-ket-qua-power-655-ngay-30-01-2020.html,30/01/2020,47938521450,3610751850
388,Thứ 3,28/01/2020,,"1,20,24,33,40,55",46,01 20 24 33 40 55 | ĐB 46,Power_6/55,https://www.minhchinh.com/xs-power-655-ket-qua-power-655-ngay-28-01-2020.html,28/01/2020,45952786650,3390114650
387,Thứ 5,23/01/2020,,"9,15,18,25,31,49",46,09 15 18 25 31 49 | ĐB 46,Power_6/55,https://www.minhchinh.com/xs-power-655-ket-qua-power-655-ngay-23-01-2020.html,23/01/2020,44100944850,3184354450
386,Thứ 3,21/01/2020,,"14,31,45,47,52,54",13,14 31 45 47 52 54 | ĐB 13,Power_6/55,https://www.minhchinh.com/xs-power-655-ket-qua-power-655-ngay-21-01-2020.html,21/01/2020,42441754800,6030452650
385,Thứ 7,18/01/2020,,"13,18,19,23,32,43",11,13 18 19 23 32 43 | ĐB 11,Power_6/55,https://www.minhchinh.com/xs-power-655-ket-qua-power-655-ngay-18-01-2020.html,18/01/2020,40085895450,5768690500
384,Thứ 5,16/01/2020,,"10,11,26,33,44,46",55,10 11 26 33 44 46 | ĐB 55,Power_6/55,https://www.minhchinh.com/xs-power-655-ket-qua-power-655-ngay-16-01-2020.html,16/01/2020,38298729900,5570116550
383,Thứ 3,14/01/2020,,"3,4,17,39,50,51",53,03 04 17 39 50 51 | ĐB 53,Power_6/55,https://www.minhchinh.com/xs-power-655-ket-qua-power-655-ngay-14-01-2020.html,14/01/2020,36634873800,5385243650
382,Thứ 7,11/01/2020,,"8,11,17,19,25,47",53,08 11 17 19 25 47 | ĐB 53,Power_6/55,https://www.minhchinh.com/xs-power-655-ket-qua-power-655-ngay-11-01-2020.html,11/01/2020,34734762300,5174120150
381,Thứ 5,09/01/2020,,"17,20,21,29,52,54",51,17 20 21 29 52 54 | ĐB 51,Power_6/55,https://www.minhchinh.com/xs-power-655-ket-qua-power-655-ngay-09-01-2020.html,09/01/2020,33409526250,5026871700
380,Thứ 3,07/01/2020,,"8,11,16,22,42,54",13,08 11 16 22 42 54 | ĐB 13,Power_6/55,https://www.minhchinh.com/xs-power-655-ket-qua-power-655-ngay-07-01-2020.html,07/01/2020,31673873550,4834021400
379,Thứ 7,04/01/2020,,"4,14,26,42,44,55",48,04 14 26 42 44 55 | ĐB 48,Power_6/55,https://www.minhchinh.com/xs-power-655-ket-qua-power-655-ngay-04-01-2020.html,04/01/2020,111099202950,4648035450
378,Thứ 5,02/01/2020,,"12,14,26,29,33,40",50,12 14 26 29 33 40 | ĐB 50,Power_6/55,https://www.minhchinh.com/xs-power-655-ket-qua-power-655-ngay-02-01-2020.html,02/01/2020,108639141150,4374695250
377,Thứ 3,31/12/2019,,"2,22,26,28,44,55",27,02 22 26 28 44 55 | ĐB 27,Power_6/55,https://www.minhchinh.com/xs-power-655-ket-qua-power-655-ngay-31-12-2019.html,31/12/2019,105104974350,3982010050
376,Thứ 7,28/12/2019,,"10,17,26,28,29,32",21,10 17 26 28 29 32 | ĐB 21,Power_6/55,https://www.minhchinh.com/xs-power-655-ket-qua-power-655-ngay-28-12-2019.html,28/12/2019,101245855800,3553219100
375,Thứ 5,26/12/2019,,"5,6,12,18,23,54",26,05 06 12 18 23 54 | ĐB 26,Power_6/55,https://www.minhchinh.com/xs-power-655-ket-qua-power-655-ngay-26-12-2019.html,26/12/2019,98509997550,3249234850
374,Thứ 3,24/12/2019,,"3,16,30,34,50,55",48,03 16 30 34 50 55 | ĐB 48,Power_6/55,https://www.minhchinh.com/xs-power-655-ket-qua-power-655-ngay-24-12-2019.html,24/12/2019,96266883900,4100571850
373,Thứ 7,21/12/2019,,"5,8,20,34,37,42",51,05 08 20 34 37 42 | ĐB 51,Power_6/55,https://www.minhchinh.com/xs-power-655-ket-qua-power-655-ngay-21-12-2019.html,21/12/2019,93381149550,3779934700
372,Thứ 5,19/12/2019,,"18,22,25,28,29,34",50,18 22 25 28 29 34 | ĐB 50,Power_6/55,https://www.minhchinh.com/xs-power-655-ket-qua-power-655-ngay-19-12-2019.html,19/12/2019,91007696550,3516217700
371,Thứ 3,17/12/2019,,"4,5,14,19,22,37",43,04 05 14 19 22 37 | ĐB 43,Power_6/55,https://www.minhchinh.com/xs-power-655-ket-qua-power-655-ngay-17-12-2019.html,17/12/2019,88681195200,3257717550
370,Thứ 7,14/12/2019,,"3,30,33,34,40,47",26,03 30 33 34 40 47 | ĐB 26,Power_6/55,https://www.minhchinh.com/xs-power-655-ket-qua-power-655-ngay-14-12-2019.html,14/12/2019,86361737250,4724065750
369,Thứ 5,12/12/2019,,"1,9,15,42,49,50",48,01 09 15 42 49 50 | ĐB 48,Power_6/55,https://www.minhchinh.com/xs-power-655-ket-qua-power-655-ngay-12-12-2019.html,12/12/2019,83862112800,4446329700
368,Thứ 3,10/12/2019,,"5,20,33,42,43,49",26,05 20 33 42 43 49 | ĐB 26,Power_6/55,https://www.minhchinh.com/xs-power-655-ket-qua-power-655-ngay-10-12-2019.html,10/12/2019,81294373650,4161025350
367,Thứ 7,07/12/2019,,"7,18,38,42,47,51",8,07 18 38 42 47 51 | ĐB 08,Power_6/55,https://www.minhchinh.com/xs-power-655-ket-qua-power-655-ngay-07-12-2019.html,07/12/2019,78697118100,3872441400
366,Thứ 5,05/12/2019,,"9,11,16,27,35,40",51,09 11 16 27 35 40 | ĐB 51,Power_6/55,https://www.minhchinh.com/xs-power-655-ket-qua-power-655-ngay-05-12-2019.html,05/12/2019,76939767750,3677180250
365,Thứ 3,03/12/2019,,"21,29,36,41,50,52",42,21 29 36 41 50 52 | ĐB 42,Power_6/55,https://www.minhchinh.com/xs-power-655-ket-qua-power-655-ngay-03-12-2019.html,03/12/2019,75051358950,3467357050
364,Thứ 7,30/11/2019,,"8,9,10,32,44,50",15,08 09 10 32 44 50 | ĐB 15,Power_6/55,https://www.minhchinh.com/xs-power-655-ket-qua-power-655-ngay-30-11-2019.html,30/11/2019,72655918050,3201196950
363,Thứ 5,28/11/2019,,"1,18,26,28,53,55",14,01 18 26 28 53 55 | ĐB 14,Power_6/55,https://www.minhchinh.com/xs-power-655-ket-qua-power-655-ngay-28-11-2019.html,28/11/2019,70845145500,3209152250
362,Thứ 3,26/11/2019,,"7,19,38,41,42,47",4,07 19 38 41 42 47 | ĐB 04,Power_6/55,https://www.minhchinh.com/xs-power-655-ket-qua-power-655-ngay-26-11-2019.html,26/11/2019,68962775250,1645004350
361,Thứ 7,23/11/2019,,"7,29,30,45,50,55",15,07 29 30 45 50 55 | ĐB 15,Power_6/55,https://www.minhchinh.com/xs-power-655-ket-qua-power-655-ngay-23-11-2019.html,23/11/2019,66837919800,4698918000
360,Thứ 5,21/11/2019,,"21,24,35,38,42,47",34,21 24 35 38 42 47 | ĐB 34,Power_6/55,https://www.minhchinh.com/xs-power-655-ket-qua-power-655-ngay-21-11-2019.html,21/11/2019,64726581900,4464324900
359,Thứ 3,19/11/2019,,"19,21,33,35,38,40",4,19 21 33 35 38 40 | ĐB 04,Power_6/55,https://www.minhchinh.com/xs-power-655-ket-qua-power-655-ngay-19-11-2019.html,19/11/2019,62562161550,4223833750
358,Thứ 7,16/11/2019,,"6,8,18,22,49,52",10,06 08 18 22 49 52 | ĐB 10,Power_6/55,https://www.minhchinh.com/xs-power-655-ket-qua-power-655-ngay-16-11-2019.html,16/11/2019,60416984100,3985480700
357,Thứ 5,14/11/2019,,"9,12,16,36,41,55",35,09 12 16 36 41 55 | ĐB 35,Power_6/55,https://www.minhchinh.com/xs-power-655-ket-qua-power-655-ngay-14-11-2019.html,14/11/2019,58593943200,3782920600
356,Thứ 3,12/11/2019,,"10,17,24,27,36,39",33,10 17 24 27 36 39 | ĐB 33,Power_6/55,https://www.minhchinh.com/xs-power-655-ket-qua-power-655-ngay-12-11-2019.html,12/11/2019,56779236300,3581286500
355,Thứ 7,09/11/2019,,"1,3,6,25,29,41",12,01 03 06 25 29 41 | ĐB 12,Power_6/55,https://www.minhchinh.com/xs-power-655-ket-qua-power-655-ngay-09-11-2019.html,09/11/2019,55018617150,3385662150
354,Thứ 5,07/11/2019,,"1,12,19,37,44,52",18,01 12 19 37 44 52 | ĐB 18,Power_6/55,https://www.minhchinh.com/xs-power-655-ket-qua-power-655-ngay-07-11-2019.html,07/11/2019,53142153150,3177166150
353,Thứ 3,05/11/2019,,"3,6,16,17,44,50",28,03 06 16 17 44 50 | ĐB 28,Power_6/55,https://www.minhchinh.com/xs-power-655-ket-qua-power-655-ngay-05-11-2019.html,05/11/2019,51547657800,5241750900
352,Thứ 7,02/11/2019,,"2,15,34,35,48,50",32,02 15 34 35 48 50 | ĐB 32,Power_6/55,https://www.minhchinh.com/xs-power-655-ket-qua-power-655-ngay-02-11-2019.html,02/11/2019,49723313700,5039046000
351,Thứ 5,31/10/2019,,"18,19,22,37,47,48",46,18 19 22 37 47 48 | ĐB 46,Power_6/55,https://www.minhchinh.com/xs-power-655-ket-qua-power-655-ngay-31-10-2019.html,31/10/2019,48060708600,4854312100
350,Thứ 3,29/10/2019,,"12,15,16,31,43,55",11,12 15 16 31 43 55 | ĐB 11,Power_6/55,https://www.minhchinh.com/xs-power-655-ket-qua-power-655-ngay-29-10-2019.html,29/10/2019,46241529150,4652181050
349,Thứ 7,26/10/2019,,"18,20,22,50,51,53",35,18 20 22 50 51 53 | ĐB 35,Power_6/55,https://www.minhchinh.com/xs-power-655-ket-qua-power-655-ngay-26-10-2019.html,26/10/2019,44324971050,4439230150
348,Thứ 5,24/10/2019,,"9,14,23,41,45,50",13,09 14 23 41 45 50 | ĐB 13,Power_6/55,https://www.minhchinh.com/xs-power-655-ket-qua-power-655-ngay-24-10-2019.html,24/10/2019,42764346750,4265827450
347,Thứ 3,22/10/2019,,"2,16,26,27,36,40",31,02 16 26 27 36 40 | ĐB 31,Power_6/55,https://www.minhchinh.com/xs-power-655-ket-qua-power-655-ngay-22-10-2019.html,22/10/2019,41541604500,4129967200
346,Thứ 7,19/10/2019,,"1,10,21,26,42,43",25,01 10 21 26 42 43 | ĐB 25,Power_6/55,https://www.minhchinh.com/xs-power-655-ket-qua-power-655-ngay-19-10-2019.html,19/10/2019,39917681400,3949531300
345,Thứ 5,17/10/2019,,"5,11,14,34,51,53",16,05 11 14 34 51 53 | ĐB 16,Power_6/55,https://www.minhchinh.com/xs-power-655-ket-qua-power-655-ngay-17-10-2019.html,17/10/2019,38474598450,3789188750
344,Thứ 3,15/10/2019,,"9,12,29,46,48,53",3,09 12 29 46 48 53 | ĐB 03,Power_6/55,https://www.minhchinh.com/xs-power-655-ket-qua-power-655-ngay-15-10-2019.html,15/10/2019,36880715100,3612090600
343,Thứ 7,12/10/2019,,"21,39,48,51,53,55",5,21 39 48 51 53 55 | ĐB 05,Power_6/55,https://www.minhchinh.com/xs-power-655-ket-qua-power-655-ngay-12-10-2019.html,12/10/2019,35556777750,3464986450
342,Thứ 5,10/10/2019,,"4,17,42,51,53,55",29,04 17 42 51 53 55 | ĐB 29,Power_6/55,https://www.minhchinh.com/xs-power-655-ket-qua-power-655-ngay-10-10-2019.html,10/10/2019,34070500650,3299844550
341,Thứ 3,08/10/2019,,"8,36,39,43,48,50",40,08 36 39 43 48 50 | ĐB 40,Power_6/55,https://www.minhchinh.com/xs-power-655-ket-qua-power-655-ngay-08-10-2019.html,08/10/2019,32751516900,3153290800
340,Thứ 7,05/10/2019,,"10,29,30,31,37,51",50,10 29 30 31 37 51 | ĐB 50,Power_6/55,https://www.minhchinh.com/xs-power-655-ket-qua-power-655-ngay-05-10-2019.html,05/10/2019,31371899700,3359683250
339,Thứ 5,03/10/2019,,"4,7,8,26,37,44",29,04 07 08 26 37 44 | ĐB 29,Power_6/55,https://www.minhchinh.com/xs-power-655-ket-qua-power-655-ngay-03-10-2019.html,03/10/2019,80834053800,3207249950
338,Thứ 3,01/10/2019,,"5,22,38,41,47,49",29,05 22 38 41 47 49 | ĐB 29,Power_6/55,https://www.minhchinh.com/xs-power-655-ket-qua-power-655-ngay-01-10-2019.html,01/10/2019,78968804250,4610358600
337,Thứ 7,28/09/2019,,"4,8,21,23,40,43",44,04 08 21 23 40 43 | ĐB 44,Power_6/55,https://www.minhchinh.com/xs-power-655-ket-qua-power-655-ngay-28-09-2019.html,28/09/2019,76640721150,4351682700
336,Thứ 5,26/09/2019,,"7,12,38,43,51,55",15,07 12 38 43 51 55 | ĐB 15,Power_6/55,https://www.minhchinh.com/xs-power-655-ket-qua-power-655-ngay-26-09-2019.html,26/09/2019,74541701100,4118458250
335,Thứ 3,24/09/2019,,"12,33,39,40,48,53",35,12 33 39 40 48 53 | ĐB 35,Power_6/55,https://www.minhchinh.com/xs-power-655-ket-qua-power-655-ngay-24-09-2019.html,24/09/2019,72724240650,3916518200
334,Thứ 7,21/09/2019,,"2,5,23,30,42,45",34,02 05 23 30 42 45 | ĐB 34,Power_6/55,https://www.minhchinh.com/xs-power-655-ket-qua-power-655-ngay-21-09-2019.html,21/09/2019,70806645750,3703452100
333,Thứ 5,19/09/2019,,"2,8,22,34,39,41",13,02 08 22 34 39 41 | ĐB 13,Power_6/55,https://www.minhchinh.com/xs-power-655-ket-qua-power-655-ngay-19-09-2019.html,19/09/2019,69277580400,3533555950
332,Thứ 3,17/09/2019,,"3,14,26,38,43,47",10,03 14 26 38 43 47 | ĐB 10,Power_6/55,https://www.minhchinh.com/xs-power-655-ket-qua-power-655-ngay-17-09-2019.html,17/09/2019,67885940550,3378929300
331,Thứ 7,14/09/2019,,"10,36,42,44,45,54",14,10 36 42 44 45 54 | ĐB 14,Power_6/55,https://www.minhchinh.com/xs-power-655-ket-qua-power-655-ngay-14-09-2019.html,14/09/2019,66202794750,3191913100
330,Thứ 5,12/09/2019,,"18,29,32,33,45,49",40,18 29 32 33 45 49 | ĐB 40,Power_6/55,https://www.minhchinh.com/xs-power-655-ket-qua-power-655-ngay-12-09-2019.html,12/09/2019,64475576850,3179297550
329,Thứ 3,10/09/2019,,"6,9,19,39,50,54",37,06 09 19 39 50 54 | ĐB 37,Power_6/55,https://www.minhchinh.com/xs-power-655-ket-qua-power-655-ngay-10-09-2019.html,10/09/2019,62861898900,4443960950
328,Thứ 7,07/09/2019,,"7,17,31,35,38,46",16,07 17 31 35 38 46 | ĐB 16,Power_6/55,https://www.minhchinh.com/xs-power-655-ket-qua-power-655-ngay-07-09-2019.html,07/09/2019,61549528800,4298142050
327,Thứ 5,05/09/2019,,"20,24,27,30,33,45",21,20 24 27 30 33 45 | ĐB 21,Power_6/55,https://www.minhchinh.com/xs-power-655-ket-qua-power-655-ngay-05-09-2019.html,05/09/2019,60028396500,4129127350
326,Thứ 3,03/09/2019,,"13,14,29,35,41,55",25,13 14 29 35 41 55 | ĐB 25,Power_6/55,https://www.minhchinh.com/xs-power-655-ket-qua-power-655-ngay-03-09-2019.html,03/09/2019,58394904150,3947628200
325,Thứ 7,31/08/2019,,"13,20,23,32,51,52",42,13 20 23 32 51 52 | ĐB 42,Power_6/55,https://www.minhchinh.com/xs-power-655-ket-qua-power-655-ngay-31-08-2019.html,31/08/2019,56692930350,3758520000
324,Thứ 5,29/08/2019,,"10,11,12,23,27,48",9,10 11 12 23 27 48 | ĐB 09,Power_6/55,https://www.minhchinh.com/xs-power-655-ket-qua-power-655-ngay-29-08-2019.html,29/08/2019,54916559850,3561145500
323,Thứ 3,27/08/2019,,"16,22,29,33,46,47",55,16 22 29 33 46 47 | ĐB 55,Power_6/55,https://www.minhchinh.com/xs-power-655-ket-qua-power-655-ngay-27-08-2019.html,27/08/2019,53375693250,3389938100
322,Thứ 7,24/08/2019,,"19,20,34,40,49,51",1,19 20 34 40 49 51 | ĐB 01,Power_6/55,https://www.minhchinh.com/xs-power-655-ket-qua-power-655-ngay-24-08-2019.html,24/08/2019,51577194000,3190104850
321,Thứ 5,22/08/2019,,"4,7,16,17,30,39",27,04 07 16 17 30 39 | ĐB 27,Power_6/55,https://www.minhchinh.com/xs-power-655-ket-qua-power-655-ngay-22-08-2019.html,22/08/2019,49866250350,4174804800
320,Thứ 3,20/08/2019,,"10,30,38,48,54,55",46,10 30 38 48 54 55 | ĐB 46,Power_6/55,https://www.minhchinh.com/xs-power-655-ket-qua-power-655-ngay-20-08-2019.html,20/08/2019,48546543000,4028170650
319,Thứ 7,17/08/2019,,"9,11,24,26,38,53",41,09 11 24 26 38 53 | ĐB 41,Power_6/55,https://www.minhchinh.com/xs-power-655-ket-qua-power-655-ngay-17-08-2019.html,17/08/2019,46901064450,3845339700
318,Thứ 5,15/08/2019,,"19,25,31,32,39,47",8,19 25 31 32 39 47 | ĐB 08,Power_6/55,https://www.minhchinh.com/xs-power-655-ket-qua-power-655-ngay-15-08-2019.html,15/08/2019,45290687700,3666408950
317,Thứ 3,13/08/2019,,"4,8,16,27,32,40",23,04 08 16 27 32 40 | ĐB 23,Power_6/55,https://www.minhchinh.com/xs-power-655-ket-qua-power-655-ngay-13-08-2019.html,13/08/2019,43839772950,3505196200
316,Thứ 7,10/08/2019,,"7,17,36,42,43,50",44,07 17 36 42 43 50 | ĐB 44,Power_6/55,https://www.minhchinh.com/xs-power-655-ket-qua-power-655-ngay-10-08-2019.html,10/08/2019,42504716100,3356856550
315,Thứ 5,08/08/2019,,"1,6,17,18,21,41",22,01 06 17 18 21 41 | ĐB 22,Power_6/55,https://www.minhchinh.com/xs-power-655-ket-qua-power-655-ngay-08-08-2019.html,08/08/2019,40878482250,3176163900
314,Thứ 3,06/08/2019,,"9,11,19,20,26,42",17,09 11 19 20 26 42 | ĐB 17,Power_6/55,https://www.minhchinh.com/xs-power-655-ket-qua-power-655-ngay-06-08-2019.html,06/08/2019,39293007150,4032556350
313,Thứ 7,03/08/2019,,"13,24,25,26,27,30",4,13 24 25 26 27 30 | ĐB 04,Power_6/55,https://www.minhchinh.com/xs-power-655-ket-qua-power-655-ngay-03-08-2019.html,03/08/2019,38078447700,3897605300
312,Thứ 5,01/08/2019,,"1,18,39,45,48,49",26,01 18 39 45 48 49 | ĐB 26,Power_6/55,https://www.minhchinh.com/xs-power-655-ket-qua-power-655-ngay-01-08-2019.html,01/08/2019,36751522800,3750169200
311,Thứ 3,30/07/2019,,"3,8,12,21,32,51",7,03 08 12 21 32 51 | ĐB 07,Power_6/55,https://www.minhchinh.com/xs-power-655-ket-qua-power-655-ngay-30-07-2019.html,30/07/2019,35273732250,3585970250
310,Thứ 7,27/07/2019,,"2,3,25,33,44,50",17,02 03 25 33 44 50 | ĐB 17,Power_6/55,https://www.minhchinh.com/xs-power-655-ket-qua-power-655-ngay-27-07-2019.html,27/07/2019,33976192350,3441799150
309,Thứ 5,25/07/2019,,"3,31,34,41,52,53",16,03 31 34 41 52 53 | ĐB 16,Power_6/55,https://www.minhchinh.com/xs-power-655-ket-qua-power-655-ngay-25-07-2019.html,25/07/2019,32670348600,3296705400
308,Thứ 3,23/07/2019,,"5,10,21,32,39,52",41,05 10 21 32 39 52 | ĐB 41,Power_6/55,https://www.minhchinh.com/xs-power-655-ket-qua-power-655-ngay-23-07-2019.html,23/07/2019,31304538750,3144948750
307,Thứ 7,20/07/2019,,"15,18,25,32,42,52",10,15 18 25 32 42 52 | ĐB 10,Power_6/55,https://www.minhchinh.com/xs-power-655-ket-qua-power-655-ngay-20-07-2019.html,20/07/2019,99612417000,4018882600
306,Thứ 5,18/07/2019,,"4,24,29,31,39,41",38,04 24 29 31 39 41 | ĐB 38,Power_6/55,https://www.minhchinh.com/xs-power-655-ket-qua-power-655-ngay-18-07-2019.html,18/07/2019,97303702800,3762358800
305,Thứ 3,16/07/2019,,"4,12,19,31,33,40",51,04 12 19 31 33 40 | ĐB 51,Power_6/55,https://www.minhchinh.com/xs-power-655-ket-qua-power-655-ngay-16-07-2019.html,16/07/2019,94600472250,3461999850
304,Thứ 7,13/07/2019,,"5,23,29,45,50,52",1,05 23 29 45 50 52 | ĐB 01,Power_6/55,https://www.minhchinh.com/xs-power-655-ket-qua-power-655-ngay-13-07-2019.html,13/07/2019,92278133400,3203962200
303,Thứ 5,11/07/2019,,"6,9,15,26,35,38",34,06 09 15 26 35 38 | ĐB 34,Power_6/55,https://www.minhchinh.com/xs-power-655-ket-qua-power-655-ngay-11-07-2019.html,11/07/2019,90442473600,4368840150
302,Thứ 3,09/07/2019,,"4,17,25,40,42,51",2,04 17 25 40 42 51 | ĐB 02,Power_6/55,https://www.minhchinh.com/xs-power-655-ket-qua-power-655-ngay-09-07-2019.html,09/07/2019,88891229550,4196479700
301,Thứ 7,06/07/2019,,"5,29,36,39,46,53",48,05 29 36 39 46 53 | ĐB 48,Power_6/55,https://www.minhchinh.com/xs-power-655-ket-qua-power-655-ngay-06-07-2019.html,06/07/2019,86460678750,3926418500
300,Thứ 5,04/07/2019,,"4,5,14,46,52,54",3,04 05 14 46 52 54 | ĐB 03,Power_6/55,https://www.minhchinh.com/xs-power-655-ket-qua-power-655-ngay-04-07-2019.html,04/07/2019,84311080050,3687574200
299,Thứ 3,02/07/2019,,"2,9,33,45,52,54",1,02 09 33 45 52 54 | ĐB 01,Power_6/55,https://www.minhchinh.com/xs-power-655-ket-qua-power-655-ngay-02-07-2019.html,02/07/2019,82181480700,3450952050
298,Thứ 7,29/06/2019,,"6,10,19,31,34,43",37,06 10 19 31 34 43 | ĐB 37,Power_6/55,https://www.minhchinh.com/xs-power-655-ket-qua-power-655-ngay-29-06-2019.html,29/06/2019,79909429350,3198501900
297,Thứ 5,27/06/2019,,"9,29,32,44,49,53",5,09 29 32 44 49 53 | ĐB 05,Power_6/55,https://www.minhchinh.com/xs-power-655-ket-qua-power-655-ngay-27-06-2019.html,27/06/2019,78122912250,4530368650
296,Thứ 3,25/06/2019,,"3,14,34,35,40,49",23,03 14 34 35 40 49 | ĐB 23,Power_6/55,https://www.minhchinh.com/xs-power-655-ket-qua-power-655-ngay-25-06-2019.html,25/06/2019,76160770950,4312352950
295,Thứ 7,22/06/2019,,"1,9,23,28,42,54",49,01 09 23 28 42 54 | ĐB 49,Power_6/55,https://www.minhchinh.com/xs-power-655-ket-qua-power-655-ngay-22-06-2019.html,22/06/2019,73896412800,4060757600
294,Thứ 5,20/06/2019,,"9,15,23,41,49,51",52,09 15 23 41 49 51 | ĐB 52,Power_6/55,https://www.minhchinh.com/xs-power-655-ket-qua-power-655-ngay-20-06-2019.html,20/06/2019,71915836350,3840693550
293,Thứ 3,18/06/2019,,"24,31,45,46,47,54",4,24 31 45 46 47 54 | ĐB 04,Power_6/55,https://www.minhchinh.com/xs-power-655-ket-qua-power-655-ngay-18-06-2019.html,18/06/2019,70095625050,3638447850
292,Thứ 7,15/06/2019,,"13,23,40,45,52,55",9,13 23 40 45 52 55 | ĐB 09,Power_6/55,https://www.minhchinh.com/xs-power-655-ket-qua-power-655-ngay-15-06-2019.html,15/06/2019,67915717950,3396235950
291,Thứ 5,13/06/2019,,"6,9,15,22,29,53",25,06 09 15 22 29 53 | ĐB 25,Power_6/55,https://www.minhchinh.com/xs-power-655-ket-qua-power-655-ngay-13-06-2019.html,13/06/2019,65946387450,3177421450
290,Thứ 3,11/06/2019,,"2,5,13,20,30,49",35,02 05 13 20 30 49 | ĐB 35,Power_6/55,https://www.minhchinh.com/xs-power-655-ket-qua-power-655-ngay-11-06-2019.html,11/06/2019,64349594400,4397402900
289,Thứ 7,08/06/2019,,"2,8,10,23,27,35",47,02 08 10 23 27 35 | ĐB 47,Power_6/55,https://www.minhchinh.com/xs-power-655-ket-qua-power-655-ngay-08-06-2019.html,08/06/2019,62484145050,4190130750
288,Thứ 5,06/06/2019,,"10,13,30,36,51,54",16,10 13 30 36 51 54 | ĐB 16,Power_6/55,https://www.minhchinh.com/xs-power-655-ket-qua-power-655-ngay-06-06-2019.html,06/06/2019,60811500000,4004281300
287,Thứ 3,04/06/2019,,"18,20,24,26,33,41",55,18 20 24 26 33 41 | ĐB 55,Power_6/55,https://www.minhchinh.com/xs-power-655-ket-qua-power-655-ngay-04-06-2019.html,04/06/2019,59020828950,3805317850
286,Thứ 7,01/06/2019,,"10,24,31,41,42,47",20,10 24 31 41 42 47 | ĐB 20,Power_6/55,https://www.minhchinh.com/xs-power-655-ket-qua-power-655-ngay-01-06-2019.html,01/06/2019,56962077600,3576567700
285,Thứ 5,30/05/2019,,"17,31,33,34,37,40",35,17 31 33 34 37 40 | ĐB 35,Power_6/55,https://www.minhchinh.com/xs-power-655-ket-qua-power-655-ngay-30-05-2019.html,30/05/2019,55166476800,3377056500
284,Thứ 3,28/05/2019,,"15,22,31,32,33,37",51,15 22 31 32 33 37 | ĐB 51,Power_6/55,https://www.minhchinh.com/xs-power-655-ket-qua-power-655-ngay-28-05-2019.html,28/05/2019,53501940750,3192108050
283,Thứ 7,25/05/2019,,"4,12,35,44,50,55",19,04 12 35 44 50 55 | ĐB 19,Power_6/55,https://www.minhchinh.com/xs-power-655-ket-qua-power-655-ngay-25-05-2019.html,25/05/2019,51772968300,4511876700
282,Thứ 5,23/05/2019,,"13,21,33,42,53,55",44,13 21 33 42 53 55 | ĐB 44,Power_6/55,https://www.minhchinh.com/xs-power-655-ket-qua-power-655-ngay-23-05-2019.html,23/05/2019,50248806150,4342525350
281,Thứ 3,21/05/2019,,"11,12,29,31,37,53",41,11 12 29 31 37 53 | ĐB 41,Power_6/55,https://www.minhchinh.com/xs-power-655-ket-qua-power-655-ngay-21-05-2019.html,21/05/2019,48503567100,4148609900
280,Thứ 7,18/05/2019,,"6,10,13,18,29,38",53,06 10 13 18 29 38 | ĐB 53,Power_6/55,https://www.minhchinh.com/xs-power-655-ket-qua-power-655-ngay-18-05-2019.html,18/05/2019,46636259700,3941131300
279,Thứ 5,16/05/2019,,"8,28,30,33,40,43",24,08 28 30 33 40 43 | ĐB 24,Power_6/55,https://www.minhchinh.com/xs-power-655-ket-qua-power-655-ngay-16-05-2019.html,16/05/2019,45292760400,3791853600
278,Thứ 3,14/05/2019,,"6,11,15,21,30,40",10,06 11 15 21 30 40 | ĐB 10,Power_6/55,https://www.minhchinh.com/xs-power-655-ket-qua-power-655-ngay-14-05-2019.html,14/05/2019,43647956850,3609097650
277,Thứ 7,11/05/2019,,"6,11,20,22,26,28",36,06 11 20 22 26 28 | ĐB 36,Power_6/55,https://www.minhchinh.com/xs-power-655-ket-qua-power-655-ngay-11-05-2019.html,11/05/2019,42030094350,3429335150
276,Thứ 5,09/05/2019,,"19,21,48,49,54,55",27,19 21 48 49 54 55 | ĐB 27,Power_6/55,https://www.minhchinh.com/xs-power-655-ket-qua-power-655-ngay-09-05-2019.html,09/05/2019,40648074600,3275777400
275,Thứ 3,07/05/2019,,"3,6,7,8,9,49",24,03 06 07 08 09 49 | ĐB 24,Power_6/55,https://www.minhchinh.com/xs-power-655-ket-qua-power-655-ngay-07-05-2019.html,07/05/2019,39120897000,3106091000
274,Thứ 7,04/05/2019,,"1,2,3,17,26,53",50,01 02 03 17 26 53 | ĐB 50,Power_6/55,https://www.minhchinh.com/xs-power-655-ket-qua-power-655-ngay-04-05-2019.html,04/05/2019,38166078000,3907342000
273,Thứ 5,02/05/2019,,"2,10,16,17,33,36",20,02 10 16 17 33 36 | ĐB 20,Power_6/55,https://www.minhchinh.com/xs-power-655-ket-qua-power-655-ngay-02-05-2019.html,02/05/2019,36699868650,3744429850
272,Thứ 3,30/04/2019,,"3,5,13,40,41,45",52,03 05 13 40 41 45 | ĐB 52,Power_6/55,https://www.minhchinh.com/xs-power-655-ket-qua-power-655-ngay-30-04-2019.html,30/04/2019,35412222450,3601358050
271,Thứ 7,27/04/2019,,"1,11,22,26,33,51",4,01 11 22 26 33 51 | ĐB 04,Power_6/55,https://www.minhchinh.com/xs-power-655-ket-qua-power-655-ngay-27-04-2019.html,27/04/2019,34252173750,3472463750
270,Thứ 5,25/04/2019,,"16,22,23,33,36,38",45,16 22 23 33 36 38 | ĐB 45,Power_6/55,https://www.minhchinh.com/xs-power-655-ket-qua-power-655-ngay-25-04-2019.html,25/04/2019,32860128000,3317792000
269,Thứ 3,23/04/2019,,"20,21,22,31,43,45",30,20 21 22 31 43 45 | ĐB 30,Power_6/55,https://www.minhchinh.com/xs-power-655-ket-qua-power-655-ngay-23-04-2019.html,23/04/2019,31616504400,3179611600
268,Thứ 7,20/04/2019,,"8,10,12,24,40,44",51,08 10 12 24 40 44 | ĐB 51,Power_6/55,https://www.minhchinh.com/xs-power-655-ket-qua-power-655-ngay-20-04-2019.html,20/04/2019,119957842650,4699731700
267,Thứ 5,18/04/2019,,"7,8,15,24,26,48",10,07 08 15 24 26 48 | ĐB 10,Power_6/55,https://www.minhchinh.com/xs-power-655-ket-qua-power-655-ngay-18-04-2019.html,18/04/2019,117272637300,4401375550
266,Thứ 3,16/04/2019,,"16,29,32,33,52,53",5,16 29 32 33 52 53 | ĐB 05,Power_6/55,https://www.minhchinh.com/xs-power-655-ket-qua-power-655-ngay-16-04-2019.html,16/04/2019,114222823500,4062507350
265,Thứ 7,13/04/2019,,"9,13,20,21,36,43",32,09 13 20 21 36 43 | ĐB 32,Power_6/55,https://www.minhchinh.com/xs-power-655-ket-qua-power-655-ngay-13-04-2019.html,13/04/2019,110883292950,3691448400
264,Thứ 5,11/04/2019,,"1,8,31,32,37,55",53,01 08 31 32 37 55 | ĐB 53,Power_6/55,https://www.minhchinh.com/xs-power-655-ket-qua-power-655-ngay-11-04-2019.html,11/04/2019,107805747000,3349498850
263,Thứ 3,09/04/2019,,"10,14,19,36,48,49",3,10 14 19 36 48 49 | ĐB 03,Power_6/55,https://www.minhchinh.com/xs-power-655-ket-qua-power-655-ngay-09-04-2019.html,09/04/2019,104660257350,3705261050
262,Thứ 7,06/04/2019,,"1,20,30,41,46,50",48,01 20 30 41 46 50 | ĐB 48,Power_6/55,https://www.minhchinh.com/xs-power-655-ket-qua-power-655-ngay-06-04-2019.html,06/04/2019,101454269700,3349040200
261,Thứ 5,04/04/2019,,"16,26,29,38,47,51",13,16 26 29 38 47 51 | ĐB 13,Power_6/55,https://www.minhchinh.com/xs-power-655-ket-qua-power-655-ngay-04-04-2019.html,04/04/2019,98312907900,3597381000
260,Thứ 3,02/04/2019,,"1,4,9,20,22,26",48,01 04 09 20 22 26 | ĐB 48,Power_6/55,https://www.minhchinh.com/xs-power-655-ket-qua-power-655-ngay-02-04-2019.html,02/04/2019,95702711250,3307359150
259,Thứ 7,30/03/2019,,"3,15,18,35,50,54",32,03 15 18 35 50 54 | ĐB 32,Power_6/55,https://www.minhchinh.com/xs-power-655-ket-qua-power-655-ngay-30-03-2019.html,30/03/2019,92936478900,3564575350
258,Thứ 5,28/03/2019,,"3,23,37,43,44,49",27,03 23 37 43 44 49 | ĐB 27,Power_6/55,https://www.minhchinh.com/xs-power-655-ket-qua-power-655-ngay-28-03-2019.html,28/03/2019,90282744300,3269715950
257,Thứ 3,26/03/2019,,"15,19,28,40,44,48",14,15 19 28 40 44 48 | ĐB 14,Power_6/55,https://www.minhchinh.com/xs-power-655-ket-qua-power-655-ngay-26-03-2019.html,26/03/2019,87855300750,4377501800
256,Thứ 7,23/03/2019,,"3,9,30,41,46,52",22,03 09 30 41 46 52 | ĐB 22,Power_6/55,https://www.minhchinh.com/xs-power-655-ket-qua-power-655-ngay-23-03-2019.html,23/03/2019,85400833350,4104783200
255,Thứ 5,21/03/2019,,"7,18,32,42,46,53",28,07 18 32 42 46 53 | ĐB 28,Power_6/55,https://www.minhchinh.com/xs-power-655-ket-qua-power-655-ngay-21-03-2019.html,21/03/2019,82774946550,3813018000
254,Thứ 3,19/03/2019,,"8,28,32,35,40,45",34,08 28 32 35 40 45 | ĐB 34,Power_6/55,https://www.minhchinh.com/xs-power-655-ket-qua-power-655-ngay-19-03-2019.html,19/03/2019,80316793200,3539889850
253,Thứ 7,16/03/2019,,"10,18,22,24,35,40",53,10 18 22 24 35 40 | ĐB 53,Power_6/55,https://www.minhchinh.com/xs-power-655-ket-qua-power-655-ngay-16-03-2019.html,16/03/2019,77924209350,3274047200
252,Thứ 5,14/03/2019,,"18,21,25,35,44,53",4,18 21 25 35 44 53 | ĐB 04,Power_6/55,https://www.minhchinh.com/xs-power-655-ket-qua-power-655-ngay-14-03-2019.html,14/03/2019,75457784550,3267720100
251,Thứ 3,12/03/2019,,"9,16,26,34,44,49",19,09 16 26 34 44 49 | ĐB 19,Power_6/55,https://www.minhchinh.com/xs-power-655-ket-qua-power-655-ngay-12-03-2019.html,12/03/2019,73048303650,3293307650
250,Thứ 7,09/03/2019,,"18,24,31,34,35,44",52,18 24 31 34 35 44 | ĐB 52,Power_6/55,https://www.minhchinh.com/xs-power-655-ket-qua-power-655-ngay-09-03-2019.html,09/03/2019,70408534800,3917427600
249,Thứ 5,07/03/2019,,"2,14,20,33,41,47",27,02 14 20 33 41 47 | ĐB 27,Power_6/55,https://www.minhchinh.com/xs-power-655-ket-qua-power-655-ngay-07-03-2019.html,07/03/2019,68424485250,3696977650
248,Thứ 3,05/03/2019,,"1,15,23,51,53,55",26,01 15 23 51 53 55 | ĐB 26,Power_6/55,https://www.minhchinh.com/xs-power-655-ket-qua-power-655-ngay-05-03-2019.html,05/03/2019,66291315150,3459958750
247,Thứ 7,02/03/2019,,"1,2,3,20,46,48",31,01 02 03 20 46 48 | ĐB 31,Power_6/55,https://www.minhchinh.com/xs-power-655-ket-qua-power-655-ngay-02-03-2019.html,02/03/2019,64196433750,3227194150
246,Thứ 5,28/02/2019,,"4,15,19,34,40,42",49,04 15 19 34 40 42 | ĐB 49,Power_6/55,https://www.minhchinh.com/xs-power-655-ket-qua-power-655-ngay-28-02-2019.html,28/02/2019,62151686400,3659927700
245,Thứ 3,26/02/2019,,"8,9,16,34,42,43",45,08 09 16 34 42 43 | ĐB 45,Power_6/55,https://www.minhchinh.com/xs-power-655-ket-qua-power-655-ngay-26-02-2019.html,26/02/2019,60260695050,3449817550
244,Thứ 7,23/02/2019,,"16,19,30,39,43,52",21,16 19 30 39 43 52 | ĐB 21,Power_6/55,https://www.minhchinh.com/xs-power-655-ket-qua-power-655-ngay-23-02-2019.html,23/02/2019,58168007850,3217296750
243,Thứ 5,21/02/2019,,"3,10,11,15,29,34",50,03 10 11 15 29 34 | ĐB 50,Power_6/55,https://www.minhchinh.com/xs-power-655-ket-qua-power-655-ngay-21-02-2019.html,21/02/2019,56212337100,6360507100
242,Thứ 3,19/02/2019,,"12,18,22,29,32,52",51,12 18 22 29 32 52 | ĐB 51,Power_6/55,https://www.minhchinh.com/xs-power-655-ket-qua-power-655-ngay-19-02-2019.html,19/02/2019,54466250250,6166497450
241,Thứ 7,16/02/2019,,"5,8,14,28,37,40",41,05 08 14 28 37 40 | ĐB 41,Power_6/55,https://www.minhchinh.com/xs-power-655-ket-qua-power-655-ngay-16-02-2019.html,16/02/2019,52474074150,5945144550
240,Thứ 5,14/02/2019,,"8,15,26,41,43,53",46,08 15 26 41 43 53 | ĐB 46,Power_6/55,https://www.minhchinh.com/xs-power-655-ket-qua-power-655-ngay-14-02-2019.html,14/02/2019,50622710700,5739437500
239,Thứ 3,12/02/2019,,"1,12,17,34,48,49",47,01 12 17 34 48 49 | ĐB 47,Power_6/55,https://www.minhchinh.com/xs-power-655-ket-qua-power-655-ngay-12-02-2019.html,12/02/2019,48334463400,5485187800
238,Thứ 7,09/02/2019,,"2,14,15,44,46,50",18,02 14 15 44 46 50 | ĐB 18,Power_6/55,https://www.minhchinh.com/xs-power-655-ket-qua-power-655-ngay-09-02-2019.html,09/02/2019,46036778250,5229889450
237,Thứ 5,07/02/2019,,"20,27,28,32,47,50",41,20 27 28 32 47 50 | ĐB 41,Power_6/55,https://www.minhchinh.com/xs-power-655-ket-qua-power-655-ngay-07-02-2019.html,07/02/2019,44397880500,5047789700
236,Thứ 7,02/02/2019,,"11,23,27,35,36,46",37,11 23 27 35 36 46 | ĐB 37,Power_6/55,https://www.minhchinh.com/xs-power-655-ket-qua-power-655-ngay-02-02-2019.html,02/02/2019,42935678850,4885322850
235,Thứ 5,31/01/2019,,"10,19,20,28,34,44",29,10 19 20 28 34 44 | ĐB 29,Power_6/55,https://www.minhchinh.com/xs-power-655-ket-qua-power-655-ngay-31-01-2019.html,31/01/2019,41293427700,4702850500
234,Thứ 3,29/01/2019,,"15,20,26,41,45,55",10,15 20 26 41 45 55 | ĐB 10,Power_6/55,https://www.minhchinh.com/xs-power-655-ket-qua-power-655-ngay-29-01-2019.html,29/01/2019,39668776950,4522333750
233,Thứ 7,26/01/2019,,"20,27,33,43,53,54",48,20 27 33 43 53 54 | ĐB 48,Power_6/55,https://www.minhchinh.com/xs-power-655-ket-qua-power-655-ngay-26-01-2019.html,26/01/2019,37689645000,4302430200
232,Thứ 5,24/01/2019,,"31,35,38,44,49,55",24,31 35 38 44 49 55 | ĐB 24,Power_6/55,https://www.minhchinh.com/xs-power-655-ket-qua-power-655-ngay-24-01-2019.html,24/01/2019,36240081150,4141367550
231,Thứ 3,22/01/2019,,"1,14,22,40,52,55",21,01 14 22 40 52 55 | ĐB 21,Power_6/55,https://www.minhchinh.com/xs-power-655-ket-qua-power-655-ngay-22-01-2019.html,22/01/2019,34615289550,3960835150
230,Thứ 7,19/01/2019,,"13,29,42,46,51,53",36,13 29 42 46 51 53 | ĐB 36,Power_6/55,https://www.minhchinh.com/xs-power-655-ket-qua-power-655-ngay-19-01-2019.html,19/01/2019,32903474700,3770633500
229,Thứ 5,17/01/2019,,"13,14,22,34,35,55",54,13 14 22 34 35 55 | ĐB 54,Power_6/55,https://www.minhchinh.com/xs-power-655-ket-qua-power-655-ngay-17-01-2019.html,17/01/2019,31343414700,3597293500
228,Thứ 3,15/01/2019,,"4,6,13,22,29,30",52,04 06 13 22 29 30 | ĐB 52,Power_6/55,https://www.minhchinh.com/xs-power-655-ket-qua-power-655-ngay-15-01-2019.html,15/01/2019,77234333700,3448025200
227,Thứ 7,12/01/2019,,"7,13,14,26,42,54",11,07 13 14 26 42 54 | ĐB 11,Power_6/55,https://www.minhchinh.com/xs-power-655-ket-qua-power-655-ngay-12-01-2019.html,12/01/2019,74780896800,3175421100
226,Thứ 5,10/01/2019,,"12,22,31,35,40,47",8,12 22 31 35 40 47 | ĐB 08,Power_6/55,https://www.minhchinh.com/xs-power-655-ket-qua-power-655-ngay-10-01-2019.html,10/01/2019,73202106900,3519027500
225,Thứ 3,08/01/2019,,"3,5,9,11,45,48",40,03 05 09 11 45 48 | ĐB 40,Power_6/55,https://www.minhchinh.com/xs-power-655-ket-qua-power-655-ngay-08-01-2019.html,08/01/2019,70875624450,3260529450
224,Thứ 7,05/01/2019,,"10,11,38,47,53,55",51,10 11 38 47 53 55 | ĐB 51,Power_6/55,https://www.minhchinh.com/xs-power-655-ket-qua-power-655-ngay-05-01-2019.html,05/01/2019,68530859400,3451848750
223,Thứ 5,03/01/2019,,"23,31,37,45,49,54",18,23 31 37 45 49 54 | ĐB 18,Power_6/55,https://www.minhchinh.com/xs-power-655-ket-qua-power-655-ngay-03-01-2019.html,03/01/2019,66387325800,3213678350
222,Thứ 3,01/01/2019,,"2,19,21,27,37,46",12,02 19 21 27 37 46 | ĐB 12,Power_6/55,https://www.minhchinh.com/xs-power-655-ket-qua-power-655-ngay-01-01-2019.html,01/01/2019,64464220650,3655801500
221,Thứ 7,29/12/2018,,"8,36,42,43,50,52",30,08 36 42 43 50 52 | ĐB 30,Power_6/55,https://www.minhchinh.com/xs-power-655-ket-qua-power-655-ngay-29-12-2018.html,29/12/2018,62343118200,3420123450
220,Thứ 5,27/12/2018,,"5,20,33,42,43,50",40,05 20 33 42 43 50 | ĐB 40,Power_6/55,https://www.minhchinh.com/xs-power-655-ket-qua-power-655-ngay-27-12-2018.html,27/12/2018,60350101500,3198677150
219,Thứ 3,25/12/2018,,"3,9,17,21,23,51",15,03 09 17 21 23 51 | ĐB 15,Power_6/55,https://www.minhchinh.com/xs-power-655-ket-qua-power-655-ngay-25-12-2018.html,25/12/2018,58562007150,3763148550
218,Thứ 7,22/12/2018,,"3,8,16,35,39,52",29,03 08 16 35 39 52 | ĐB 29,Power_6/55,https://www.minhchinh.com/xs-power-655-ket-qua-power-655-ngay-22-12-2018.html,22/12/2018,56763061950,3563265750
217,Thứ 5,20/12/2018,,"8,17,24,33,34,44",55,08 17 24 33 34 44 | ĐB 55,Power_6/55,https://www.minhchinh.com/xs-power-655-ket-qua-power-655-ngay-20-12-2018.html,20/12/2018,55116976800,3380367400
216,Thứ 3,18/12/2018,,"1,9,15,17,25,26",8,01 09 15 17 25 26 | ĐB 08,Power_6/55,https://www.minhchinh.com/xs-power-655-ket-qua-power-655-ngay-18-12-2018.html,18/12/2018,53457332700,3195962500
215,Thứ 7,15/12/2018,,"14,17,49,52,53,55",12,14 17 49 52 53 55 | ĐB 12,Power_6/55,https://www.minhchinh.com/xs-power-655-ket-qua-power-655-ngay-15-12-2018.html,15/12/2018,51693670200,4500296150
214,Thứ 5,13/12/2018,,"2,11,14,36,49,55",53,02 11 14 36 49 55 | ĐB 53,Power_6/55,https://www.minhchinh.com/xs-power-655-ket-qua-power-655-ngay-13-12-2018.html,13/12/2018,49539451350,4260938500
213,Thứ 3,11/12/2018,,"1,5,11,37,39,44",31,01 05 11 37 39 44 | ĐB 31,Power_6/55,https://www.minhchinh.com/xs-power-655-ket-qua-power-655-ngay-11-12-2018.html,11/12/2018,47620664400,4047739950
212,Thứ 7,08/12/2018,,"3,6,9,31,48,54",53,03 06 09 31 48 54 | ĐB 53,Power_6/55,https://www.minhchinh.com/xs-power-655-ket-qua-power-655-ngay-08-12-2018.html,08/12/2018,45711703650,3835633200
211,Thứ 5,06/12/2018,,"9,13,23,27,39,42",49,09 13 23 27 39 42 | ĐB 49,Power_6/55,https://www.minhchinh.com/xs-power-655-ket-qua-power-655-ngay-06-12-2018.html,06/12/2018,43892386050,3633486800
210,Thứ 3,04/12/2018,,"10,13,16,23,30,49",24,10 13 16 23 30 49 | ĐB 24,Power_6/55,https://www.minhchinh.com/xs-power-655-ket-qua-power-655-ngay-04-12-2018.html,04/12/2018,42768578550,3508619300
209,Thứ 7,01/12/2018,,"3,5,12,20,25,33",41,03 05 12 20 25 33 | ĐB 41,Power_6/55,https://www.minhchinh.com/xs-power-655-ket-qua-power-655-ngay-01-12-2018.html,01/12/2018,40936775250,3305085600
208,Thứ 5,29/11/2018,,"10,23,27,42,51,52",20,10 23 27 42 51 52 | ĐB 20,Power_6/55,https://www.minhchinh.com/xs-power-655-ket-qua-power-655-ngay-29-11-2018.html,29/11/2018,39994410450,3200378400
207,Thứ 3,27/11/2018,,"3,5,23,28,35,44",8,03 05 23 28 35 44 | ĐB 08,Power_6/55,https://www.minhchinh.com/xs-power-655-ket-qua-power-655-ngay-27-11-2018.html,27/11/2018,38191004850,3290607600
206,Thứ 7,24/11/2018,,"3,10,11,25,40,54",17,03 10 11 25 40 54 | ĐB 17,Power_6/55,https://www.minhchinh.com/xs-power-655-ket-qua-power-655-ngay-24-11-2018.html,24/11/2018,36820442100,3138322850
205,Thứ 5,22/11/2018,,"17,22,24,28,37,44",6,17 22 24 28 37 44 | ĐB 06,Power_6/55,https://www.minhchinh.com/xs-power-655-ket-qua-power-655-ngay-22-11-2018.html,22/11/2018,35575536450,3984511300
204,Thứ 3,20/11/2018,,"9,23,33,40,44,49",17,09 23 33 40 44 49 | ĐB 17,Power_6/55,https://www.minhchinh.com/xs-power-655-ket-qua-power-655-ngay-20-11-2018.html,20/11/2018,34256649000,3837968250
203,Thứ 7,17/11/2018,,"12,22,26,29,45,47",15,12 22 26 29 45 47 | ĐB 15,Power_6/55,https://www.minhchinh.com/xs-power-655-ket-qua-power-655-ngay-17-11-2018.html,17/11/2018,32831024250,3679565500
202,Thứ 5,15/11/2018,,"13,16,21,40,49,52",54,13 16 21 40 49 52 | ĐB 54,Power_6/55,https://www.minhchinh.com/xs-power-655-ket-qua-power-655-ngay-15-11-2018.html,15/11/2018,31465133850,3527799900
201,Thứ 3,13/11/2018,,"3,25,26,32,41,47",5,03 25 26 32 41 47 | ĐB 05,Power_6/55,https://www.minhchinh.com/xs-power-655-ket-qua-power-655-ngay-13-11-2018.html,13/11/2018,41305528200,3365007250
200,Thứ 7,10/11/2018,,"3,5,19,22,29,39",15,03 05 19 22 29 39 | ĐB 15,Power_6/55,https://www.minhchinh.com/xs-power-655-ket-qua-power-655-ngay-10-11-2018.html,10/11/2018,39307347750,3142987200
199,Thứ 5,08/11/2018,,"22,28,31,39,52,53",14,22 28 31 39 52 53 | ĐB 14,Power_6/55,https://www.minhchinh.com/xs-power-655-ket-qua-power-655-ngay-08-11-2018.html,08/11/2018,38020462950,5236233250
198,Thứ 3,06/11/2018,,"19,22,23,43,47,53",3,19 22 23 43 47 53 | ĐB 03,Power_6/55,https://www.minhchinh.com/xs-power-655-ket-qua-power-655-ngay-06-11-2018.html,06/11/2018,36334813350,5048938850
197,Thứ 7,03/11/2018,,"14,17,20,23,25,45",34,14 17 20 23 25 45 | ĐB 34,Power_6/55,https://www.minhchinh.com/xs-power-655-ket-qua-power-655-ngay-03-11-2018.html,03/11/2018,34340501100,4827348600
196,Thứ 5,01/11/2018,,"3,11,15,42,44,54",41,03 11 15 42 44 54 | ĐB 41,Power_6/55,https://www.minhchinh.com/xs-power-655-ket-qua-power-655-ngay-01-11-2018.html,01/11/2018,32839102200,4660526500
195,Thứ 3,30/10/2018,,"1,12,22,27,30,39",46,01 12 22 27 30 39 | ĐB 46,Power_6/55,https://www.minhchinh.com/xs-power-655-ket-qua-power-655-ngay-30-10-2018.html,30/10/2018,31358509500,4496016200
194,Thứ 7,27/10/2018,,"8,9,15,21,44,49",16,08 09 15 21 44 49 | ĐB 16,Power_6/55,https://www.minhchinh.com/xs-power-655-ket-qua-power-655-ngay-27-10-2018.html,27/10/2018,96756562650,4345070700
193,Thứ 5,25/10/2018,,"16,23,29,31,45,48",19,16 23 29 31 45 48 | ĐB 19,Power_6/55,https://www.minhchinh.com/xs-power-655-ket-qua-power-655-ngay-25-10-2018.html,25/10/2018,94362451050,4079058300
192,Thứ 3,23/10/2018,,"1,3,6,13,21,30",36,01 03 06 13 21 30 | ĐB 36,Power_6/55,https://www.minhchinh.com/xs-power-655-ket-qua-power-655-ngay-23-10-2018.html,23/10/2018,91712411850,3784609500
191,Thứ 7,20/10/2018,,"2,5,10,17,35,41",21,02 05 10 17 35 41 | ĐB 21,Power_6/55,https://www.minhchinh.com/xs-power-655-ket-qua-power-655-ngay-20-10-2018.html,20/10/2018,89122986750,3496895600
190,Thứ 5,18/10/2018,,"1,11,22,34,42,47",30,01 11 22 34 42 47 | ĐB 30,Power_6/55,https://www.minhchinh.com/xs-power-655-ket-qua-power-655-ngay-18-10-2018.html,18/10/2018,86856031200,3245011650
189,Thứ 3,16/10/2018,,"5,28,29,34,42,46",17,05 28 29 34 42 46 | ĐB 17,Power_6/55,https://www.minhchinh.com/xs-power-655-ket-qua-power-655-ngay-16-10-2018.html,16/10/2018,84650926350,4933501500
188,Thứ 7,13/10/2018,,"12,21,23,44,47,48",43,12 21 23 44 47 48 | ĐB 43,Power_6/55,https://www.minhchinh.com/xs-power-655-ket-qua-power-655-ngay-13-10-2018.html,13/10/2018,82070152050,4646748800
187,Thứ 5,11/10/2018,,"5,16,17,37,46,49",35,05 16 17 37 46 49 | ĐB 35,Power_6/55,https://www.minhchinh.com/xs-power-655-ket-qua-power-655-ngay-11-10-2018.html,11/10/2018,79704990300,4383953050
186,Thứ 3,09/10/2018,,"10,27,46,50,51,55",1,10 27 46 50 51 55 | ĐB 01,Power_6/55,https://www.minhchinh.com/xs-power-655-ket-qua-power-655-ngay-09-10-2018.html,09/10/2018,77724187950,4163863900
185,Thứ 7,06/10/2018,,"5,6,16,42,48,51",3,05 06 16 42 48 51 | ĐB 03,Power_6/55,https://www.minhchinh.com/xs-power-655-ket-qua-power-655-ngay-06-10-2018.html,06/10/2018,75218555100,3885460250
184,Thứ 5,04/10/2018,,"3,9,12,17,34,42",46,03 09 12 17 34 42 | ĐB 46,Power_6/55,https://www.minhchinh.com/xs-power-655-ket-qua-power-655-ngay-04-10-2018.html,04/10/2018,72901033500,3627957850
183,Thứ 3,02/10/2018,,"3,7,28,32,33,37",22,03 07 28 32 33 37 | ĐB 22,Power_6/55,https://www.minhchinh.com/xs-power-655-ket-qua-power-655-ngay-02-10-2018.html,02/10/2018,71233011300,3442622050
182,Thứ 7,29/09/2018,,"3,7,12,32,34,55",38,03 07 12 32 34 55 | ĐB 38,Power_6/55,https://www.minhchinh.com/xs-power-655-ket-qua-power-655-ngay-29-09-2018.html,29/09/2018,69155020650,3211734200
181,Thứ 5,27/09/2018,,"8,12,29,35,51,54",34,08 12 29 35 51 54 | ĐB 34,Power_6/55,https://www.minhchinh.com/xs-power-655-ket-qua-power-655-ngay-27-09-2018.html,27/09/2018,67249412850,3213103350
180,Thứ 3,25/09/2018,,"2,3,6,13,14,17",9,02 03 06 13 14 17 | ĐB 09,Power_6/55,https://www.minhchinh.com/xs-power-655-ket-qua-power-655-ngay-25-09-2018.html,25/09/2018,65331482700,3884290450
179,Thứ 7,22/09/2018,,"1,8,17,28,40,50",21,01 08 17 28 40 50 | ĐB 21,Power_6/55,https://www.minhchinh.com/xs-power-655-ket-qua-power-655-ngay-22-09-2018.html,22/09/2018,63494160150,3680143500
178,Thứ 5,20/09/2018,,"3,32,35,46,47,49",51,03 32 35 46 47 49 | ĐB 51,Power_6/55,https://www.minhchinh.com/xs-power-655-ket-qua-power-655-ngay-20-09-2018.html,20/09/2018,61507022700,3459350450
177,Thứ 3,18/09/2018,,"8,21,32,43,48,53",38,08 21 32 43 48 53 | ĐB 38,Power_6/55,https://www.minhchinh.com/xs-power-655-ket-qua-power-655-ngay-18-09-2018.html,18/09/2018,59535024150,3240239500
176,Thứ 7,15/09/2018,,"2,5,28,30,46,50",49,02 05 28 30 46 50 | ĐB 49,Power_6/55,https://www.minhchinh.com/xs-power-655-ket-qua-power-655-ngay-15-09-2018.html,15/09/2018,57372868650,5333582600
175,Thứ 5,13/09/2018,,"4,6,7,26,40,44",9,04 06 07 26 40 44 | ĐB 09,Power_6/55,https://www.minhchinh.com/xs-power-655-ket-qua-power-655-ngay-13-09-2018.html,13/09/2018,55368863400,5110915350
174,Thứ 3,11/09/2018,,"13,17,28,42,45,49",50,13 17 28 42 45 49 | ĐB 50,Power_6/55,https://www.minhchinh.com/xs-power-655-ket-qua-power-655-ngay-11-09-2018.html,11/09/2018,53696842500,4925135250
173,Thứ 7,08/09/2018,,"9,11,12,24,35,43",15,09 11 12 24 35 43 | ĐB 15,Power_6/55,https://www.minhchinh.com/xs-power-655-ket-qua-power-655-ngay-08-09-2018.html,08/09/2018,51566176200,4688394550
172,Thứ 5,06/09/2018,,"4,11,15,21,24,27",7,04 11 15 21 24 27 | ĐB 07,Power_6/55,https://www.minhchinh.com/xs-power-655-ket-qua-power-655-ngay-06-09-2018.html,06/09/2018,49962814050,4510243200
171,Thứ 3,04/09/2018,,"8,18,20,29,34,37",51,08 18 20 29 34 37 | ĐB 51,Power_6/55,https://www.minhchinh.com/xs-power-655-ket-qua-power-655-ngay-04-09-2018.html,04/09/2018,48210550500,4315547250
170,Thứ 7,01/09/2018,,"2,8,20,21,28,36",5,02 08 20 21 28 36 | ĐB 05,Power_6/55,https://www.minhchinh.com/xs-power-655-ket-qua-power-655-ngay-01-09-2018.html,01/09/2018,46296717600,4102899150
169,Thứ 5,30/08/2018,,"5,22,28,42,49,54",36,05 22 28 42 49 54 | ĐB 36,Power_6/55,https://www.minhchinh.com/xs-power-655-ket-qua-power-655-ngay-30-08-2018.html,30/08/2018,44848312950,3941965300
168,Thứ 3,28/08/2018,,"2,10,15,31,39,48",23,02 10 15 31 39 48 | ĐB 23,Power_6/55,https://www.minhchinh.com/xs-power-655-ket-qua-power-655-ngay-28-08-2018.html,28/08/2018,43233200400,3762508350
167,Thứ 7,25/08/2018,,"10,11,15,32,40,48",27,10 11 15 32 40 48 | ĐB 27,Power_6/55,https://www.minhchinh.com/xs-power-655-ket-qua-power-655-ngay-25-08-2018.html,25/08/2018,41260462050,3543315200
166,Thứ 5,23/08/2018,,"14,18,27,38,39,53",2,14 18 27 38 39 53 | ĐB 02,Power_6/55,https://www.minhchinh.com/xs-power-655-ket-qua-power-655-ngay-23-08-2018.html,23/08/2018,39404614350,3337109900
165,Thứ 3,21/08/2018,,"9,12,14,23,32,46",31,09 12 14 23 32 46 | ĐB 31,Power_6/55,https://www.minhchinh.com/xs-power-655-ket-qua-power-655-ngay-21-08-2018.html,21/08/2018,38068041000,3188601750
164,Thứ 7,18/08/2018,,"7,33,36,39,51,55",11,07 33 36 39 51 55 | ĐB 11,Power_6/55,https://www.minhchinh.com/xs-power-655-ket-qua-power-655-ngay-18-08-2018.html,18/08/2018,36370625250,3156157700
163,Thứ 5,16/08/2018,,"6,10,34,46,48,51",47,06 10 34 46 48 51 | ĐB 47,Power_6/55,https://www.minhchinh.com/xs-power-655-ket-qua-power-655-ngay-16-08-2018.html,16/08/2018,34965205950,3140259400
162,Thứ 3,14/08/2018,,"29,30,36,38,45,52",46,29 30 36 38 45 52 | ĐB 46,Power_6/55,https://www.minhchinh.com/xs-power-655-ket-qua-power-655-ngay-14-08-2018.html,14/08/2018,33702871350,3596064250
161,Thứ 7,11/08/2018,,"16,17,31,33,42,44",14,16 17 31 33 42 44 | ĐB 14,Power_6/55,https://www.minhchinh.com/xs-power-655-ket-qua-power-655-ngay-11-08-2018.html,11/08/2018,32194626150,3428481450
160,Thứ 5,09/08/2018,,"24,29,32,33,49,55",9,24 29 32 33 49 55 | ĐB 09,Power_6/55,https://www.minhchinh.com/xs-power-655-ket-qua-power-655-ngay-09-08-2018.html,09/08/2018,31059648300,3302372800
159,Thứ 3,07/08/2018,,"3,9,15,20,39,49",4,03 09 15 20 39 49 | ĐB 04,Power_6/55,https://www.minhchinh.com/xs-power-655-ket-qua-power-655-ngay-07-08-2018.html,07/08/2018,47175342150,3184634100
158,Thứ 7,04/08/2018,,"11,12,24,32,41,48",3,11 12 24 32 41 48 | ĐB 03,Power_6/55,https://www.minhchinh.com/xs-power-655-ket-qua-power-655-ngay-04-08-2018.html,04/08/2018,45513635250,3631662050
157,Thứ 5,02/08/2018,,"6,11,16,17,41,55",7,06 11 16 17 41 55 | ĐB 07,Power_6/55,https://www.minhchinh.com/xs-power-655-ket-qua-power-655-ngay-02-08-2018.html,02/08/2018,43671479700,3426978100
156,Thứ 3,31/07/2018,,"1,5,27,31,47,50",41,01 05 27 31 47 50 | ĐB 41,Power_6/55,https://www.minhchinh.com/xs-power-655-ket-qua-power-655-ngay-31-07-2018.html,31/07/2018,41892910050,3229359250
155,Thứ 7,28/07/2018,,"11,16,22,25,30,40",9,11 16 22 25 30 40 | ĐB 09,Power_6/55,https://www.minhchinh.com/xs-power-655-ket-qua-power-655-ngay-28-07-2018.html,28/07/2018,39828676800,4683462000
154,Thứ 5,26/07/2018,,"21,24,33,37,40,46",52,21 24 33 37 40 46 | ĐB 52,Power_6/55,https://www.minhchinh.com/xs-power-655-ket-qua-power-655-ngay-26-07-2018.html,26/07/2018,38113527900,4492889900
153,Thứ 3,24/07/2018,,"11,18,34,37,50,53",20,11 18 34 37 50 53 | ĐB 20,Power_6/55,https://www.minhchinh.com/xs-power-655-ket-qua-power-655-ngay-24-07-2018.html,24/07/2018,36779450250,4344659050
152,Thứ 7,21/07/2018,,"7,31,33,37,46,52",28,07 31 33 37 46 52 | ĐB 28,Power_6/55,https://www.minhchinh.com/xs-power-655-ket-qua-power-655-ngay-21-07-2018.html,21/07/2018,34751723250,4119356050
151,Thứ 5,19/07/2018,,"11,13,28,34,44,47",10,11 13 28 34 44 47 | ĐB 10,Power_6/55,https://www.minhchinh.com/xs-power-655-ket-qua-power-655-ngay-19-07-2018.html,19/07/2018,33072762000,3932804800
150,Thứ 3,17/07/2018,,"5,14,22,27,31,40",48,05 14 22 27 31 40 | ĐB 48,Power_6/55,https://www.minhchinh.com/xs-power-655-ket-qua-power-655-ngay-17-07-2018.html,17/07/2018,31660230900,3775856900
149,Thứ 7,14/07/2018,,"4,19,23,34,38,50",1,04 19 23 34 38 50 | ĐB 01,Power_6/55,https://www.minhchinh.com/xs-power-655-ket-qua-power-655-ngay-14-07-2018.html,14/07/2018,47012873700,3591386800
148,Thứ 5,12/07/2018,,"8,15,18,21,24,49",22,08 15 18 21 24 49 | ĐB 22,Power_6/55,https://www.minhchinh.com/xs-power-655-ket-qua-power-655-ngay-12-07-2018.html,12/07/2018,45034013550,3371513450
147,Thứ 3,10/07/2018,,"6,10,16,20,27,29",24,06 10 16 20 27 29 | ĐB 24,Power_6/55,https://www.minhchinh.com/xs-power-655-ket-qua-power-655-ngay-10-07-2018.html,10/07/2018,43270472550,3175564450
146,Thứ 7,07/07/2018,,"2,30,45,48,49,53",41,02 30 45 48 49 53 | ĐB 41,Power_6/55,https://www.minhchinh.com/xs-power-655-ket-qua-power-655-ngay-07-07-2018.html,07/07/2018,41690392500,3939988950
145,Thứ 5,05/07/2018,,"4,15,22,24,43,51",48,04 15 22 24 43 51 | ĐB 48,Power_6/55,https://www.minhchinh.com/xs-power-655-ket-qua-power-655-ngay-05-07-2018.html,05/07/2018,39908934300,3742049150
144,Thứ 3,03/07/2018,,"30,32,34,47,48,49",50,30 32 34 47 48 49 | ĐB 50,Power_6/55,https://www.minhchinh.com/xs-power-655-ket-qua-power-655-ngay-03-07-2018.html,03/07/2018,38162758350,3548029600
143,Thứ 7,30/06/2018,,"3,12,23,24,30,33",1,03 12 23 24 30 33 | ĐB 01,Power_6/55,https://www.minhchinh.com/xs-power-655-ket-qua-power-655-ngay-30-06-2018.html,30/06/2018,36351516000,3346780450
142,Thứ 5,28/06/2018,,"11,31,33,43,48,51",23,11 31 33 43 48 51 | ĐB 23,Power_6/55,https://www.minhchinh.com/xs-power-655-ket-qua-power-655-ngay-28-06-2018.html,28/06/2018,34769813250,3171035700
141,Thứ 3,26/06/2018,,"17,18,21,39,40,43",3,17 18 21 39 40 43 | ĐB 03,Power_6/55,https://www.minhchinh.com/xs-power-655-ket-qua-power-655-ngay-26-06-2018.html,26/06/2018,33230491950,3968832000
140,Thứ 7,23/06/2018,,"6,8,13,23,46,55",1,06 08 13 23 46 55 | ĐB 01,Power_6/55,https://www.minhchinh.com/xs-power-655-ket-qua-power-655-ngay-23-06-2018.html,23/06/2018,31562051700,3783449750
139,Thứ 5,21/06/2018,,"2,8,19,23,25,33",32,02 08 19 23 25 33 | ĐB 32,Power_6/55,https://www.minhchinh.com/xs-power-655-ket-qua-power-655-ngay-21-06-2018.html,21/06/2018,44151049200,3609888450
138,Thứ 3,19/06/2018,,"16,17,31,37,41,52",34,16 17 31 37 41 52 | ĐB 34,Power_6/55,https://www.minhchinh.com/xs-power-655-ket-qua-power-655-ngay-19-06-2018.html,19/06/2018,42685218300,3447018350
137,Thứ 7,16/06/2018,,"14,15,21,30,44,47",48,14 15 21 30 44 47 | ĐB 48,Power_6/55,https://www.minhchinh.com/xs-power-655-ket-qua-power-655-ngay-16-06-2018.html,16/06/2018,40558167300,3210679350
136,Thứ 5,14/06/2018,,"3,15,32,45,48,54",55,03 15 32 45 48 54 | ĐB 55,Power_6/55,https://www.minhchinh.com/xs-power-655-ket-qua-power-655-ngay-14-06-2018.html,14/06/2018,38662053150,4150397100
135,Thứ 3,12/06/2018,,"4,13,23,27,29,35",14,04 13 23 27 29 35 | ĐB 14,Power_6/55,https://www.minhchinh.com/xs-power-655-ket-qua-power-655-ngay-12-06-2018.html,12/06/2018,36793704900,3942802850
134,Thứ 7,09/06/2018,,"9,23,25,39,52,53",38,09 23 25 39 52 53 | ĐB 38,Power_6/55,https://www.minhchinh.com/xs-power-655-ket-qua-power-655-ngay-09-06-2018.html,09/06/2018,35057037900,3749839850
133,Thứ 5,07/06/2018,,"11,16,18,26,46,47",42,11 16 18 26 46 47 | ĐB 42,Power_6/55,https://www.minhchinh.com/xs-power-655-ket-qua-power-655-ngay-07-06-2018.html,07/06/2018,33451356000,3571430750
132,Thứ 3,05/06/2018,,"11,21,26,32,51,52",5,11 21 26 32 51 52 | ĐB 05,Power_6/55,https://www.minhchinh.com/xs-power-655-ket-qua-power-655-ngay-05-06-2018.html,05/06/2018,31656701100,3372024650
131,Thứ 7,02/06/2018,,"5,7,17,22,32,33",6,05 07 17 22 32 33 | ĐB 06,Power_6/55,https://www.minhchinh.com/xs-power-655-ket-qua-power-655-ngay-02-06-2018.html,02/06/2018,40421556750,3187946750
130,Thứ 5,31/05/2018,,"3,15,18,25,26,29",19,03 15 18 25 26 29 | ĐB 19,Power_6/55,https://www.minhchinh.com/xs-power-655-ket-qua-power-655-ngay-31-05-2018.html,31/05/2018,38730036000,3772192400
129,Thứ 3,29/05/2018,,"9,13,17,18,46,50",26,09 13 17 18 46 50 | ĐB 26,Power_6/55,https://www.minhchinh.com/xs-power-655-ket-qua-power-655-ngay-29-05-2018.html,29/05/2018,37041107700,3584533700
128,Thứ 7,26/05/2018,,"7,12,28,31,40,44",15,07 12 28 31 40 44 | ĐB 15,Power_6/55,https://www.minhchinh.com/xs-power-655-ket-qua-power-655-ngay-26-05-2018.html,26/05/2018,35144050350,3373749550
127,Thứ 5,24/05/2018,,"24,25,26,29,36,48",40,24 25 26 29 36 48 | ĐB 40,Power_6/55,https://www.minhchinh.com/xs-power-655-ket-qua-power-655-ngay-24-05-2018.html,24/05/2018,33284469900,3167129500
126,Thứ 3,22/05/2018,,"4,5,8,17,35,47",39,04 05 08 17 35 47 | ĐB 39,Power_6/55,https://www.minhchinh.com/xs-power-655-ket-qua-power-655-ngay-22-05-2018.html,22/05/2018,31780304400,3647009800
125,Thứ 7,19/05/2018,,"33,35,45,52,53,55",25,33 35 45 52 53 55 | ĐB 25,Power_6/55,https://www.minhchinh.com/xs-power-655-ket-qua-power-655-ngay-19-05-2018.html,19/05/2018,42114151200,3449198200
124,Thứ 5,17/05/2018,,"13,31,38,45,53,55",46,13 31 38 45 53 55 | ĐB 46,Power_6/55,https://www.minhchinh.com/xs-power-655-ket-qua-power-655-ngay-17-05-2018.html,17/05/2018,40161824400,3232273000
123,Thứ 3,15/05/2018,,"3,6,29,37,44,49",24,03 06 29 37 44 49 | ĐB 24,Power_6/55,https://www.minhchinh.com/xs-power-655-ket-qua-power-655-ngay-15-05-2018.html,15/05/2018,38071367400,4330115250
122,Thứ 7,12/05/2018,,"1,9,26,38,54,55",51,01 09 26 38 54 55 | ĐB 51,Power_6/55,https://www.minhchinh.com/xs-power-655-ket-qua-power-655-ngay-12-05-2018.html,12/05/2018,35643065250,4060303900
121,Thứ 5,10/05/2018,,"2,6,8,34,39,43",11,02 06 08 34 39 43 | ĐB 11,Power_6/55,https://www.minhchinh.com/xs-power-655-ket-qua-power-655-ngay-10-05-2018.html,10/05/2018,33632951700,3836957950
120,Thứ 3,08/05/2018,,"3,16,23,24,38,42",48,03 16 23 24 38 42 | ĐB 48,Power_6/55,https://www.minhchinh.com/xs-power-655-ket-qua-power-655-ngay-08-05-2018.html,08/05/2018,31688034150,3620856000
119,Thứ 7,05/05/2018,,"16,32,33,37,40,48",15,16 32 33 37 40 48 | ĐB 15,Power_6/55,https://www.minhchinh.com/xs-power-655-ket-qua-power-655-ngay-05-05-2018.html,05/05/2018,303899669850,3433296650
118,Thứ 5,03/05/2018,,"23,27,33,37,39,49",44,23 27 33 37 39 49 | ĐB 44,Power_6/55,https://www.minhchinh.com/xs-power-655-ket-qua-power-655-ngay-03-05-2018.html,03/05/2018,300000000000,36846222000
117,Thứ 3,01/05/2018,,"1,7,20,23,25,38",14,01 07 20 23 25 38 | ĐB 14,Power_6/55,https://www.minhchinh.com/xs-power-655-ket-qua-power-655-ngay-01-05-2018.html,01/05/2018,323711172750,5634574750
116,Thứ 7,28/04/2018,,"12,19,22,29,32,46",25,12 19 22 29 32 46 | ĐB 25,Power_6/55,https://www.minhchinh.com/xs-power-655-ket-qua-power-655-ngay-28-04-2018.html,28/04/2018,317750310300,4972256700
115,Thứ 5,26/04/2018,,"23,26,29,31,36,54",55,23 26 29 31 36 54 | ĐB 55,Power_6/55,https://www.minhchinh.com/xs-power-655-ket-qua-power-655-ngay-26-04-2018.html,26/04/2018,311383703550,4264855950
114,Thứ 3,24/04/2018,,"17,18,24,40,41,46",6,17 18 24 40 41 46 | ĐB 06,Power_6/55,https://www.minhchinh.com/xs-power-655-ket-qua-power-655-ngay-24-04-2018.html,24/04/2018,305150984400,3572331600
113,Thứ 7,21/04/2018,,"16,18,41,43,46,55",35,16 18 41 43 46 55 | ĐB 35,Power_6/55,https://www.minhchinh.com/xs-power-655-ket-qua-power-655-ngay-21-04-2018.html,21/04/2018,300000000000,7716697000
112,Thứ 5,19/04/2018,,"4,17,19,35,49,55",9,04 17 19 35 49 55 | ĐB 09,Power_6/55,https://www.minhchinh.com/xs-power-655-ket-qua-power-655-ngay-19-04-2018.html,19/04/2018,300000000000,7032403500
111,Thứ 3,17/04/2018,,"2,10,26,27,31,38",39,02 10 26 27 31 38 | ĐB 39,Power_6/55,https://www.minhchinh.com/xs-power-655-ket-qua-power-655-ngay-17-04-2018.html,17/04/2018,300000000000,66969623500
110,Thứ 7,14/04/2018,,"2,10,14,26,45,54",20,02 10 14 26 45 54 | ĐB 20,Power_6/55,https://www.minhchinh.com/xs-power-655-ket-qua-power-655-ngay-14-04-2018.html,14/04/2018,348542745600,8393638400
109,Thứ 5,12/04/2018,,"4,29,35,37,42,54",19,04 29 35 37 42 54 | ĐB 19,Power_6/55,https://www.minhchinh.com/xs-power-655-ket-qua-power-655-ngay-12-04-2018.html,12/04/2018,341100719850,7566746650
108,Thứ 3,10/04/2018,,"1,22,25,31,36,48",41,01 22 25 31 36 48 | ĐB 41,Power_6/55,https://www.minhchinh.com/xs-power-655-ket-qua-power-655-ngay-10-04-2018.html,10/04/2018,333842446200,6760271800
107,Thứ 7,07/04/2018,,"12,24,33,34,36,53",5,12 24 33 34 36 53 | ĐB 05,Power_6/55,https://www.minhchinh.com/xs-power-655-ket-qua-power-655-ngay-07-04-2018.html,07/04/2018,324541622100,5726846900
106,Thứ 5,05/04/2018,,"7,9,17,25,31,32",6,07 09 17 25 31 32 | ĐB 06,Power_6/55,https://www.minhchinh.com/xs-power-655-ket-qua-power-655-ngay-05-04-2018.html,05/04/2018,317878643550,4986515950
105,Thứ 3,03/04/2018,,"20,21,39,42,51,53",1,20 21 39 42 51 53 | ĐB 01,Power_6/55,https://www.minhchinh.com/xs-power-655-ket-qua-power-655-ngay-03-04-2018.html,03/04/2018,311346404850,4260711650
104,Thứ 7,31/03/2018,,"3,7,31,43,51,53",26,03 07 31 43 51 53 | ĐB 26,Power_6/55,https://www.minhchinh.com/xs-power-655-ket-qua-power-655-ngay-31-03-2018.html,31/03/2018,303276464400,3364051600
103,Thứ 5,29/03/2018,,"5,27,35,39,46,52",31,05 27 35 39 46 52 | ĐB 31,Power_6/55,https://www.minhchinh.com/xs-power-655-ket-qua-power-655-ngay-29-03-2018.html,29/03/2018,300000000000,7207922000
102,Thứ 3,27/03/2018,,"9,13,14,15,54,55",22,09 13 14 15 54 55 | ĐB 22,Power_6/55,https://www.minhchinh.com/xs-power-655-ket-qua-power-655-ngay-27-03-2018.html,27/03/2018,300000000000,25040212000
101,Thứ 7,24/03/2018,,"1,30,38,45,48,50",12,01 30 38 45 48 50 | ĐB 12,Power_6/55,https://www.minhchinh.com/xs-power-655-ket-qua-power-655-ngay-24-03-2018.html,24/03/2018,311943369900,4327041100
100,Thứ 5,22/03/2018,,"1,8,24,33,34,41",20,01 08 24 33 34 41 | ĐB 20,Power_6/55,https://www.minhchinh.com/xs-power-655-ket-qua-power-655-ngay-22-03-2018.html,22/03/2018,304515142950,3501682550
99,Thứ 3,20/03/2018,,"11,40,43,46,49,55",37,11 40 43 46 49 55 | ĐB 37,Power_6/55,https://www.minhchinh.com/xs-power-655-ket-qua-power-655-ngay-20-03-2018.html,20/03/2018,300000000000,37377430000
98,Thứ 7,17/03/2018,,"3,14,28,35,50,52",29,03 14 28 35 50 52 | ĐB 29,Power_6/55,https://www.minhchinh.com/xs-power-655-ket-qua-power-655-ngay-17-03-2018.html,17/03/2018,321738459600,5415384400
97,Thứ 5,15/03/2018,,"15,20,23,28,39,49",19,15 20 23 28 39 49 | ĐB 19,Power_6/55,https://www.minhchinh.com/xs-power-655-ket-qua-power-655-ngay-15-03-2018.html,15/03/2018,314502409200,4611378800
96,Thứ 3,13/03/2018,,"1,2,17,46,47,49",44,01 02 17 46 47 49 | ĐB 44,Power_6/55,https://www.minhchinh.com/xs-power-655-ket-qua-power-655-ngay-13-03-2018.html,13/03/2018,306583901400,3731544600
95,Thứ 7,10/03/2018,,"9,20,27,31,48,49",42,09 20 27 31 48 49 | ĐB 42,Power_6/55,https://www.minhchinh.com/xs-power-655-ket-qua-power-655-ngay-10-03-2018.html,10/03/2018,300000000000,70013824500
94,Thứ 5,08/03/2018,,"14,17,18,23,41,52",40,14 17 18 23 41 52 | ĐB 40,Power_6/55,https://www.minhchinh.com/xs-power-655-ket-qua-power-655-ngay-08-03-2018.html,08/03/2018,350981591250,8664621250
93,Thứ 3,06/03/2018,,"2,6,13,22,40,48",12,02 06 13 22 40 48 | ĐB 12,Power_6/55,https://www.minhchinh.com/xs-power-655-ket-qua-power-655-ngay-06-03-2018.html,06/03/2018,342197962500,7688662500
92,Thứ 7,03/03/2018,,"4,10,32,37,47,52",49,04 10 32 37 47 52 | ĐB 49,Power_6/55,https://www.minhchinh.com/xs-power-655-ket-qua-power-655-ngay-03-03-2018.html,03/03/2018,332230461150,6581162350
91,Thứ 5,01/03/2018,,"4,5,7,17,20,38",9,04 05 07 17 20 38 | ĐB 09,Power_6/55,https://www.minhchinh.com/xs-power-655-ket-qua-power-655-ngay-01-03-2018.html,01/03/2018,323797375200,5644152800
90,Thứ 3,27/02/2018,,"8,16,23,28,44,49",45,08 16 23 28 44 49 | ĐB 45,Power_6/55,https://www.minhchinh.com/xs-power-655-ket-qua-power-655-ngay-27-02-2018.html,27/02/2018,315871733550,4763525950
89,Thứ 7,24/02/2018,,"5,7,24,32,45,49",1,05 07 24 32 45 49 | ĐB 01,Power_6/55,https://www.minhchinh.com/xs-power-655-ket-qua-power-655-ngay-24-02-2018.html,24/02/2018,305600910600,3622323400
88,Thứ 5,22/02/2018,,"11,14,32,36,42,48",20,11 14 32 36 42 48 | ĐB 20,Power_6/55,https://www.minhchinh.com/xs-power-655-ket-qua-power-655-ngay-22-02-2018.html,22/02/2018,300000000000,40973178500
87,Thứ 3,20/02/2018,,"1,2,21,24,50,52",33,01 02 21 24 50 52 | ĐB 33,Power_6/55,https://www.minhchinh.com/xs-power-655-ket-qua-power-655-ngay-20-02-2018.html,20/02/2018,324942454200,5771383800
86,Thứ 7,17/02/2018,,"16,22,28,29,35,43",45,16 22 28 29 35 43 | ĐB 45,Power_6/55,https://www.minhchinh.com/xs-power-655-ket-qua-power-655-ngay-17-02-2018.html,17/02/2018,316828524450,4869836050
85,Thứ 3,13/02/2018,,"9,25,26,30,42,54",19,09 25 26 30 42 54 | ĐB 19,Power_6/55,https://www.minhchinh.com/xs-power-655-ket-qua-power-655-ngay-13-02-2018.html,13/02/2018,307948444500,3883160500
84,Thứ 7,10/02/2018,,"8,10,19,25,36,46",7,08 10 19 25 36 46 | ĐB 07,Power_6/55,https://www.minhchinh.com/xs-power-655-ket-qua-power-655-ngay-10-02-2018.html,10/02/2018,300000000000,22350630500
83,Thứ 5,08/02/2018,,"21,22,29,37,41,50",33,21 22 29 37 41 50 | ĐB 33,Power_6/55,https://www.minhchinh.com/xs-power-655-ket-qua-power-655-ngay-08-02-2018.html,08/02/2018,307756203150,3861800350
82,Thứ 3,06/02/2018,,"1,20,29,31,43,53",16,01 20 29 31 43 53 | ĐB 16,Power_6/55,https://www.minhchinh.com/xs-power-655-ket-qua-power-655-ngay-06-02-2018.html,06/02/2018,300000000000,13248804500
81,Thứ 7,03/02/2018,,"12,29,42,48,54,55",18,12 29 42 48 54 55 | ĐB 18,Power_6/55,https://www.minhchinh.com/xs-power-655-ket-qua-power-655-ngay-03-02-2018.html,03/02/2018,300000000000,23238831500
80,Thứ 5,01/02/2018,,"1,7,8,9,39,43",52,01 07 08 09 39 43 | ĐB 52,Power_6/55,https://www.minhchinh.com/xs-power-655-ket-qua-power-655-ngay-01-02-2018.html,01/02/2018,306891445800,3765716200
79,Thứ 3,30/01/2018,,"15,19,24,51,53,55",29,15 19 24 51 53 55 | ĐB 29,Power_6/55,https://www.minhchinh.com/xs-power-655-ket-qua-power-655-ngay-30-01-2018.html,30/01/2018,300000000000,10505465350
78,Thứ 7,27/01/2018,,"21,26,36,38,40,50",11,21 26 36 38 40 50 | ĐB 11,Power_6/55,https://www.minhchinh.com/xs-power-655-ket-qua-power-655-ngay-27-01-2018.html,27/01/2018,290823421800,6859255550
77,Thứ 5,25/01/2018,,"1,10,30,44,45,50",4,01 10 30 44 45 50 | ĐB 04,Power_6/55,https://www.minhchinh.com/xs-power-655-ket-qua-power-655-ngay-25-01-2018.html,25/01/2018,281341050600,5805658750
76,Thứ 3,23/01/2018,,"3,10,15,23,41,53",35,03 10 15 23 41 53 | ĐB 35,Power_6/55,https://www.minhchinh.com/xs-power-655-ket-qua-power-655-ngay-23-01-2018.html,23/01/2018,271952211000,4762454350
75,Thứ 7,20/01/2018,,"2,7,15,16,41,45",19,02 07 15 16 41 45 | ĐB 19,Power_6/55,https://www.minhchinh.com/xs-power-655-ket-qua-power-655-ngay-20-01-2018.html,20/01/2018,262085240100,3666124250
74,Thứ 5,18/01/2018,,"12,24,28,30,36,39",15,12 24 28 30 36 39 | ĐB 15,Power_6/55,https://www.minhchinh.com/xs-power-655-ket-qua-power-655-ngay-18-01-2018.html,18/01/2018,256090121850,5912489850
73,Thứ 3,16/01/2018,,"6,27,33,41,42,49",22,06 27 33 41 42 49 | ĐB 22,Power_6/55,https://www.minhchinh.com/xs-power-655-ket-qua-power-655-ngay-16-01-2018.html,16/01/2018,247416944250,4948803450
72,Thứ 7,13/01/2018,,"3,21,25,26,51,55",37,03 21 25 26 51 55 | ĐB 37,Power_6/55,https://www.minhchinh.com/xs-power-655-ket-qua-power-655-ngay-13-01-2018.html,13/01/2018,236891603100,3779321100
71,Thứ 5,11/01/2018,,"4,7,30,35,37,45",1,04 07 30 35 37 45 | ĐB 01,Power_6/55,https://www.minhchinh.com/xs-power-655-ket-qua-power-655-ngay-11-01-2018.html,11/01/2018,229877713200,3679272900
70,Thứ 3,09/01/2018,,"18,25,28,46,50,51",15,18 25 28 46 50 51 | ĐB 15,Power_6/55,https://www.minhchinh.com/xs-power-655-ket-qua-power-655-ngay-09-01-2018.html,09/01/2018,223764257100,4819902900
69,Thứ 7,06/01/2018,,"4,11,24,35,41,45",17,04 11 24 35 41 45 | ĐB 17,Power_6/55,https://www.minhchinh.com/xs-power-655-ket-qua-power-655-ngay-06-01-2018.html,06/01/2018,213511359900,3680692100
68,Thứ 5,04/01/2018,,"1,7,31,35,46,55",51,01 07 31 35 46 55 | ĐB 51,Power_6/55,https://www.minhchinh.com/xs-power-655-ket-qua-power-655-ngay-04-01-2018.html,04/01/2018,207385131000,4624516750
67,Thứ 3,02/01/2018,,"4,7,8,34,37,47",24,04 07 08 34 37 47 | ĐB 24,Power_6/55,https://www.minhchinh.com/xs-power-655-ket-qua-power-655-ngay-02-01-2018.html,02/01/2018,198519424050,3639438200
66,Thứ 7,30/12/2017,,"8,9,36,37,39,50",7,08 09 36 37 39 50 | ĐB 07,Power_6/55,https://www.minhchinh.com/xs-power-655-ket-qua-power-655-ngay-30-12-2017.html,30/12/2017,192764480250,8572319250
65,Thứ 5,28/12/2017,,"7,18,26,29,31,35",34,07 18 26 29 31 35 | ĐB 34,Power_6/55,https://www.minhchinh.com/xs-power-655-ket-qua-power-655-ngay-28-12-2017.html,28/12/2017,185756375100,7793640900
64,Thứ 3,26/12/2017,,"7,11,13,18,26,42",49,07 11 13 18 26 42 | ĐB 49,Power_6/55,https://www.minhchinh.com/xs-power-655-ket-qua-power-655-ngay-26-12-2017.html,26/12/2017,179085637200,7052447800
63,Thứ 7,23/12/2017,,"7,8,9,13,28,44",12,07 08 09 13 28 44 | ĐB 12,Power_6/55,https://www.minhchinh.com/xs-power-655-ket-qua-power-655-ngay-23-12-2017.html,23/12/2017,172865880750,6361363750
62,Thứ 5,21/12/2017,,"22,23,27,35,37,46",19,22 23 27 35 37 46 | ĐB 19,Power_6/55,https://www.minhchinh.com/xs-power-655-ket-qua-power-655-ngay-21-12-2017.html,21/12/2017,167473255350,5762183150
61,Thứ 3,19/12/2017,,"2,3,20,25,38,44",12,02 03 20 25 38 44 | ĐB 12,Power_6/55,https://www.minhchinh.com/xs-power-655-ket-qua-power-655-ngay-19-12-2017.html,19/12/2017,161744780550,5125685950
60,Thứ 7,16/12/2017,,"5,23,37,41,43,53",25,05 23 37 41 43 53 | ĐB 25,Power_6/55,https://www.minhchinh.com/xs-power-655-ket-qua-power-655-ngay-16-12-2017.html,16/12/2017,155267929650,4406035850
59,Thứ 5,14/12/2017,,"11,12,22,28,46,50",7,11 12 22 28 46 50 | ĐB 07,Power_6/55,https://www.minhchinh.com/xs-power-655-ket-qua-power-655-ngay-14-12-2017.html,14/12/2017,150431996550,3868709950
58,Thứ 3,12/12/2017,,"6,7,8,21,32,39",27,06 07 08 21 32 39 | ĐB 27,Power_6/55,https://www.minhchinh.com/xs-power-655-ket-qua-power-655-ngay-12-12-2017.html,12/12/2017,145563767850,3327795650
57,Thứ 7,09/12/2017,,"5,34,35,42,49,52",21,05 34 35 42 49 52 | ĐB 21,Power_6/55,https://www.minhchinh.com/xs-power-655-ket-qua-power-655-ngay-09-12-2017.html,09/12/2017,142613607000,3293227850
56,Thứ 5,07/12/2017,,"3,14,26,35,44,54",25,03 14 26 35 44 54 | ĐB 25,Power_6/55,https://www.minhchinh.com/xs-power-655-ket-qua-power-655-ngay-07-12-2017.html,07/12/2017,139974556350,4751773250
55,Thứ 3,05/12/2017,,"27,38,40,42,46,55",5,27 38 40 42 46 55 | ĐB 05,Power_6/55,https://www.minhchinh.com/xs-power-655-ket-qua-power-655-ngay-05-12-2017.html,05/12/2017,135897635550,4298782050
54,Thứ 7,02/12/2017,,"9,37,45,50,53,54",40,09 37 45 50 53 54 | ĐB 40,Power_6/55,https://www.minhchinh.com/xs-power-655-ket-qua-power-655-ngay-02-12-2017.html,02/12/2017,130389001500,3686711600
53,Thứ 5,30/11/2017,,"5,13,26,37,53,55",28,05 13 26 37 53 55 | ĐB 28,Power_6/55,https://www.minhchinh.com/xs-power-655-ket-qua-power-655-ngay-30-11-2017.html,30/11/2017,126430993200,3246932900
52,Thứ 3,28/11/2017,,"2,19,39,49,51,53",20,02 19 39 49 51 53 | ĐB 20,Power_6/55,https://www.minhchinh.com/xs-power-655-ket-qua-power-655-ngay-28-11-2017.html,28/11/2017,124208597100,3692551000
51,Thứ 7,25/11/2017,,"2,9,16,46,52,55",50,02 09 16 46 52 55 | ĐB 50,Power_6/55,https://www.minhchinh.com/xs-power-655-ket-qua-power-655-ngay-25-11-2017.html,25/11/2017,120250718850,3252786750
50,Thứ 5,23/11/2017,,"1,2,3,18,25,50",14,01 02 03 18 25 50 | ĐB 14,Power_6/55,https://www.minhchinh.com/xs-power-655-ket-qua-power-655-ngay-23-11-2017.html,23/11/2017,117975638100,3674925400
49,Thứ 3,21/11/2017,,"5,8,23,37,38,54",55,05 08 23 37 38 54 | ĐB 55,Power_6/55,https://www.minhchinh.com/xs-power-655-ket-qua-power-655-ngay-21-11-2017.html,21/11/2017,114313083150,3267974850
48,Thứ 7,18/11/2017,,"11,12,26,42,50,54",17,11 12 26 42 50 54 | ĐB 17,Power_6/55,https://www.minhchinh.com/xs-power-655-ket-qua-power-655-ngay-18-11-2017.html,18/11/2017,111901309500,3621198450
47,Thứ 5,16/11/2017,,"1,16,22,25,47,48",21,01 16 22 25 47 48 | ĐB 21,Power_6/55,https://www.minhchinh.com/xs-power-655-ket-qua-power-655-ngay-16-11-2017.html,16/11/2017,108584968350,3252716100
46,Thứ 3,14/11/2017,,"20,24,29,41,47,49",22,20 24 29 41 47 49 | ĐB 22,Power_6/55,https://www.minhchinh.com/xs-power-655-ket-qua-power-655-ngay-14-11-2017.html,14/11/2017,106310523450,3610320500
45,Thứ 7,11/11/2017,,"12,26,33,35,36,44",1,12 26 33 35 36 44 | ĐB 01,Power_6/55,https://www.minhchinh.com/xs-power-655-ket-qua-power-655-ngay-11-11-2017.html,11/11/2017,102765805950,3216463000
44,Thứ 5,09/11/2017,,"2,3,6,23,34,36",50,02 03 06 23 34 36 | ĐB 50,Power_6/55,https://www.minhchinh.com/xs-power-655-ket-qua-power-655-ngay-09-11-2017.html,09/11/2017,100817638950,5110772400
43,Thứ 3,07/11/2017,,"19,32,36,37,42,54",28,19 32 36 37 42 54 | ĐB 28,Power_6/55,https://www.minhchinh.com/xs-power-655-ket-qua-power-655-ngay-07-11-2017.html,07/11/2017,97091932800,4696805050
42,Thứ 7,04/11/2017,,"2,8,12,44,46,52",9,02 08 12 44 46 52 | ĐB 09,Power_6/55,https://www.minhchinh.com/xs-power-655-ket-qua-power-655-ngay-04-11-2017.html,04/11/2017,93461623500,4293437350
41,Thứ 5,02/11/2017,,"3,9,12,21,51,52",7,03 09 12 21 51 52 | ĐB 07,Power_6/55,https://www.minhchinh.com/xs-power-655-ket-qua-power-655-ngay-02-11-2017.html,02/11/2017,90407671050,3954109300
40,Thứ 3,31/10/2017,,"7,13,24,45,47,52",33,07 13 24 45 47 52 | ĐB 33,Power_6/55,https://www.minhchinh.com/xs-power-655-ket-qua-power-655-ngay-31-10-2017.html,31/10/2017,87445250850,3624951500
39,Thứ 7,28/10/2017,,"13,18,35,36,41,48",47,13 18 35 36 41 48 | ĐB 47,Power_6/55,https://www.minhchinh.com/xs-power-655-ket-qua-power-655-ngay-28-10-2017.html,28/10/2017,85047387150,3358522200
38,Thứ 5,26/10/2017,,"2,10,15,30,34,50",3,02 10 15 30 34 50 | ĐB 03,Power_6/55,https://www.minhchinh.com/xs-power-655-ket-qua-power-655-ngay-26-10-2017.html,26/10/2017,83506415700,3187303150
37,Thứ 3,24/10/2017,,"1,2,9,13,32,35",52,01 02 09 13 32 35 | ĐB 52,Power_6/55,https://www.minhchinh.com/xs-power-655-ket-qua-power-655-ngay-24-10-2017.html,24/10/2017,81820687350,3199238550
36,Thứ 7,21/10/2017,,"4,9,13,16,18,49",30,04 09 13 16 18 49 | ĐB 30,Power_6/55,https://www.minhchinh.com/xs-power-655-ket-qua-power-655-ngay-21-10-2017.html,21/10/2017,80027540400,5764145600
35,Thứ 5,19/10/2017,,"6,15,17,24,40,45",39,06 15 17 24 40 45 | ĐB 39,Power_6/55,https://www.minhchinh.com/xs-power-655-ket-qua-power-655-ngay-19-10-2017.html,19/10/2017,77375046900,5469424100
34,Thứ 3,17/10/2017,,"1,26,36,40,50,54",31,01 26 36 40 50 54 | ĐB 31,Power_6/55,https://www.minhchinh.com/xs-power-655-ket-qua-power-655-ngay-17-10-2017.html,17/10/2017,74830295100,5186673900
33,Thứ 7,14/10/2017,,"14,18,29,35,44,49",54,14 18 29 35 44 49 | ĐB 54,Power_6/55,https://www.minhchinh.com/xs-power-655-ket-qua-power-655-ngay-14-10-2017.html,14/10/2017,72079404600,4881019400
32,Thứ 5,12/10/2017,,"5,8,11,31,37,42",52,05 08 11 31 37 42 | ĐB 52,Power_6/55,https://www.minhchinh.com/xs-power-655-ket-qua-power-655-ngay-12-10-2017.html,12/10/2017,69615950250,4607302250
31,Thứ 3,10/10/2017,,"29,33,43,44,45,50",41,29 33 43 44 45 50 | ĐB 41,Power_6/55,https://www.minhchinh.com/xs-power-655-ket-qua-power-655-ngay-10-10-2017.html,10/10/2017,67375253100,4358335900
30,Thứ 7,07/10/2017,,"31,34,40,42,43,49",16,31 34 40 42 43 49 | ĐB 16,Power_6/55,https://www.minhchinh.com/xs-power-655-ket-qua-power-655-ngay-07-10-2017.html,07/10/2017,64573341150,4047012350
29,Thứ 5,05/10/2017,,"1,3,14,19,35,41",20,01 03 14 19 35 41 | ĐB 20,Power_6/55,https://www.minhchinh.com/xs-power-655-ket-qua-power-655-ngay-05-10-2017.html,05/10/2017,62814288900,3851562100
28,Thứ 3,03/10/2017,,"21,31,35,41,46,50",23,21 31 35 41 46 50 | ĐB 23,Power_6/55,https://www.minhchinh.com/xs-power-655-ket-qua-power-655-ngay-03-10-2017.html,03/10/2017,61575921300,3713965700
27,Thứ 7,30/09/2017,,"4,17,23,25,34,46",24,04 17 23 25 34 46 | ĐB 24,Power_6/55,https://www.minhchinh.com/xs-power-655-ket-qua-power-655-ngay-30-09-2017.html,30/09/2017,60155334750,3556122750
26,Thứ 5,28/09/2017,,"20,27,28,31,39,47",10,20 27 28 31 39 47 | ĐB 10,Power_6/55,https://www.minhchinh.com/xs-power-655-ket-qua-power-655-ngay-28-09-2017.html,28/09/2017,59174588100,3447150900
25,Thứ 3,26/09/2017,,"14,15,18,30,36,49",19,14 15 18 30 36 49 | ĐB 19,Power_6/55,https://www.minhchinh.com/xs-power-655-ket-qua-power-655-ngay-26-09-2017.html,26/09/2017,57928236150,3308667350
24,Thứ 5,21/09/2017,,"9,12,16,24,43,51",39,09 12 16 24 43 51 | ĐB 39,Power_6/55,https://www.minhchinh.com/xs-power-655-ket-qua-power-655-ngay-21-09-2017.html,21/09/2017,55150230000,5794470000
23,Thứ 3,19/09/2017,,"3,32,36,41,44,53",45,03 32 36 41 44 53 | ĐB 45,Power_6/55,https://www.minhchinh.com/xs-power-655-ket-qua-power-655-ngay-19-09-2017.html,19/09/2017,54239944350,5693327150
22,Thứ 5,14/09/2017,,"22,23,32,43,44,51",15,22 23 32 43 44 51 | ĐB 15,Power_6/55,https://www.minhchinh.com/xs-power-655-ket-qua-power-655-ngay-14-09-2017.html,14/09/2017,52263240150,5473693350
21,Thứ 3,12/09/2017,,"6,10,12,47,48,51",35,06 10 12 47 48 51 | ĐB 35,Power_6/55,https://www.minhchinh.com/xs-power-655-ket-qua-power-655-ngay-12-09-2017.html,12/09/2017,51063730500,5340414500
20,Thứ 5,07/09/2017,,"4,18,22,31,32,40",8,04 18 22 31 32 40 | ĐB 08,Power_6/55,https://www.minhchinh.com/xs-power-655-ket-qua-power-655-ngay-07-09-2017.html,07/09/2017,48190895850,5021210650
19,Thứ 3,05/09/2017,,"1,2,8,13,23,39",9,01 02 08 13 23 39 | ĐB 09,Power_6/55,https://www.minhchinh.com/xs-power-655-ket-qua-power-655-ngay-05-09-2017.html,05/09/2017,46972594200,4885843800
18,Thứ 5,31/08/2017,,"8,20,27,35,36,47",18,08 20 27 35 36 47 | ĐB 18,Power_6/55,https://www.minhchinh.com/xs-power-655-ket-qua-power-655-ngay-31-08-2017.html,31/08/2017,45086515950,4676279550
17,Thứ 3,29/08/2017,,"4,12,15,23,24,41",44,04 12 15 23 24 41 | ĐB 44,Power_6/55,https://www.minhchinh.com/xs-power-655-ket-qua-power-655-ngay-29-08-2017.html,29/08/2017,43925548800,4547283200
16,Thứ 7,26/08/2017,,"17,25,30,31,36,41",20,17 25 30 31 36 41 | ĐB 20,Power_6/55,https://www.minhchinh.com/xs-power-655-ket-qua-power-655-ngay-26-08-2017.html,26/08/2017,42705608250,4411734250
15,Thứ 5,24/08/2017,,"5,16,18,37,42,46",10,05 16 18 37 42 46 | ĐB 10,Power_6/55,https://www.minhchinh.com/xs-power-655-ket-qua-power-655-ngay-24-08-2017.html,24/08/2017,41355943950,4261771550
14,Thứ 3,22/08/2017,,"10,24,31,32,38,44",14,10 24 31 32 38 44 | ĐB 14,Power_6/55,https://www.minhchinh.com/xs-power-655-ket-qua-power-655-ngay-22-08-2017.html,22/08/2017,40231270200,4136807800
13,Thứ 7,19/08/2017,,"7,11,13,15,26,51",36,07 11 13 15 26 51 | ĐB 36,Power_6/55,https://www.minhchinh.com/xs-power-655-ket-qua-power-655-ngay-19-08-2017.html,19/08/2017,38842141350,3982460150
12,Thứ 5,17/08/2017,,"11,12,20,30,32,34",53,11 12 20 30 32 34 | ĐB 53,Power_6/55,https://www.minhchinh.com/xs-power-655-ket-qua-power-655-ngay-17-08-2017.html,17/08/2017,37754634900,3861626100
11,Thứ 3,15/08/2017,,"7,11,19,32,33,51",30,07 11 19 32 33 51 | ĐB 30,Power_6/55,https://www.minhchinh.com/xs-power-655-ket-qua-power-655-ngay-15-08-2017.html,15/08/2017,36713676000,3745964000
10,Thứ 7,12/08/2017,,"6,16,20,32,38,51",34,06 16 20 32 38 51 | ĐB 34,Power_6/55,https://www.minhchinh.com/xs-power-655-ket-qua-power-655-ngay-12-08-2017.html,12/08/2017,35666199750,3629577750
9,Thứ 5,10/08/2017,,"10,11,19,41,50,54",3,10 11 19 41 50 54 | ĐB 03,Power_6/55,https://www.minhchinh.com/xs-power-655-ket-qua-power-655-ngay-10-08-2017.html,10/08/2017,34588091550,3509787950
8,Thứ 3,08/08/2017,,"19,36,39,41,46,51",38,19 36 39 41 46 51 | ĐB 38,Power_6/55,https://www.minhchinh.com/xs-power-655-ket-qua-power-655-ngay-08-08-2017.html,08/08/2017,33415353750,3379483750
7,Thứ 7,05/08/2017,,"1,5,11,32,40,45",43,01 05 11 32 40 45 | ĐB 43,Power_6/55,https://www.minhchinh.com/xs-power-655-ket-qua-power-655-ngay-05-08-2017.html,05/08/2017,31903413600,3211490400
6,Thứ 5,03/08/2017,,"4,9,24,25,27,45",40,04 09 24 25 27 45 | ĐB 40,Power_6/55,https://www.minhchinh.com/xs-power-655-ket-qua-power-655-ngay-03-08-2017.html,03/08/2017,31024813350,3113868150
5,Thứ 3,01/08/2017,,"5,10,14,23,24,38",35,05 10 14 23 24 38 | ĐB 35,Power_6/55,https://www.minhchinh.com/xs-power-655-ket-qua-power-655-ngay-01-08-2017.html,01/08/2017,30528493950,3058721550
