Kỳ,Thứ,Ngày,Giờ,Bộ Số,ĐB,Link cập nhật,Ngày cập nhật,Giải Đặc biệt (VNĐ),Nổ
926,Chủ Nhật,04/10/2026,21:00,"7,16,30,31,33",2,https://www.minhchinh.com/xs-lotto-535-ket-qua-lotto-535-ngay-04-10-2026.html,04/10/2026,8479915000,
925,Chủ Nhật,04/10/2026,13:00,"2,19,22,32,35",4,https://www.minhchinh.com/xs-lotto-535-ket-qua-lotto-535-ngay-04-10-2026.html,04/10/2026,8239950000,
924,Thứ 7,03/10/2026,21:00,"10,12,29,33,35",7,https://www.minhchinh.com/xs-lotto-535-ket-qua-lotto-535-ngay-03-10-2026.html,03/10/2026,8077910000,
923,Thứ 7,03/10/2026,13:00,"1,10,13,15,17",5,https://www.minhchinh.com/xs-lotto-535-ket-qua-lotto-535-ngay-03-10-2026.html,03/10/2026,7911320000,
922,Thứ 6,02/10/2026,21:00,"5,7,10,11,34",8,https://www.minhchinh.com/xs-lotto-535-ket-qua-lotto-535-ngay-02-10-2026.html,02/10/2026,7749247500,
921,Thứ 6,02/10/2026,13:00,"6,23,30,32,34",9,https://www.minhchinh.com/xs-lotto-535-ket-qua-lotto-535-ngay-02-10-2026.html,02/10/2026,7646177500,
920,Thứ 5,01/10/2026,21:00,"7,11,24,28,34",11,https://www.minhchinh.com/xs-lotto-535-ket-qua-lotto-535-ngay-01-10-2026.html,01/10/2026,7557832500,
919,Thứ 5,01/10/2026,13:00,"1,8,10,24,32",3,https://www.minhchinh.com/xs-lotto-535-ket-qua-lotto-535-ngay-01-10-2026.html,01/10/2026,7383105000,
918,Thứ 4,30/09/2026,21:00,"2,14,17,18,21",8,https://www.minhchinh.com/xs-lotto-535-ket-qua-lotto-535-ngay-30-09-2026.html,30/09/2026,7267997500,
917,Thứ 4,30/09/2026,13:00,"2,6,12,33,35",2,https://www.minhchinh.com/xs-lotto-535-ket-qua-lotto-535-ngay-30-09-2026.html,30/09/2026,7107067500,
916,Thứ 3,29/09/2026,21:00,"11,13,14,20,25",12,https://www.minhchinh.com/xs-lotto-535-ket-qua-lotto-535-ngay-29-09-2026.html,29/09/2026,6942450000,
915,Thứ 3,29/09/2026,13:00,"5,8,22,28,30",10,https://www.minhchinh.com/xs-lotto-535-ket-qua-lotto-535-ngay-29-09-2026.html,29/09/2026,6805077500,
914,Thứ 2,28/09/2026,21:00,"8,11,12,32,34",5,https://www.minhchinh.com/xs-lotto-535-ket-qua-lotto-535-ngay-28-09-2026.html,28/09/2026,6676265000,
913,Thứ 2,28/09/2026,13:00,"2,7,9,14,28",3,https://www.minhchinh.com/xs-lotto-535-ket-qua-lotto-535-ngay-28-09-2026.html,28/09/2026,6464527500,
912,Chủ Nhật,27/09/2026,21:00,"7,11,16,22,30",5,https://www.minhchinh.com/xs-lotto-535-ket-qua-lotto-535-ngay-27-09-2026.html,27/09/2026,6331475000,
911,Chủ Nhật,27/09/2026,13:00,"3,15,33,34,35",3,https://www.minhchinh.com/xs-lotto-535-ket-qua-lotto-535-ngay-27-09-2026.html,27/09/2026,6189822500,
910,Thứ 7,26/09/2026,21:00,"11,15,20,30,33",8,https://www.minhchinh.com/xs-lotto-535-ket-qua-lotto-535-ngay-26-09-2026.html,26/09/2026,6078800000,
909,Thứ 7,26/09/2026,13:00,"7,10,14,17,35",11,https://www.minhchinh.com/xs-lotto-535-ket-qua-lotto-535-ngay-26-09-2026.html,26/09/2026,7739315000,ĐB
908,Thứ 6,25/09/2026,21:00,"4,10,23,25,30",1,https://www.minhchinh.com/xs-lotto-535-ket-qua-lotto-535-ngay-25-09-2026.html,25/09/2026,7596787500,
907,Thứ 6,25/09/2026,13:00,"2,13,21,28,34",5,https://www.minhchinh.com/xs-lotto-535-ket-qua-lotto-535-ngay-25-09-2026.html,25/09/2026,7351742500,
906,Thứ 5,24/09/2026,21:00,"18,20,29,30,31",4,https://www.minhchinh.com/xs-lotto-535-ket-qua-lotto-535-ngay-24-09-2026.html,24/09/2026,7243945000,
905,Thứ 5,24/09/2026,13:00,"4,8,19,27,32",6,https://www.minhchinh.com/xs-lotto-535-ket-qua-lotto-535-ngay-24-09-2026.html,24/09/2026,7033582500,
904,Thứ 4,23/09/2026,21:00,"9,11,14,31,34",8,https://www.minhchinh.com/xs-lotto-535-ket-qua-lotto-535-ngay-23-09-2026.html,23/09/2026,6957800000,
903,Thứ 4,23/09/2026,13:00,"5,7,8,12,16",8,https://www.minhchinh.com/xs-lotto-535-ket-qua-lotto-535-ngay-23-09-2026.html,23/09/2026,6803467500,
902,Thứ 3,22/09/2026,21:00,"3,11,24,30,32",2,https://www.minhchinh.com/xs-lotto-535-ket-qua-lotto-535-ngay-22-09-2026.html,22/09/2026,6713807500,
901,Thứ 3,22/09/2026,13:00,"8,12,20,25,30",3,https://www.minhchinh.com/xs-lotto-535-ket-qua-lotto-535-ngay-22-09-2026.html,22/09/2026,6528075000,
900,Thứ 2,21/09/2026,21:00,"18,21,23,28,33",10,https://www.minhchinh.com/xs-lotto-535-ket-qua-lotto-535-ngay-21-09-2026.html,21/09/2026,6467980000,
899,Thứ 2,21/09/2026,13:00,"3,10,15,20,35",2,https://www.minhchinh.com/xs-lotto-535-ket-qua-lotto-535-ngay-21-09-2026.html,21/09/2026,6302750000,
898,Chủ Nhật,20/09/2026,21:00,"2,13,21,27,30",6,https://www.minhchinh.com/xs-lotto-535-ket-qua-lotto-535-ngay-20-09-2026.html,20/09/2026,6191545000,
897,Chủ Nhật,20/09/2026,13:00,"3,8,9,29,31",4,https://www.minhchinh.com/xs-lotto-535-ket-qua-lotto-535-ngay-20-09-2026.html,20/09/2026,6079825000,
896,Thứ 7,19/09/2026,21:00,"10,14,22,27,34",4,https://www.minhchinh.com/xs-lotto-535-ket-qua-lotto-535-ngay-19-09-2026.html,19/09/2026,6212370000,ĐB
895,Thứ 7,19/09/2026,13:00,"6,7,11,19,31",10,https://www.minhchinh.com/xs-lotto-535-ket-qua-lotto-535-ngay-19-09-2026.html,19/09/2026,6064320000,
894,Thứ 6,18/09/2026,21:00,"2,6,18,24,35",4,https://www.minhchinh.com/xs-lotto-535-ket-qua-lotto-535-ngay-18-09-2026.html,18/09/2026,9644186000,ĐB
893,Thứ 6,18/09/2026,13:00,"6,14,28,30,31",11,https://www.minhchinh.com/xs-lotto-535-ket-qua-lotto-535-ngay-18-09-2026.html,18/09/2026,8836332500,
892,Thứ 5,17/09/2026,21:00,"2,10,16,19,27",7,https://www.minhchinh.com/xs-lotto-535-ket-qua-lotto-535-ngay-17-09-2026.html,17/09/2026,8668725000,
891,Thứ 5,17/09/2026,13:00,"5,22,25,30,35",9,https://www.minhchinh.com/xs-lotto-535-ket-qua-lotto-535-ngay-17-09-2026.html,17/09/2026,8597762500,
890,Thứ 4,16/09/2026,21:00,"19,22,30,31,35",1,https://www.minhchinh.com/xs-lotto-535-ket-qua-lotto-535-ngay-16-09-2026.html,16/09/2026,8465950000,
889,Thứ 4,16/09/2026,13:00,"15,16,25,27,33",12,https://www.minhchinh.com/xs-lotto-535-ket-qua-lotto-535-ngay-16-09-2026.html,16/09/2026,8113800000,
888,Thứ 3,15/09/2026,21:00,"1,8,13,19,29",10,https://www.minhchinh.com/xs-lotto-535-ket-qua-lotto-535-ngay-15-09-2026.html,15/09/2026,7956115000,
887,Thứ 3,15/09/2026,13:00,"15,19,27,33,35",4,https://www.minhchinh.com/xs-lotto-535-ket-qua-lotto-535-ngay-15-09-2026.html,15/09/2026,7711947500,
886,Thứ 2,14/09/2026,21:00,"6,10,15,22,28",5,https://www.minhchinh.com/xs-lotto-535-ket-qua-lotto-535-ngay-14-09-2026.html,14/09/2026,7560817500,
885,Thứ 2,14/09/2026,13:00,"7,9,16,19,27",10,https://www.minhchinh.com/xs-lotto-535-ket-qua-lotto-535-ngay-14-09-2026.html,14/09/2026,7435230000,
884,Chủ Nhật,13/09/2026,21:00,"4,10,17,21,23",2,https://www.minhchinh.com/xs-lotto-535-ket-qua-lotto-535-ngay-13-09-2026.html,13/09/2026,7306810000,
883,Chủ Nhật,13/09/2026,13:00,"1,7,29,32,34",2,https://www.minhchinh.com/xs-lotto-535-ket-qua-lotto-535-ngay-13-09-2026.html,13/09/2026,7049932500,
882,Thứ 7,12/09/2026,21:00,"6,11,13,22,25",8,https://www.minhchinh.com/xs-lotto-535-ket-qua-lotto-535-ngay-12-09-2026.html,12/09/2026,6874565000,
881,Thứ 7,12/09/2026,13:00,"5,6,10,20,30",6,https://www.minhchinh.com/xs-lotto-535-ket-qua-lotto-535-ngay-12-09-2026.html,12/09/2026,6773295000,
880,Thứ 6,11/09/2026,21:00,"4,5,13,27,32",2,https://www.minhchinh.com/xs-lotto-535-ket-qua-lotto-535-ngay-11-09-2026.html,11/09/2026,6685467500,
879,Thứ 6,11/09/2026,13:00,"8,15,16,22,27",3,https://www.minhchinh.com/xs-lotto-535-ket-qua-lotto-535-ngay-11-09-2026.html,11/09/2026,6452600000,
878,Thứ 5,10/09/2026,21:00,"16,22,26,27,34",12,https://www.minhchinh.com/xs-lotto-535-ket-qua-lotto-535-ngay-10-09-2026.html,10/09/2026,6334825000,
877,Thứ 5,10/09/2026,13:00,"2,3,10,15,27",3,https://www.minhchinh.com/xs-lotto-535-ket-qua-lotto-535-ngay-10-09-2026.html,10/09/2026,6113680000,
876,Thứ 4,09/09/2026,21:00,"8,19,27,30,34",2,https://www.minhchinh.com/xs-lotto-535-ket-qua-lotto-535-ngay-09-09-2026.html,09/09/2026,6302387500,ĐB
875,Thứ 4,09/09/2026,13:00,"4,7,9,13,33",5,https://www.minhchinh.com/xs-lotto-535-ket-qua-lotto-535-ngay-09-09-2026.html,09/09/2026,6135415000,
874,Thứ 3,08/09/2026,21:00,"4,7,14,16,23",10,https://www.minhchinh.com/xs-lotto-535-ket-qua-lotto-535-ngay-08-09-2026.html,08/09/2026,35959161000,
873,Thứ 3,08/09/2026,13:00,"6,7,17,19,28",1,https://www.minhchinh.com/xs-lotto-535-ket-qua-lotto-535-ngay-08-09-2026.html,08/09/2026,17394994500,
872,Thứ 2,07/09/2026,21:00,"16,17,18,20,32",2,https://www.minhchinh.com/xs-lotto-535-ket-qua-lotto-535-ngay-07-09-2026.html,07/09/2026,14964268000,
871,Thứ 2,07/09/2026,13:00,"9,10,15,27,35",11,https://www.minhchinh.com/xs-lotto-535-ket-qua-lotto-535-ngay-07-09-2026.html,07/09/2026,12309874500,
870,Chủ Nhật,06/09/2026,21:00,"11,13,20,23,24",1,https://www.minhchinh.com/xs-lotto-535-ket-qua-lotto-535-ngay-06-09-2026.html,06/09/2026,11096482000,
869,Chủ Nhật,06/09/2026,13:00,"12,16,18,20,29",8,https://www.minhchinh.com/xs-lotto-535-ket-qua-lotto-535-ngay-06-09-2026.html,06/09/2026,10084252500,
868,Thứ 7,05/09/2026,21:00,"9,15,20,22,26",2,https://www.minhchinh.com/xs-lotto-535-ket-qua-lotto-535-ngay-05-09-2026.html,05/09/2026,9952807500,
867,Thứ 7,05/09/2026,13:00,"3,11,12,18,35",7,https://www.minhchinh.com/xs-lotto-535-ket-qua-lotto-535-ngay-05-09-2026.html,05/09/2026,9712932500,
866,Thứ 6,04/09/2026,21:00,"13,16,20,23,25",11,https://www.minhchinh.com/xs-lotto-535-ket-qua-lotto-535-ngay-04-09-2026.html,04/09/2026,9599157500,
865,Thứ 6,04/09/2026,13:00,"2,13,19,22,31",1,https://www.minhchinh.com/xs-lotto-535-ket-qua-lotto-535-ngay-04-09-2026.html,04/09/2026,9367647500,
864,Thứ 5,03/09/2026,21:00,"7,17,23,24,27",3,https://www.minhchinh.com/xs-lotto-535-ket-qua-lotto-535-ngay-03-09-2026.html,03/09/2026,9142685000,
863,Thứ 5,03/09/2026,13:00,"2,15,23,24,30",12,https://www.minhchinh.com/xs-lotto-535-ket-qua-lotto-535-ngay-03-09-2026.html,03/09/2026,8936172500,
862,Thứ 4,02/09/2026,21:00,"6,7,9,11,32",12,https://www.minhchinh.com/xs-lotto-535-ket-qua-lotto-535-ngay-02-09-2026.html,02/09/2026,8749450000,
861,Thứ 4,02/09/2026,13:00,"7,11,18,26,29",6,https://www.minhchinh.com/xs-lotto-535-ket-qua-lotto-535-ngay-02-09-2026.html,02/09/2026,8511787500,
860,Thứ 3,01/09/2026,21:00,"3,4,6,15,22",9,https://www.minhchinh.com/xs-lotto-535-ket-qua-lotto-535-ngay-01-09-2026.html,01/09/2026,8405040000,
859,Thứ 3,01/09/2026,13:00,"9,18,20,27,34",12,https://www.minhchinh.com/xs-lotto-535-ket-qua-lotto-535-ngay-01-09-2026.html,01/09/2026,8210782500,
858,Thứ 2,31/08/2026,21:00,"1,5,25,27,28",12,https://www.minhchinh.com/xs-lotto-535-ket-qua-lotto-535-ngay-31-08-2026.html,31/08/2026,8029497500,
857,Thứ 2,31/08/2026,13:00,"4,11,13,18,27",1,https://www.minhchinh.com/xs-lotto-535-ket-qua-lotto-535-ngay-31-08-2026.html,31/08/2026,7724512500,
856,Chủ Nhật,30/08/2026,21:00,"13,15,17,26,30",10,https://www.minhchinh.com/xs-lotto-535-ket-qua-lotto-535-ngay-30-08-2026.html,30/08/2026,7563375000,
855,Chủ Nhật,30/08/2026,13:00,"2,4,12,21,28",7,https://www.minhchinh.com/xs-lotto-535-ket-qua-lotto-535-ngay-30-08-2026.html,30/08/2026,7398537500,
854,Thứ 7,29/08/2026,21:00,"6,7,12,18,20",9,https://www.minhchinh.com/xs-lotto-535-ket-qua-lotto-535-ngay-29-08-2026.html,29/08/2026,7263527500,
853,Thứ 7,29/08/2026,13:00,"2,26,27,32,34",8,https://www.minhchinh.com/xs-lotto-535-ket-qua-lotto-535-ngay-29-08-2026.html,29/08/2026,7092045000,
852,Thứ 6,28/08/2026,21:00,"11,17,28,29,34",9,https://www.minhchinh.com/xs-lotto-535-ket-qua-lotto-535-ngay-28-08-2026.html,28/08/2026,7046272500,
851,Thứ 6,28/08/2026,13:00,"12,17,18,21,28",6,https://www.minhchinh.com/xs-lotto-535-ket-qua-lotto-535-ngay-28-08-2026.html,28/08/2026,6922837500,
850,Thứ 5,27/08/2026,21:00,"9,10,21,33,34",2,https://www.minhchinh.com/xs-lotto-535-ket-qua-lotto-535-ngay-27-08-2026.html,27/08/2026,6823532500,
849,Thứ 5,27/08/2026,13:00,"1,3,8,11,33",6,https://www.minhchinh.com/xs-lotto-535-ket-qua-lotto-535-ngay-27-08-2026.html,27/08/2026,6640125000,
848,Thứ 4,26/08/2026,21:00,"3,19,20,25,35",7,https://www.minhchinh.com/xs-lotto-535-ket-qua-lotto-535-ngay-26-08-2026.html,26/08/2026,6532605000,
847,Thứ 4,26/08/2026,13:00,"3,10,12,26,30",7,https://www.minhchinh.com/xs-lotto-535-ket-qua-lotto-535-ngay-26-08-2026.html,26/08/2026,6353387500,
846,Thứ 3,25/08/2026,21:00,"8,9,13,15,16",7,https://www.minhchinh.com/xs-lotto-535-ket-qua-lotto-535-ngay-25-08-2026.html,25/08/2026,6249480000,
845,Thứ 3,25/08/2026,13:00,"13,14,16,20,31",5,https://www.minhchinh.com/xs-lotto-535-ket-qua-lotto-535-ngay-25-08-2026.html,25/08/2026,6098220000,
844,Thứ 2,24/08/2026,21:00,"1,7,13,24,33",11,https://www.minhchinh.com/xs-lotto-535-ket-qua-lotto-535-ngay-24-08-2026.html,24/08/2026,6350095000,ĐB
843,Thứ 2,24/08/2026,13:00,"1,21,22,24,25",5,https://www.minhchinh.com/xs-lotto-535-ket-qua-lotto-535-ngay-24-08-2026.html,24/08/2026,6134130000,
842,Chủ Nhật,23/08/2026,21:00,"3,5,13,26,34",3,https://www.minhchinh.com/xs-lotto-535-ket-qua-lotto-535-ngay-23-08-2026.html,23/08/2026,6143035000,ĐB
841,Chủ Nhật,23/08/2026,13:00,"2,6,12,15,24",9,https://www.minhchinh.com/xs-lotto-535-ket-qua-lotto-535-ngay-23-08-2026.html,23/08/2026,6078685000,
840,Thứ 7,22/08/2026,21:00,"9,16,28,30,31",7,https://www.minhchinh.com/xs-lotto-535-ket-qua-lotto-535-ngay-22-08-2026.html,22/08/2026,7852282500,ĐB
839,Thứ 7,22/08/2026,13:00,"1,3,14,32,35",12,https://www.minhchinh.com/xs-lotto-535-ket-qua-lotto-535-ngay-22-08-2026.html,22/08/2026,7701940000,
838,Thứ 6,21/08/2026,21:00,"2,10,11,13,22",4,https://www.minhchinh.com/xs-lotto-535-ket-qua-lotto-535-ngay-21-08-2026.html,21/08/2026,7468232500,
837,Thứ 6,21/08/2026,13:00,"12,13,19,23,30",11,https://www.minhchinh.com/xs-lotto-535-ket-qua-lotto-535-ngay-21-08-2026.html,21/08/2026,7262195000,
836,Thứ 5,20/08/2026,21:00,"2,16,18,22,35",10,https://www.minhchinh.com/xs-lotto-535-ket-qua-lotto-535-ngay-20-08-2026.html,20/08/2026,7120130000,
835,Thứ 5,20/08/2026,13:00,"8,15,23,27,30",1,https://www.minhchinh.com/xs-lotto-535-ket-qua-lotto-535-ngay-20-08-2026.html,20/08/2026,6913485000,
834,Thứ 4,19/08/2026,21:00,"1,19,28,29,31",12,https://www.minhchinh.com/xs-lotto-535-ket-qua-lotto-535-ngay-19-08-2026.html,19/08/2026,6792567500,
833,Thứ 4,19/08/2026,13:00,"1,8,22,26,34",9,https://www.minhchinh.com/xs-lotto-535-ket-qua-lotto-535-ngay-19-08-2026.html,19/08/2026,6549600000,
832,Thứ 3,18/08/2026,21:00,"5,10,25,26,35",5,https://www.minhchinh.com/xs-lotto-535-ket-qua-lotto-535-ngay-18-08-2026.html,18/08/2026,6418072500,
831,Thứ 3,18/08/2026,13:00,"3,16,21,29,35",5,https://www.minhchinh.com/xs-lotto-535-ket-qua-lotto-535-ngay-18-08-2026.html,18/08/2026,6276292500,
830,Thứ 2,17/08/2026,21:00,"3,9,13,22,30",7,https://www.minhchinh.com/xs-lotto-535-ket-qua-lotto-535-ngay-17-08-2026.html,17/08/2026,6146145000,
829,Thứ 2,17/08/2026,13:00,"7,13,19,32,33",11,https://www.minhchinh.com/xs-lotto-535-ket-qua-lotto-535-ngay-17-08-2026.html,17/08/2026,6964397500,ĐB
828,Chủ Nhật,16/08/2026,21:00,"3,17,19,26,34",9,https://www.minhchinh.com/xs-lotto-535-ket-qua-lotto-535-ngay-16-08-2026.html,16/08/2026,6844345000,
827,Chủ Nhật,16/08/2026,13:00,"9,20,24,30,33",2,https://www.minhchinh.com/xs-lotto-535-ket-qua-lotto-535-ngay-16-08-2026.html,16/08/2026,6714007500,
826,Thứ 7,15/08/2026,21:00,"8,10,17,20,28",9,https://www.minhchinh.com/xs-lotto-535-ket-qua-lotto-535-ngay-15-08-2026.html,15/08/2026,6572597500,
825,Thứ 7,15/08/2026,13:00,"2,3,6,16,35",7,https://www.minhchinh.com/xs-lotto-535-ket-qua-lotto-535-ngay-15-08-2026.html,15/08/2026,6475982500,
824,Thứ 6,14/08/2026,21:00,"3,5,7,25,33",9,https://www.minhchinh.com/xs-lotto-535-ket-qua-lotto-535-ngay-14-08-2026.html,14/08/2026,6356815000,
823,Thứ 6,14/08/2026,13:00,"4,9,21,22,34",9,https://www.minhchinh.com/xs-lotto-535-ket-qua-lotto-535-ngay-14-08-2026.html,14/08/2026,6219315000,
822,Thứ 5,13/08/2026,21:00,"1,7,17,26,32",7,https://www.minhchinh.com/xs-lotto-535-ket-qua-lotto-535-ngay-13-08-2026.html,13/08/2026,6172970000,
821,Thứ 5,13/08/2026,13:00,"8,13,15,23,34",2,https://www.minhchinh.com/xs-lotto-535-ket-qua-lotto-535-ngay-13-08-2026.html,13/08/2026,6137967500,
820,Thứ 4,12/08/2026,21:00,"13,18,20,23,32",2,https://www.minhchinh.com/xs-lotto-535-ket-qua-lotto-535-ngay-12-08-2026.html,12/08/2026,11331397000,ĐB
819,Thứ 4,12/08/2026,13:00,"7,9,17,22,33",3,https://www.minhchinh.com/xs-lotto-535-ket-qua-lotto-535-ngay-12-08-2026.html,12/08/2026,10010842000,
818,Thứ 3,11/08/2026,21:00,"11,14,15,21,28",10,https://www.minhchinh.com/xs-lotto-535-ket-qua-lotto-535-ngay-11-08-2026.html,11/08/2026,9237137000,
817,Thứ 3,11/08/2026,13:00,"15,21,22,32,33",11,https://www.minhchinh.com/xs-lotto-535-ket-qua-lotto-535-ngay-11-08-2026.html,11/08/2026,8246424000,
816,Thứ 2,10/08/2026,21:00,"2,8,22,23,30",12,https://www.minhchinh.com/xs-lotto-535-ket-qua-lotto-535-ngay-10-08-2026.html,10/08/2026,7647502500,
815,Thứ 2,10/08/2026,13:00,"23,25,28,31,35",3,https://www.minhchinh.com/xs-lotto-535-ket-qua-lotto-535-ngay-10-08-2026.html,10/08/2026,7369132500,
814,Chủ Nhật,09/08/2026,21:00,"1,16,19,29,33",1,https://www.minhchinh.com/xs-lotto-535-ket-qua-lotto-535-ngay-09-08-2026.html,09/08/2026,7195025000,
813,Chủ Nhật,09/08/2026,13:00,"4,13,21,23,28",1,https://www.minhchinh.com/xs-lotto-535-ket-qua-lotto-535-ngay-09-08-2026.html,09/08/2026,6947972500,
812,Thứ 7,08/08/2026,21:00,"6,10,13,14,19",8,https://www.minhchinh.com/xs-lotto-535-ket-qua-lotto-535-ngay-08-08-2026.html,08/08/2026,6755015000,
811,Thứ 7,08/08/2026,13:00,"3,12,19,29,30",7,https://www.minhchinh.com/xs-lotto-535-ket-qua-lotto-535-ngay-08-08-2026.html,08/08/2026,6648422500,
810,Thứ 6,07/08/2026,21:00,"2,4,7,18,29",10,https://www.minhchinh.com/xs-lotto-535-ket-qua-lotto-535-ngay-07-08-2026.html,07/08/2026,6524662500,
809,Thứ 6,07/08/2026,13:00,"4,11,13,20,35",4,https://www.minhchinh.com/xs-lotto-535-ket-qua-lotto-535-ngay-07-08-2026.html,07/08/2026,6363020000,
808,Thứ 5,06/08/2026,21:00,"3,6,9,11,21",5,https://www.minhchinh.com/xs-lotto-535-ket-qua-lotto-535-ngay-06-08-2026.html,06/08/2026,6229157500,
807,Thứ 5,06/08/2026,13:00,"10,15,19,21,23",7,https://www.minhchinh.com/xs-lotto-535-ket-qua-lotto-535-ngay-06-08-2026.html,06/08/2026,6126140000,
806,Thứ 4,05/08/2026,21:00,"2,4,12,22,33",8,https://www.minhchinh.com/xs-lotto-535-ket-qua-lotto-535-ngay-05-08-2026.html,05/08/2026,24994046000,
805,Thứ 4,05/08/2026,13:00,"10,13,15,16,26",6,https://www.minhchinh.com/xs-lotto-535-ket-qua-lotto-535-ngay-05-08-2026.html,05/08/2026,14537041000,
804,Thứ 3,04/08/2026,21:00,"7,9,17,24,34",3,https://www.minhchinh.com/xs-lotto-535-ket-qua-lotto-535-ngay-04-08-2026.html,04/08/2026,12775362000,
803,Thứ 3,04/08/2026,13:00,"6,14,15,19,34",3,https://www.minhchinh.com/xs-lotto-535-ket-qua-lotto-535-ngay-04-08-2026.html,04/08/2026,11225384000,
802,Thứ 2,03/08/2026,21:00,"2,18,23,31,33",2,https://www.minhchinh.com/xs-lotto-535-ket-qua-lotto-535-ngay-03-08-2026.html,03/08/2026,10332639000,
801,Thứ 2,03/08/2026,13:00,"2,9,12,21,25",10,https://www.minhchinh.com/xs-lotto-535-ket-qua-lotto-535-ngay-03-08-2026.html,03/08/2026,8999212000,
800,Chủ Nhật,02/08/2026,21:00,"11,18,26,28,31",12,https://www.minhchinh.com/xs-lotto-535-ket-qua-lotto-535-ngay-02-08-2026.html,02/08/2026,8798150000,
799,Chủ Nhật,02/08/2026,13:00,"7,9,32,33,35",9,https://www.minhchinh.com/xs-lotto-535-ket-qua-lotto-535-ngay-02-08-2026.html,02/08/2026,8613972500,
798,Thứ 7,01/08/2026,21:00,"6,9,20,23,33",10,https://www.minhchinh.com/xs-lotto-535-ket-qua-lotto-535-ngay-01-08-2026.html,01/08/2026,8513092500,
797,Thứ 7,01/08/2026,13:00,"5,8,13,32,34",4,https://www.minhchinh.com/xs-lotto-535-ket-qua-lotto-535-ngay-01-08-2026.html,01/08/2026,8374067500,
796,Thứ 6,31/07/2026,21:00,"15,17,21,28,29",8,https://www.minhchinh.com/xs-lotto-535-ket-qua-lotto-535-ngay-31-07-2026.html,31/07/2026,8228402500,
795,Thứ 6,31/07/2026,13:00,"2,21,27,28,33",3,https://www.minhchinh.com/xs-lotto-535-ket-qua-lotto-535-ngay-31-07-2026.html,31/07/2026,8093717500,
794,Thứ 5,30/07/2026,21:00,"5,12,24,28,34",3,https://www.minhchinh.com/xs-lotto-535-ket-qua-lotto-535-ngay-30-07-2026.html,30/07/2026,7925682500,
793,Thứ 5,30/07/2026,13:00,"4,10,11,16,18",3,https://www.minhchinh.com/xs-lotto-535-ket-qua-lotto-535-ngay-30-07-2026.html,30/07/2026,7787345000,
792,Thứ 4,29/07/2026,21:00,"19,20,22,29,35",3,https://www.minhchinh.com/xs-lotto-535-ket-qua-lotto-535-ngay-29-07-2026.html,29/07/2026,7654652500,
791,Thứ 4,29/07/2026,13:00,"11,15,19,22,25",5,https://www.minhchinh.com/xs-lotto-535-ket-qua-lotto-535-ngay-29-07-2026.html,29/07/2026,7452830000,
790,Thứ 3,28/07/2026,21:00,"7,12,20,21,26",9,https://www.minhchinh.com/xs-lotto-535-ket-qua-lotto-535-ngay-28-07-2026.html,28/07/2026,7377467500,
789,Thứ 3,28/07/2026,13:00,"13,17,23,33,35",10,https://www.minhchinh.com/xs-lotto-535-ket-qua-lotto-535-ngay-28-07-2026.html,28/07/2026,7273267500,
788,Thứ 2,27/07/2026,21:00,"7,16,28,34,35",9,https://www.minhchinh.com/xs-lotto-535-ket-qua-lotto-535-ngay-27-07-2026.html,27/07/2026,7142980000,
787,Thứ 2,27/07/2026,13:00,"10,13,18,21,27",1,https://www.minhchinh.com/xs-lotto-535-ket-qua-lotto-535-ngay-27-07-2026.html,27/07/2026,6998060000,
786,Chủ Nhật,26/07/2026,21:00,"9,13,15,22,32",12,https://www.minhchinh.com/xs-lotto-535-ket-qua-lotto-535-ngay-26-07-2026.html,26/07/2026,6836617500,
785,Chủ Nhật,26/07/2026,13:00,"4,7,10,25,27",9,https://www.minhchinh.com/xs-lotto-535-ket-qua-lotto-535-ngay-26-07-2026.html,26/07/2026,6648750000,
784,Thứ 7,25/07/2026,21:00,"1,5,12,14,23",1,https://www.minhchinh.com/xs-lotto-535-ket-qua-lotto-535-ngay-25-07-2026.html,25/07/2026,6572800000,
783,Thứ 7,25/07/2026,13:00,"2,8,12,14,19",12,https://www.minhchinh.com/xs-lotto-535-ket-qua-lotto-535-ngay-25-07-2026.html,25/07/2026,6356890000,
782,Thứ 6,24/07/2026,21:00,"7,20,29,31,32",2,https://www.minhchinh.com/xs-lotto-535-ket-qua-lotto-535-ngay-24-07-2026.html,24/07/2026,6219655000,
781,Thứ 6,24/07/2026,13:00,"11,13,20,34,35",8,https://www.minhchinh.com/xs-lotto-535-ket-qua-lotto-535-ngay-24-07-2026.html,24/07/2026,6087505000,
780,Thứ 5,23/07/2026,21:00,"4,5,13,26,29",7,https://www.minhchinh.com/xs-lotto-535-ket-qua-lotto-535-ngay-23-07-2026.html,23/07/2026,7860827500,ĐB
779,Thứ 5,23/07/2026,13:00,"9,12,17,25,28",6,https://www.minhchinh.com/xs-lotto-535-ket-qua-lotto-535-ngay-23-07-2026.html,23/07/2026,7702612500,
778,Thứ 4,22/07/2026,21:00,"3,6,22,23,26",4,https://www.minhchinh.com/xs-lotto-535-ket-qua-lotto-535-ngay-22-07-2026.html,22/07/2026,7608510000,
777,Thứ 4,22/07/2026,13:00,"6,14,23,28,30",10,https://www.minhchinh.com/xs-lotto-535-ket-qua-lotto-535-ngay-22-07-2026.html,22/07/2026,7375577500,
776,Thứ 3,21/07/2026,21:00,"6,17,18,33,34",9,https://www.minhchinh.com/xs-lotto-535-ket-qua-lotto-535-ngay-21-07-2026.html,21/07/2026,7235797500,
775,Thứ 3,21/07/2026,13:00,"1,3,4,15,27",12,https://www.minhchinh.com/xs-lotto-535-ket-qua-lotto-535-ngay-21-07-2026.html,21/07/2026,7136920000,
774,Thứ 2,20/07/2026,21:00,"3,12,17,27,35",7,https://www.minhchinh.com/xs-lotto-535-ket-qua-lotto-535-ngay-20-07-2026.html,20/07/2026,6948692500,
773,Thứ 2,20/07/2026,13:00,"3,8,23,27,35",8,https://www.minhchinh.com/xs-lotto-535-ket-qua-lotto-535-ngay-20-07-2026.html,20/07/2026,6751232500,
772,Chủ Nhật,19/07/2026,21:00,"5,23,26,27,28",4,https://www.minhchinh.com/xs-lotto-535-ket-qua-lotto-535-ngay-19-07-2026.html,19/07/2026,6644892500,
771,Chủ Nhật,19/07/2026,13:00,"6,12,14,25,26",7,https://www.minhchinh.com/xs-lotto-535-ket-qua-lotto-535-ngay-19-07-2026.html,19/07/2026,6485587500,
770,Thứ 7,18/07/2026,21:00,"4,15,23,27,28",1,https://www.minhchinh.com/xs-lotto-535-ket-qua-lotto-535-ngay-18-07-2026.html,18/07/2026,6434147500,
769,Thứ 7,18/07/2026,13:00,"2,15,24,30,34",10,https://www.minhchinh.com/xs-lotto-535-ket-qua-lotto-535-ngay-18-07-2026.html,18/07/2026,6258607500,
768,Thứ 6,17/07/2026,21:00,"8,19,28,31,33",12,https://www.minhchinh.com/xs-lotto-535-ket-qua-lotto-535-ngay-17-07-2026.html,17/07/2026,6168577500,
767,Thứ 6,17/07/2026,13:00,"5,7,22,31,33",6,https://www.minhchinh.com/xs-lotto-535-ket-qua-lotto-535-ngay-17-07-2026.html,17/07/2026,6073947500,ĐB
766,Thứ 5,16/07/2026,21:00,"2,4,8,9,32",3,https://www.minhchinh.com/xs-lotto-535-ket-qua-lotto-535-ngay-16-07-2026.html,16/07/2026,8205347500,ĐB
765,Thứ 5,16/07/2026,13:00,"3,17,18,22,29",10,https://www.minhchinh.com/xs-lotto-535-ket-qua-lotto-535-ngay-16-07-2026.html,16/07/2026,7977800000,
764,Thứ 4,15/07/2026,21:00,"5,15,18,19,35",5,https://www.minhchinh.com/xs-lotto-535-ket-qua-lotto-535-ngay-15-07-2026.html,15/07/2026,7847895000,
763,Thứ 4,15/07/2026,13:00,"1,6,11,18,33",8,https://www.minhchinh.com/xs-lotto-535-ket-qua-lotto-535-ngay-15-07-2026.html,15/07/2026,7691107500,
762,Thứ 3,14/07/2026,21:00,"10,18,19,28,33",9,https://www.minhchinh.com/xs-lotto-535-ket-qua-lotto-535-ngay-14-07-2026.html,14/07/2026,7594907500,
761,Thứ 3,14/07/2026,13:00,"1,19,23,31,34",7,https://www.minhchinh.com/xs-lotto-535-ket-qua-lotto-535-ngay-14-07-2026.html,14/07/2026,7420910000,
760,Thứ 2,13/07/2026,21:00,"2,7,9,13,34",5,https://www.minhchinh.com/xs-lotto-535-ket-qua-lotto-535-ngay-13-07-2026.html,13/07/2026,7302447500,
759,Thứ 2,13/07/2026,13:00,"9,11,12,30,35",9,https://www.minhchinh.com/xs-lotto-535-ket-qua-lotto-535-ngay-13-07-2026.html,13/07/2026,7127737500,
758,Chủ Nhật,12/07/2026,21:00,"10,15,22,31,32",12,https://www.minhchinh.com/xs-lotto-535-ket-qua-lotto-535-ngay-12-07-2026.html,12/07/2026,7036960000,
757,Chủ Nhật,12/07/2026,13:00,"14,17,20,21,22",3,https://www.minhchinh.com/xs-lotto-535-ket-qua-lotto-535-ngay-12-07-2026.html,12/07/2026,6804070000,
756,Thứ 7,11/07/2026,21:00,"1,4,11,21,27",11,https://www.minhchinh.com/xs-lotto-535-ket-qua-lotto-535-ngay-11-07-2026.html,11/07/2026,6652382500,
755,Thứ 7,11/07/2026,13:00,"9,11,16,20,33",9,https://www.minhchinh.com/xs-lotto-535-ket-qua-lotto-535-ngay-11-07-2026.html,11/07/2026,6491897500,
754,Thứ 6,10/07/2026,21:00,"9,11,25,29,31",12,https://www.minhchinh.com/xs-lotto-535-ket-qua-lotto-535-ngay-10-07-2026.html,10/07/2026,6442542500,
753,Thứ 6,10/07/2026,13:00,"1,5,10,17,34",6,https://www.minhchinh.com/xs-lotto-535-ket-qua-lotto-535-ngay-10-07-2026.html,10/07/2026,6317747500,
752,Thứ 5,09/07/2026,21:00,"14,19,25,28,30",4,https://www.minhchinh.com/xs-lotto-535-ket-qua-lotto-535-ngay-09-07-2026.html,09/07/2026,6231022500,
751,Thứ 5,09/07/2026,13:00,"6,10,20,25,33",1,https://www.minhchinh.com/xs-lotto-535-ket-qua-lotto-535-ngay-09-07-2026.html,09/07/2026,6088615000,
750,Thứ 4,08/07/2026,21:00,"6,7,15,27,35",5,https://www.minhchinh.com/xs-lotto-535-ket-qua-lotto-535-ngay-08-07-2026.html,08/07/2026,7269262500,ĐB
749,Thứ 4,08/07/2026,13:00,"4,8,11,27,34",6,https://www.minhchinh.com/xs-lotto-535-ket-qua-lotto-535-ngay-08-07-2026.html,08/07/2026,7085537500,
748,Thứ 3,07/07/2026,21:00,"2,8,13,21,29",4,https://www.minhchinh.com/xs-lotto-535-ket-qua-lotto-535-ngay-07-07-2026.html,07/07/2026,7022357500,
747,Thứ 3,07/07/2026,13:00,"11,12,14,29,31",7,https://www.minhchinh.com/xs-lotto-535-ket-qua-lotto-535-ngay-07-07-2026.html,07/07/2026,6840997500,
746,Thứ 2,06/07/2026,21:00,"3,6,10,16,31",2,https://www.minhchinh.com/xs-lotto-535-ket-qua-lotto-535-ngay-06-07-2026.html,06/07/2026,6785747500,
745,Thứ 2,06/07/2026,13:00,"4,22,24,28,31",7,https://www.minhchinh.com/xs-lotto-535-ket-qua-lotto-535-ngay-06-07-2026.html,06/07/2026,6574422500,
744,Chủ Nhật,05/07/2026,21:00,"16,17,24,27,30",3,https://www.minhchinh.com/xs-lotto-535-ket-qua-lotto-535-ngay-05-07-2026.html,05/07/2026,6492915000,
743,Chủ Nhật,05/07/2026,13:00,"11,20,23,27,35",5,https://www.minhchinh.com/xs-lotto-535-ket-qua-lotto-535-ngay-05-07-2026.html,05/07/2026,6316957500,
742,Thứ 7,04/07/2026,21:00,"2,5,15,22,27",3,https://www.minhchinh.com/xs-lotto-535-ket-qua-lotto-535-ngay-04-07-2026.html,04/07/2026,6236925000,
741,Thứ 7,04/07/2026,13:00,"4,22,25,28,35",3,https://www.minhchinh.com/xs-lotto-535-ket-qua-lotto-535-ngay-04-07-2026.html,04/07/2026,6098080000,
740,Thứ 6,03/07/2026,21:00,"5,11,20,30,34",5,https://www.minhchinh.com/xs-lotto-535-ket-qua-lotto-535-ngay-03-07-2026.html,03/07/2026,6656812500,ĐB
739,Thứ 6,03/07/2026,13:00,"3,6,15,20,34",10,https://www.minhchinh.com/xs-lotto-535-ket-qua-lotto-535-ngay-03-07-2026.html,03/07/2026,6497805000,
738,Thứ 5,02/07/2026,21:00,"1,8,11,13,33",5,https://www.minhchinh.com/xs-lotto-535-ket-qua-lotto-535-ngay-02-07-2026.html,02/07/2026,6387047500,
737,Thứ 5,02/07/2026,13:00,"6,8,9,14,31",9,https://www.minhchinh.com/xs-lotto-535-ket-qua-lotto-535-ngay-02-07-2026.html,02/07/2026,6266040000,
736,Thứ 4,01/07/2026,21:00,"4,10,17,21,31",2,https://www.minhchinh.com/xs-lotto-535-ket-qua-lotto-535-ngay-01-07-2026.html,01/07/2026,6167252500,
735,Thứ 4,01/07/2026,13:00,"22,26,27,29,32",10,https://www.minhchinh.com/xs-lotto-535-ket-qua-lotto-535-ngay-01-07-2026.html,01/07/2026,6076897500,
734,Thứ 3,30/06/2026,21:00,"1,12,22,28,35",9,https://www.minhchinh.com/xs-lotto-535-ket-qua-lotto-535-ngay-30-06-2026.html,30/06/2026,24994035000,
733,Thứ 3,30/06/2026,13:00,"5,11,29,32,33",4,https://www.minhchinh.com/xs-lotto-535-ket-qua-lotto-535-ngay-30-06-2026.html,30/06/2026,15711345500,
732,Thứ 2,29/06/2026,21:00,"8,22,27,31,35",2,https://www.minhchinh.com/xs-lotto-535-ket-qua-lotto-535-ngay-29-06-2026.html,29/06/2026,14016671000,
731,Thứ 2,29/06/2026,13:00,"17,19,28,30,34",8,https://www.minhchinh.com/xs-lotto-535-ket-qua-lotto-535-ngay-29-06-2026.html,29/06/2026,12070834000,
730,Chủ Nhật,28/06/2026,21:00,"6,9,14,27,29",1,https://www.minhchinh.com/xs-lotto-535-ket-qua-lotto-535-ngay-28-06-2026.html,28/06/2026,11218190500,
729,Chủ Nhật,28/06/2026,13:00,"3,6,8,10,35",10,https://www.minhchinh.com/xs-lotto-535-ket-qua-lotto-535-ngay-28-06-2026.html,28/06/2026,10148465500,
728,Thứ 7,27/06/2026,21:00,"8,19,23,27,32",4,https://www.minhchinh.com/xs-lotto-535-ket-qua-lotto-535-ngay-27-06-2026.html,27/06/2026,9478688000,
727,Thứ 7,27/06/2026,13:00,"2,5,9,21,22",7,https://www.minhchinh.com/xs-lotto-535-ket-qua-lotto-535-ngay-27-06-2026.html,27/06/2026,8747540000,
726,Thứ 6,26/06/2026,21:00,"2,6,8,11,14",3,https://www.minhchinh.com/xs-lotto-535-ket-qua-lotto-535-ngay-26-06-2026.html,26/06/2026,8229633500,
725,Thứ 6,26/06/2026,13:00,"4,10,25,27,32",4,https://www.minhchinh.com/xs-lotto-535-ket-qua-lotto-535-ngay-26-06-2026.html,26/06/2026,7881542500,
724,Thứ 5,25/06/2026,21:00,"2,10,24,26,31",9,https://www.minhchinh.com/xs-lotto-535-ket-qua-lotto-535-ngay-25-06-2026.html,25/06/2026,7755617500,
723,Thứ 5,25/06/2026,13:00,"3,9,19,28,35",3,https://www.minhchinh.com/xs-lotto-535-ket-qua-lotto-535-ngay-25-06-2026.html,25/06/2026,7624900000,
722,Thứ 4,24/06/2026,21:00,"4,17,24,26,29",9,https://www.minhchinh.com/xs-lotto-535-ket-qua-lotto-535-ngay-24-06-2026.html,24/06/2026,7544365000,
721,Thứ 4,24/06/2026,13:00,"5,6,12,13,29",6,https://www.minhchinh.com/xs-lotto-535-ket-qua-lotto-535-ngay-24-06-2026.html,24/06/2026,7423747500,
720,Thứ 3,23/06/2026,21:00,"7,23,26,28,34",6,https://www.minhchinh.com/xs-lotto-535-ket-qua-lotto-535-ngay-23-06-2026.html,23/06/2026,7322435000,
719,Thứ 3,23/06/2026,13:00,"12,17,19,20,21",4,https://www.minhchinh.com/xs-lotto-535-ket-qua-lotto-535-ngay-23-06-2026.html,23/06/2026,7149235000,
718,Thứ 2,22/06/2026,21:00,"5,8,10,18,22",8,https://www.minhchinh.com/xs-lotto-535-ket-qua-lotto-535-ngay-22-06-2026.html,22/06/2026,7030567500,
717,Thứ 2,22/06/2026,13:00,"9,18,21,29,34",12,https://www.minhchinh.com/xs-lotto-535-ket-qua-lotto-535-ngay-22-06-2026.html,22/06/2026,6921372500,
716,Chủ Nhật,21/06/2026,21:00,"10,15,16,18,28",6,https://www.minhchinh.com/xs-lotto-535-ket-qua-lotto-535-ngay-21-06-2026.html,21/06/2026,6795315000,
715,Chủ Nhật,21/06/2026,13:00,"2,6,23,29,34",3,https://www.minhchinh.com/xs-lotto-535-ket-qua-lotto-535-ngay-21-06-2026.html,21/06/2026,6704962500,
714,Thứ 7,20/06/2026,21:00,"9,15,29,31,33",6,https://www.minhchinh.com/xs-lotto-535-ket-qua-lotto-535-ngay-20-06-2026.html,20/06/2026,6608250000,
713,Thứ 7,20/06/2026,13:00,"5,15,17,26,33",8,https://www.minhchinh.com/xs-lotto-535-ket-qua-lotto-535-ngay-20-06-2026.html,20/06/2026,6488455000,
712,Thứ 6,19/06/2026,21:00,"5,10,15,18,29",8,https://www.minhchinh.com/xs-lotto-535-ket-qua-lotto-535-ngay-19-06-2026.html,19/06/2026,6422325000,
711,Thứ 6,19/06/2026,13:00,"4,19,22,23,33",8,https://www.minhchinh.com/xs-lotto-535-ket-qua-lotto-535-ngay-19-06-2026.html,19/06/2026,6370667500,
710,Thứ 5,18/06/2026,21:00,"11,18,19,20,29",3,https://www.minhchinh.com/xs-lotto-535-ket-qua-lotto-535-ngay-18-06-2026.html,18/06/2026,6296880000,
709,Thứ 5,18/06/2026,13:00,"10,15,17,18,22",3,https://www.minhchinh.com/xs-lotto-535-ket-qua-lotto-535-ngay-18-06-2026.html,18/06/2026,6178610000,
708,Thứ 4,17/06/2026,21:00,"12,14,18,19,33",6,https://www.minhchinh.com/xs-lotto-535-ket-qua-lotto-535-ngay-17-06-2026.html,17/06/2026,6107982500,
707,Thứ 4,17/06/2026,13:00,"14,19,21,23,27",5,https://www.minhchinh.com/xs-lotto-535-ket-qua-lotto-535-ngay-17-06-2026.html,17/06/2026,9985452500,ĐB
706,Thứ 3,16/06/2026,21:00,"8,9,10,15,27",10,https://www.minhchinh.com/xs-lotto-535-ket-qua-lotto-535-ngay-16-06-2026.html,16/06/2026,9884360000,
705,Thứ 3,16/06/2026,13:00,"13,15,24,25,32",1,https://www.minhchinh.com/xs-lotto-535-ket-qua-lotto-535-ngay-16-06-2026.html,16/06/2026,9729332500,
704,Thứ 2,15/06/2026,21:00,"6,13,16,33,35",1,https://www.minhchinh.com/xs-lotto-535-ket-qua-lotto-535-ngay-15-06-2026.html,15/06/2026,9523925000,
703,Thứ 2,15/06/2026,13:00,"17,24,32,33,34",9,https://www.minhchinh.com/xs-lotto-535-ket-qua-lotto-535-ngay-15-06-2026.html,15/06/2026,9202870000,
702,Chủ Nhật,14/06/2026,21:00,"1,13,23,33,34",12,https://www.minhchinh.com/xs-lotto-535-ket-qua-lotto-535-ngay-14-06-2026.html,14/06/2026,9079490000,
701,Chủ Nhật,14/06/2026,13:00,"3,5,17,23,26",2,https://www.minhchinh.com/xs-lotto-535-ket-qua-lotto-535-ngay-14-06-2026.html,14/06/2026,8827832500,
700,Thứ 7,13/06/2026,21:00,"18,20,26,29,33",2,https://www.minhchinh.com/xs-lotto-535-ket-qua-lotto-535-ngay-13-06-2026.html,13/06/2026,8692995000,
699,Thứ 7,13/06/2026,13:00,"1,15,22,24,31",9,https://www.minhchinh.com/xs-lotto-535-ket-qua-lotto-535-ngay-13-06-2026.html,13/06/2026,8516315000,
698,Thứ 6,12/06/2026,21:00,"14,15,20,26,30",12,https://www.minhchinh.com/xs-lotto-535-ket-qua-lotto-535-ngay-12-06-2026.html,12/06/2026,8383650000,
697,Thứ 6,12/06/2026,13:00,"4,12,13,14,34",9,https://www.minhchinh.com/xs-lotto-535-ket-qua-lotto-535-ngay-12-06-2026.html,12/06/2026,8133262500,
696,Thứ 5,11/06/2026,21:00,"1,15,16,25,28",12,https://www.minhchinh.com/xs-lotto-535-ket-qua-lotto-535-ngay-11-06-2026.html,11/06/2026,8031062500,
695,Thứ 5,11/06/2026,13:00,"19,21,23,27,31",6,https://www.minhchinh.com/xs-lotto-535-ket-qua-lotto-535-ngay-11-06-2026.html,11/06/2026,7824865000,
694,Thứ 4,10/06/2026,21:00,"1,11,12,16,19",7,https://www.minhchinh.com/xs-lotto-535-ket-qua-lotto-535-ngay-10-06-2026.html,10/06/2026,7727165000,
693,Thứ 4,10/06/2026,13:00,"3,15,24,26,33",4,https://www.minhchinh.com/xs-lotto-535-ket-qua-lotto-535-ngay-10-06-2026.html,10/06/2026,7611135000,
692,Thứ 3,09/06/2026,21:00,"8,29,30,33,35",4,https://www.minhchinh.com/xs-lotto-535-ket-qua-lotto-535-ngay-09-06-2026.html,09/06/2026,7495272500,
691,Thứ 3,09/06/2026,13:00,"4,6,7,22,32",4,https://www.minhchinh.com/xs-lotto-535-ket-qua-lotto-535-ngay-09-06-2026.html,09/06/2026,7298137500,
690,Thứ 2,08/06/2026,21:00,"13,14,22,23,28",10,https://www.minhchinh.com/xs-lotto-535-ket-qua-lotto-535-ngay-08-06-2026.html,08/06/2026,7174352500,
689,Thứ 2,08/06/2026,13:00,"8,14,22,26,35",10,https://www.minhchinh.com/xs-lotto-535-ket-qua-lotto-535-ngay-08-06-2026.html,08/06/2026,7004140000,
688,Chủ Nhật,07/06/2026,21:00,"15,18,24,29,34",8,https://www.minhchinh.com/xs-lotto-535-ket-qua-lotto-535-ngay-07-06-2026.html,07/06/2026,6898917500,
687,Chủ Nhật,07/06/2026,13:00,"4,8,17,21,26",11,https://www.minhchinh.com/xs-lotto-535-ket-qua-lotto-535-ngay-07-06-2026.html,07/06/2026,6787375000,
686,Thứ 7,06/06/2026,21:00,"9,11,14,27,28",2,https://www.minhchinh.com/xs-lotto-535-ket-qua-lotto-535-ngay-06-06-2026.html,06/06/2026,6685302500,
685,Thứ 7,06/06/2026,13:00,"8,10,16,32,33",8,https://www.minhchinh.com/xs-lotto-535-ket-qua-lotto-535-ngay-06-06-2026.html,06/06/2026,6564672500,
684,Thứ 6,05/06/2026,21:00,"3,5,6,17,28",6,https://www.minhchinh.com/xs-lotto-535-ket-qua-lotto-535-ngay-05-06-2026.html,05/06/2026,6511570000,
683,Thứ 6,05/06/2026,13:00,"1,18,23,26,33",4,https://www.minhchinh.com/xs-lotto-535-ket-qua-lotto-535-ngay-05-06-2026.html,05/06/2026,6450625000,
682,Thứ 5,04/06/2026,21:00,"10,11,22,28,35",1,https://www.minhchinh.com/xs-lotto-535-ket-qua-lotto-535-ngay-04-06-2026.html,04/06/2026,6377117500,
681,Thứ 5,04/06/2026,13:00,"4,11,19,26,27",12,https://www.minhchinh.com/xs-lotto-535-ket-qua-lotto-535-ngay-04-06-2026.html,04/06/2026,6246540000,
680,Thứ 4,03/06/2026,21:00,"5,12,17,28,31",8,https://www.minhchinh.com/xs-lotto-535-ket-qua-lotto-535-ngay-03-06-2026.html,03/06/2026,6165492500,
679,Thứ 4,03/06/2026,13:00,"5,15,26,33,34",9,https://www.minhchinh.com/xs-lotto-535-ket-qua-lotto-535-ngay-03-06-2026.html,03/06/2026,6088010000,
678,Thứ 3,02/06/2026,21:00,"6,18,21,29,35",9,https://www.minhchinh.com/xs-lotto-535-ket-qua-lotto-535-ngay-02-06-2026.html,02/06/2026,6828830000,ĐB
677,Thứ 3,02/06/2026,13:00,"2,11,15,16,24",9,https://www.minhchinh.com/xs-lotto-535-ket-qua-lotto-535-ngay-02-06-2026.html,02/06/2026,6682560000,
676,Thứ 2,01/06/2026,21:00,"11,15,24,27,28",9,https://www.minhchinh.com/xs-lotto-535-ket-qua-lotto-535-ngay-01-06-2026.html,01/06/2026,6593370000,
675,Thứ 2,01/06/2026,13:00,"2,4,5,6,23",4,https://www.minhchinh.com/xs-lotto-535-ket-qua-lotto-535-ngay-01-06-2026.html,01/06/2026,6469550000,
674,Chủ Nhật,31/05/2026,21:00,"2,12,22,23,34",5,https://www.minhchinh.com/xs-lotto-535-ket-qua-lotto-535-ngay-31-05-2026.html,31/05/2026,6335717500,
673,Chủ Nhật,31/05/2026,13:00,"9,13,22,27,31",9,https://www.minhchinh.com/xs-lotto-535-ket-qua-lotto-535-ngay-31-05-2026.html,31/05/2026,6235360000,
672,Thứ 7,30/05/2026,21:00,"4,6,9,17,35",4,https://www.minhchinh.com/xs-lotto-535-ket-qua-lotto-535-ngay-30-05-2026.html,30/05/2026,6188987500,
671,Thứ 7,30/05/2026,13:00,"1,3,5,10,32",4,https://www.minhchinh.com/xs-lotto-535-ket-qua-lotto-535-ngay-30-05-2026.html,30/05/2026,6092507500,
670,Thứ 6,29/05/2026,21:00,"7,8,13,31,34",9,https://www.minhchinh.com/xs-lotto-535-ket-qua-lotto-535-ngay-29-05-2026.html,29/05/2026,6281497500,ĐB
669,Thứ 6,29/05/2026,13:00,"18,19,25,28,30",10,https://www.minhchinh.com/xs-lotto-535-ket-qua-lotto-535-ngay-29-05-2026.html,29/05/2026,6202195000,
668,Thứ 5,28/05/2026,21:00,"6,10,14,18,23",10,https://www.minhchinh.com/xs-lotto-535-ket-qua-lotto-535-ngay-28-05-2026.html,28/05/2026,6122307500,
667,Thứ 5,28/05/2026,13:00,"13,20,21,25,34",8,https://www.minhchinh.com/xs-lotto-535-ket-qua-lotto-535-ngay-28-05-2026.html,28/05/2026,6429145000,ĐB
666,Thứ 4,27/05/2026,21:00,"2,3,16,25,33",7,https://www.minhchinh.com/xs-lotto-535-ket-qua-lotto-535-ngay-27-05-2026.html,27/05/2026,6342635000,
665,Thứ 4,27/05/2026,13:00,"6,8,13,27,30",8,https://www.minhchinh.com/xs-lotto-535-ket-qua-lotto-535-ngay-27-05-2026.html,27/05/2026,6251145000,
664,Thứ 3,26/05/2026,21:00,"14,15,22,24,33",3,https://www.minhchinh.com/xs-lotto-535-ket-qua-lotto-535-ngay-26-05-2026.html,26/05/2026,6190465000,
663,Thứ 3,26/05/2026,13:00,"4,9,17,26,31",12,https://www.minhchinh.com/xs-lotto-535-ket-qua-lotto-535-ngay-26-05-2026.html,26/05/2026,6091010000,
662,Thứ 2,25/05/2026,21:00,"1,6,9,15,23",8,https://www.minhchinh.com/xs-lotto-535-ket-qua-lotto-535-ngay-25-05-2026.html,25/05/2026,21326100500,
661,Thứ 2,25/05/2026,13:00,"11,16,20,23,27",7,https://www.minhchinh.com/xs-lotto-535-ket-qua-lotto-535-ngay-25-05-2026.html,25/05/2026,13398512500,
660,Chủ Nhật,24/05/2026,21:00,"1,8,9,26,34",2,https://www.minhchinh.com/xs-lotto-535-ket-qua-lotto-535-ngay-24-05-2026.html,24/05/2026,12310623000,
659,Chủ Nhật,24/05/2026,13:00,"2,7,10,26,34",6,https://www.minhchinh.com/xs-lotto-535-ket-qua-lotto-535-ngay-24-05-2026.html,24/05/2026,11371847500,
658,Thứ 7,23/05/2026,21:00,"18,25,33,34,35",11,https://www.minhchinh.com/xs-lotto-535-ket-qua-lotto-535-ngay-23-05-2026.html,23/05/2026,10776442500,
657,Thứ 7,23/05/2026,13:00,"7,11,21,24,26",10,https://www.minhchinh.com/xs-lotto-535-ket-qua-lotto-535-ngay-23-05-2026.html,23/05/2026,10019090000,
656,Thứ 6,22/05/2026,21:00,"4,7,14,19,25",10,https://www.minhchinh.com/xs-lotto-535-ket-qua-lotto-535-ngay-22-05-2026.html,22/05/2026,9514983500,
655,Thứ 6,22/05/2026,13:00,"4,5,10,20,28",6,https://www.minhchinh.com/xs-lotto-535-ket-qua-lotto-535-ngay-22-05-2026.html,22/05/2026,8865572000,
654,Thứ 5,21/05/2026,21:00,"18,19,21,24,33",5,https://www.minhchinh.com/xs-lotto-535-ket-qua-lotto-535-ngay-21-05-2026.html,21/05/2026,8428312000,
653,Thứ 5,21/05/2026,13:00,"2,6,13,17,32",12,https://www.minhchinh.com/xs-lotto-535-ket-qua-lotto-535-ngay-21-05-2026.html,21/05/2026,7865707500,
652,Thứ 4,20/05/2026,21:00,"1,17,18,22,27",12,https://www.minhchinh.com/xs-lotto-535-ket-qua-lotto-535-ngay-20-05-2026.html,20/05/2026,7708077500,
651,Thứ 4,20/05/2026,13:00,"7,22,33,34,35",12,https://www.minhchinh.com/xs-lotto-535-ket-qua-lotto-535-ngay-20-05-2026.html,20/05/2026,7509127500,
650,Thứ 3,19/05/2026,21:00,"1,4,10,15,27",7,https://www.minhchinh.com/xs-lotto-535-ket-qua-lotto-535-ngay-19-05-2026.html,19/05/2026,7372315000,
649,Thứ 3,19/05/2026,13:00,"1,7,14,31,33",10,https://www.minhchinh.com/xs-lotto-535-ket-qua-lotto-535-ngay-19-05-2026.html,19/05/2026,7211447500,
648,Thứ 2,18/05/2026,21:00,"5,11,24,31,32",7,https://www.minhchinh.com/xs-lotto-535-ket-qua-lotto-535-ngay-18-05-2026.html,18/05/2026,7111067500,
647,Thứ 2,18/05/2026,13:00,"15,18,32,34,35",7,https://www.minhchinh.com/xs-lotto-535-ket-qua-lotto-535-ngay-18-05-2026.html,18/05/2026,6940272500,
646,Chủ Nhật,17/05/2026,21:00,"14,24,29,33,35",12,https://www.minhchinh.com/xs-lotto-535-ket-qua-lotto-535-ngay-17-05-2026.html,17/05/2026,6852607500,
645,Chủ Nhật,17/05/2026,13:00,"5,13,16,20,28",12,https://www.minhchinh.com/xs-lotto-535-ket-qua-lotto-535-ngay-17-05-2026.html,17/05/2026,6660670000,
644,Thứ 7,16/05/2026,21:00,"3,8,21,23,32",2,https://www.minhchinh.com/xs-lotto-535-ket-qua-lotto-535-ngay-16-05-2026.html,16/05/2026,6558077500,
643,Thứ 7,16/05/2026,13:00,"1,19,20,25,33",5,https://www.minhchinh.com/xs-lotto-535-ket-qua-lotto-535-ngay-16-05-2026.html,16/05/2026,6436697500,
642,Thứ 6,15/05/2026,21:00,"2,11,14,18,34",11,https://www.minhchinh.com/xs-lotto-535-ket-qua-lotto-535-ngay-15-05-2026.html,15/05/2026,6354392500,
641,Thứ 6,15/05/2026,13:00,"16,22,24,30,34",6,https://www.minhchinh.com/xs-lotto-535-ket-qua-lotto-535-ngay-15-05-2026.html,15/05/2026,6259960000,
640,Thứ 5,14/05/2026,21:00,"2,22,23,27,29",6,https://www.minhchinh.com/xs-lotto-535-ket-qua-lotto-535-ngay-14-05-2026.html,14/05/2026,6162490000,
639,Thứ 5,14/05/2026,13:00,"2,19,25,26,34",5,https://www.minhchinh.com/xs-lotto-535-ket-qua-lotto-535-ngay-14-05-2026.html,14/05/2026,15180541000,ĐB
638,Thứ 4,13/05/2026,21:00,"1,23,24,27,28",1,https://www.minhchinh.com/xs-lotto-535-ket-qua-lotto-535-ngay-13-05-2026.html,13/05/2026,13996067000,
637,Thứ 4,13/05/2026,13:00,"1,7,10,14,30",4,https://www.minhchinh.com/xs-lotto-535-ket-qua-lotto-535-ngay-13-05-2026.html,13/05/2026,12155386000,
636,Thứ 3,12/05/2026,21:00,"2,5,29,31,33",9,https://www.minhchinh.com/xs-lotto-535-ket-qua-lotto-535-ngay-12-05-2026.html,12/05/2026,11291386500,
635,Thứ 3,12/05/2026,13:00,"9,15,18,20,21",8,https://www.minhchinh.com/xs-lotto-535-ket-qua-lotto-535-ngay-12-05-2026.html,12/05/2026,10408182000,
634,Thứ 2,11/05/2026,21:00,"4,15,20,29,32",4,https://www.minhchinh.com/xs-lotto-535-ket-qua-lotto-535-ngay-11-05-2026.html,11/05/2026,9805056000,
633,Thứ 2,11/05/2026,13:00,"8,15,22,26,30",4,https://www.minhchinh.com/xs-lotto-535-ket-qua-lotto-535-ngay-11-05-2026.html,11/05/2026,8873144000,
632,Chủ Nhật,10/05/2026,21:00,"20,21,22,32,34",4,https://www.minhchinh.com/xs-lotto-535-ket-qua-lotto-535-ngay-10-05-2026.html,10/05/2026,8723457500,
631,Chủ Nhật,10/05/2026,13:00,"5,7,20,28,34",3,https://www.minhchinh.com/xs-lotto-535-ket-qua-lotto-535-ngay-10-05-2026.html,10/05/2026,8491305000,
630,Thứ 7,09/05/2026,21:00,"10,11,15,17,22",4,https://www.minhchinh.com/xs-lotto-535-ket-qua-lotto-535-ngay-09-05-2026.html,09/05/2026,8411695000,
629,Thứ 7,09/05/2026,13:00,"13,20,26,28,33",7,https://www.minhchinh.com/xs-lotto-535-ket-qua-lotto-535-ngay-09-05-2026.html,09/05/2026,8287752500,
628,Thứ 6,08/05/2026,21:00,"2,18,24,26,29",11,https://www.minhchinh.com/xs-lotto-535-ket-qua-lotto-535-ngay-08-05-2026.html,08/05/2026,8203155000,
627,Thứ 6,08/05/2026,13:00,"1,12,15,19,27",2,https://www.minhchinh.com/xs-lotto-535-ket-qua-lotto-535-ngay-08-05-2026.html,08/05/2026,8066520000,
626,Thứ 5,07/05/2026,21:00,"3,10,21,24,26",1,https://www.minhchinh.com/xs-lotto-535-ket-qua-lotto-535-ngay-07-05-2026.html,07/05/2026,7952337500,
625,Thứ 5,07/05/2026,13:00,"1,8,9,21,27",1,https://www.minhchinh.com/xs-lotto-535-ket-qua-lotto-535-ngay-07-05-2026.html,07/05/2026,7776732500,
624,Thứ 4,06/05/2026,21:00,"4,10,18,20,29",12,https://www.minhchinh.com/xs-lotto-535-ket-qua-lotto-535-ngay-06-05-2026.html,06/05/2026,7642907500,
623,Thứ 4,06/05/2026,13:00,"8,12,16,24,27",7,https://www.minhchinh.com/xs-lotto-535-ket-qua-lotto-535-ngay-06-05-2026.html,06/05/2026,7464177500,
622,Thứ 3,05/05/2026,21:00,"8,15,30,32,34",6,https://www.minhchinh.com/xs-lotto-535-ket-qua-lotto-535-ngay-05-05-2026.html,05/05/2026,7434742500,
621,Thứ 3,05/05/2026,13:00,"10,20,24,26,33",3,https://www.minhchinh.com/xs-lotto-535-ket-qua-lotto-535-ngay-05-05-2026.html,05/05/2026,7271157500,
620,Thứ 2,04/05/2026,21:00,"3,13,17,31,35",2,https://www.minhchinh.com/xs-lotto-535-ket-qua-lotto-535-ngay-04-05-2026.html,04/05/2026,7176397500,
619,Thứ 2,04/05/2026,13:00,"8,16,21,28,34",6,https://www.minhchinh.com/xs-lotto-535-ket-qua-lotto-535-ngay-04-05-2026.html,04/05/2026,6972410000,
618,Chủ Nhật,03/05/2026,21:00,"6,8,14,17,20",8,https://www.minhchinh.com/xs-lotto-535-ket-qua-lotto-535-ngay-03-05-2026.html,03/05/2026,6857455000,
617,Chủ Nhật,03/05/2026,13:00,"10,14,20,25,28",12,https://www.minhchinh.com/xs-lotto-535-ket-qua-lotto-535-ngay-03-05-2026.html,03/05/2026,6792272500,
616,Thứ 7,02/05/2026,21:00,"1,5,10,12,15",9,https://www.minhchinh.com/xs-lotto-535-ket-qua-lotto-535-ngay-02-05-2026.html,02/05/2026,6699380000,
615,Thứ 7,02/05/2026,13:00,"2,7,19,23,35",6,https://www.minhchinh.com/xs-lotto-535-ket-qua-lotto-535-ngay-02-05-2026.html,02/05/2026,6699380000,
614,Thứ 6,01/05/2026,21:00,"6,9,19,29,34",6,https://www.minhchinh.com/xs-lotto-535-ket-qua-lotto-535-ngay-01-05-2026.html,01/05/2026,6604325000,
613,Thứ 6,01/05/2026,13:00,"3,11,28,29,33",3,https://www.minhchinh.com/xs-lotto-535-ket-qua-lotto-535-ngay-01-05-2026.html,01/05/2026,6554037500,
612,Thứ 5,30/04/2026,21:00,"9,13,20,23,31",1,https://www.minhchinh.com/xs-lotto-535-ket-qua-lotto-535-ngay-30-04-2026.html,30/04/2026,6478110000,
611,Thứ 5,30/04/2026,13:00,"4,5,6,17,20",6,https://www.minhchinh.com/xs-lotto-535-ket-qua-lotto-535-ngay-30-04-2026.html,30/04/2026,6306837500,
610,Thứ 4,29/04/2026,21:00,"16,19,21,25,26",2,https://www.minhchinh.com/xs-lotto-535-ket-qua-lotto-535-ngay-29-04-2026.html,29/04/2026,6258085000,
609,Thứ 4,29/04/2026,13:00,"2,17,27,29,31",1,https://www.minhchinh.com/xs-lotto-535-ket-qua-lotto-535-ngay-29-04-2026.html,29/04/2026,6119135000,
608,Thứ 3,28/04/2026,21:00,"4,6,15,24,35",11,https://www.minhchinh.com/xs-lotto-535-ket-qua-lotto-535-ngay-28-04-2026.html,28/04/2026,6135557500,ĐB
607,Thứ 3,28/04/2026,13:00,"3,9,13,30,35",1,https://www.minhchinh.com/xs-lotto-535-ket-qua-lotto-535-ngay-28-04-2026.html,28/04/2026,6135557500,
606,Thứ 2,27/04/2026,21:00,"9,10,23,29,35",8,https://www.minhchinh.com/xs-lotto-535-ket-qua-lotto-535-ngay-27-04-2026.html,27/04/2026,23135180500,ĐB
605,Thứ 2,27/04/2026,13:00,"6,17,32,34,35",4,https://www.minhchinh.com/xs-lotto-535-ket-qua-lotto-535-ngay-27-04-2026.html,27/04/2026,14282461000,
604,Chủ Nhật,26/04/2026,21:00,"9,17,22,34,35",10,https://www.minhchinh.com/xs-lotto-535-ket-qua-lotto-535-ngay-26-04-2026.html,26/04/2026,12891779500,
603,Chủ Nhật,26/04/2026,13:00,"8,12,13,16,24",9,https://www.minhchinh.com/xs-lotto-535-ket-qua-lotto-535-ngay-26-04-2026.html,26/04/2026,11746102500,
602,Thứ 7,25/04/2026,21:00,"4,5,6,20,33",12,https://www.minhchinh.com/xs-lotto-535-ket-qua-lotto-535-ngay-25-04-2026.html,25/04/2026,11035120500,
601,Thứ 7,25/04/2026,13:00,"4,17,22,24,29",1,https://www.minhchinh.com/xs-lotto-535-ket-qua-lotto-535-ngay-25-04-2026.html,25/04/2026,10094183000,
600,Thứ 6,24/04/2026,21:00,"8,15,21,31,35",10,https://www.minhchinh.com/xs-lotto-535-ket-qua-lotto-535-ngay-24-04-2026.html,24/04/2026,9461509000,
599,Thứ 6,24/04/2026,13:00,"1,5,6,14,27",5,https://www.minhchinh.com/xs-lotto-535-ket-qua-lotto-535-ngay-24-04-2026.html,24/04/2026,8715463000,
598,Thứ 5,23/04/2026,21:00,"1,8,16,21,34",11,https://www.minhchinh.com/xs-lotto-535-ket-qua-lotto-535-ngay-23-04-2026.html,23/04/2026,8150227000,
597,Thứ 5,23/04/2026,13:00,"6,7,26,30,33",5,https://www.minhchinh.com/xs-lotto-535-ket-qua-lotto-535-ngay-23-04-2026.html,23/04/2026,7623157500,
596,Thứ 4,22/04/2026,21:00,"6,16,17,28,31",10,https://www.minhchinh.com/xs-lotto-535-ket-qua-lotto-535-ngay-22-04-2026.html,22/04/2026,7522260000,
595,Thứ 4,22/04/2026,13:00,"1,2,9,17,34",1,https://www.minhchinh.com/xs-lotto-535-ket-qua-lotto-535-ngay-22-04-2026.html,22/04/2026,7372537500,
594,Thứ 3,21/04/2026,21:00,"4,7,18,19,25",1,https://www.minhchinh.com/xs-lotto-535-ket-qua-lotto-535-ngay-21-04-2026.html,21/04/2026,7192617500,
593,Thứ 3,21/04/2026,13:00,"3,12,13,30,31",1,https://www.minhchinh.com/xs-lotto-535-ket-qua-lotto-535-ngay-21-04-2026.html,21/04/2026,7008235000,
592,Thứ 2,20/04/2026,21:00,"2,6,15,22,28",11,https://www.minhchinh.com/xs-lotto-535-ket-qua-lotto-535-ngay-20-04-2026.html,20/04/2026,6848890000,
591,Thứ 2,20/04/2026,13:00,"7,10,14,16,34",1,https://www.minhchinh.com/xs-lotto-535-ket-qua-lotto-535-ngay-20-04-2026.html,20/04/2026,6713695000,
590,Chủ Nhật,19/04/2026,21:00,"3,4,5,8,20",9,https://www.minhchinh.com/xs-lotto-535-ket-qua-lotto-535-ngay-19-04-2026.html,19/04/2026,6592497500,
589,Chủ Nhật,19/04/2026,13:00,"4,10,16,17,21",8,https://www.minhchinh.com/xs-lotto-535-ket-qua-lotto-535-ngay-19-04-2026.html,19/04/2026,6537262500,
588,Thứ 7,18/04/2026,21:00,"3,17,20,24,35",11,https://www.minhchinh.com/xs-lotto-535-ket-qua-lotto-535-ngay-18-04-2026.html,18/04/2026,6440855000,
587,Thứ 7,18/04/2026,13:00,"17,19,30,32,34",2,https://www.minhchinh.com/xs-lotto-535-ket-qua-lotto-535-ngay-18-04-2026.html,18/04/2026,6290412500,
586,Thứ 6,17/04/2026,21:00,"3,4,9,12,18",10,https://www.minhchinh.com/xs-lotto-535-ket-qua-lotto-535-ngay-17-04-2026.html,17/04/2026,6180225000,
585,Thứ 6,17/04/2026,13:00,"6,10,15,19,22",5,https://www.minhchinh.com/xs-lotto-535-ket-qua-lotto-535-ngay-17-04-2026.html,17/04/2026,6078870000,
584,Thứ 5,16/04/2026,21:00,"1,10,15,25,27",11,https://www.minhchinh.com/xs-lotto-535-ket-qua-lotto-535-ngay-16-04-2026.html,16/04/2026,22370500000,
583,Thứ 5,16/04/2026,13:00,"12,14,25,30,31",6,https://www.minhchinh.com/xs-lotto-535-ket-qua-lotto-535-ngay-16-04-2026.html,16/04/2026,13927145000,
582,Thứ 4,15/04/2026,21:00,"4,13,18,20,26",11,https://www.minhchinh.com/xs-lotto-535-ket-qua-lotto-535-ngay-15-04-2026.html,15/04/2026,12754961500,
581,Thứ 4,15/04/2026,13:00,"1,15,20,32,35",8,https://www.minhchinh.com/xs-lotto-535-ket-qua-lotto-535-ngay-15-04-2026.html,15/04/2026,11663197500,
580,Thứ 3,14/04/2026,21:00,"5,19,25,29,31",2,https://www.minhchinh.com/xs-lotto-535-ket-qua-lotto-535-ngay-14-04-2026.html,14/04/2026,10963759000,
579,Thứ 3,14/04/2026,13:00,"7,11,12,14,27",11,https://www.minhchinh.com/xs-lotto-535-ket-qua-lotto-535-ngay-14-04-2026.html,14/04/2026,10098257000,
578,Thứ 2,13/04/2026,21:00,"10,11,12,18,34",3,https://www.minhchinh.com/xs-lotto-535-ket-qua-lotto-535-ngay-13-04-2026.html,13/04/2026,9549834500,
577,Thứ 2,13/04/2026,13:00,"12,15,23,26,32",8,https://www.minhchinh.com/xs-lotto-535-ket-qua-lotto-535-ngay-13-04-2026.html,13/04/2026,8703965500,
576,Chủ Nhật,12/04/2026,21:00,"11,21,22,27,34",12,https://www.minhchinh.com/xs-lotto-535-ket-qua-lotto-535-ngay-12-04-2026.html,12/04/2026,8250123500,
575,Chủ Nhật,12/04/2026,13:00,"18,23,32,33,34",2,https://www.minhchinh.com/xs-lotto-535-ket-qua-lotto-535-ngay-12-04-2026.html,12/04/2026,7672840000,
574,Thứ 7,11/04/2026,21:00,"3,6,8,20,35",6,https://www.minhchinh.com/xs-lotto-535-ket-qua-lotto-535-ngay-11-04-2026.html,11/04/2026,7542970000,
573,Thứ 7,11/04/2026,13:00,"7,13,15,19,32",9,https://www.minhchinh.com/xs-lotto-535-ket-qua-lotto-535-ngay-11-04-2026.html,11/04/2026,7423970000,
572,Thứ 6,10/04/2026,21:00,"7,15,19,23,24",6,https://www.minhchinh.com/xs-lotto-535-ket-qua-lotto-535-ngay-10-04-2026.html,10/04/2026,7384457500,
571,Thứ 6,10/04/2026,13:00,"8,17,21,31,35",5,https://www.minhchinh.com/xs-lotto-535-ket-qua-lotto-535-ngay-10-04-2026.html,10/04/2026,7305362500,
570,Thứ 5,09/04/2026,21:00,"8,10,11,22,30",2,https://www.minhchinh.com/xs-lotto-535-ket-qua-lotto-535-ngay-09-04-2026.html,09/04/2026,7185322500,
569,Thứ 5,09/04/2026,13:00,"1,7,18,33,34",1,https://www.minhchinh.com/xs-lotto-535-ket-qua-lotto-535-ngay-09-04-2026.html,09/04/2026,7045377500,
568,Thứ 4,08/04/2026,21:00,"19,20,21,26,31",5,https://www.minhchinh.com/xs-lotto-535-ket-qua-lotto-535-ngay-08-04-2026.html,08/04/2026,6895460000,
567,Thứ 4,08/04/2026,13:00,"10,16,19,22,32",12,https://www.minhchinh.com/xs-lotto-535-ket-qua-lotto-535-ngay-08-04-2026.html,08/04/2026,6789115000,
566,Thứ 3,07/04/2026,21:00,"1,8,12,20,28",2,https://www.minhchinh.com/xs-lotto-535-ket-qua-lotto-535-ngay-07-04-2026.html,07/04/2026,6700970000,
565,Thứ 3,07/04/2026,13:00,"9,18,21,26,34",4,https://www.minhchinh.com/xs-lotto-535-ket-qua-lotto-535-ngay-07-04-2026.html,07/04/2026,6564392500,
564,Thứ 2,06/04/2026,21:00,"11,17,22,25,28",4,https://www.minhchinh.com/xs-lotto-535-ket-qua-lotto-535-ngay-06-04-2026.html,06/04/2026,6471932500,
563,Thứ 2,06/04/2026,13:00,"3,13,16,33,34",4,https://www.minhchinh.com/xs-lotto-535-ket-qua-lotto-535-ngay-06-04-2026.html,06/04/2026,6351960000,
562,Chủ Nhật,05/04/2026,21:00,"13,14,25,26,29",1,https://www.minhchinh.com/xs-lotto-535-ket-qua-lotto-535-ngay-05-04-2026.html,05/04/2026,6290055000,
561,Chủ Nhật,05/04/2026,13:00,"6,10,11,18,25",7,https://www.minhchinh.com/xs-lotto-535-ket-qua-lotto-535-ngay-05-04-2026.html,05/04/2026,6146602500,
560,Thứ 7,04/04/2026,21:00,"3,18,19,24,27",6,https://www.minhchinh.com/xs-lotto-535-ket-qua-lotto-535-ngay-04-04-2026.html,04/04/2026,6083257500,
559,Thứ 7,04/04/2026,13:00,"3,9,15,19,31",1,https://www.minhchinh.com/xs-lotto-535-ket-qua-lotto-535-ngay-04-04-2026.html,04/04/2026,7277287500,ĐB
558,Thứ 6,03/04/2026,21:00,"18,22,28,32,35",3,https://www.minhchinh.com/xs-lotto-535-ket-qua-lotto-535-ngay-03-04-2026.html,03/04/2026,7140180000,
557,Thứ 6,03/04/2026,13:00,"14,18,23,25,27",1,https://www.minhchinh.com/xs-lotto-535-ket-qua-lotto-535-ngay-03-04-2026.html,03/04/2026,7040317500,
556,Thứ 5,02/04/2026,21:00,"15,19,20,26,29",7,https://www.minhchinh.com/xs-lotto-535-ket-qua-lotto-535-ngay-02-04-2026.html,02/04/2026,6920822500,
555,Thứ 5,02/04/2026,13:00,"4,6,21,25,30",5,https://www.minhchinh.com/xs-lotto-535-ket-qua-lotto-535-ngay-02-04-2026.html,02/04/2026,6846195000,
554,Thứ 4,01/04/2026,21:00,"12,13,18,23,24",3,https://www.minhchinh.com/xs-lotto-535-ket-qua-lotto-535-ngay-01-04-2026.html,01/04/2026,6764832500,
553,Thứ 4,01/04/2026,13:00,"4,14,22,31,34",7,https://www.minhchinh.com/xs-lotto-535-ket-qua-lotto-535-ngay-01-04-2026.html,01/04/2026,6651497500,
552,Thứ 3,31/03/2026,21:00,"2,18,28,30,35",5,https://www.minhchinh.com/xs-lotto-535-ket-qua-lotto-535-ngay-31-03-2026.html,31/03/2026,6619740000,
551,Thứ 3,31/03/2026,13:00,"9,15,18,20,32",2,https://www.minhchinh.com/xs-lotto-535-ket-qua-lotto-535-ngay-31-03-2026.html,31/03/2026,6492402500,
550,Thứ 2,30/03/2026,21:00,"9,17,18,24,27",8,https://www.minhchinh.com/xs-lotto-535-ket-qua-lotto-535-ngay-30-03-2026.html,30/03/2026,6394307500,
549,Thứ 2,30/03/2026,13:00,"2,3,22,24,34",8,https://www.minhchinh.com/xs-lotto-535-ket-qua-lotto-535-ngay-30-03-2026.html,30/03/2026,6265077500,
548,Chủ Nhật,29/03/2026,21:00,"9,17,22,23,29",12,https://www.minhchinh.com/xs-lotto-535-ket-qua-lotto-535-ngay-29-03-2026.html,29/03/2026,6179802500,
547,Chủ Nhật,29/03/2026,13:00,"3,7,13,19,21",11,https://www.minhchinh.com/xs-lotto-535-ket-qua-lotto-535-ngay-29-03-2026.html,29/03/2026,6077917500,
546,Thứ 7,28/03/2026,21:00,"1,8,14,16,28",10,https://www.minhchinh.com/xs-lotto-535-ket-qua-lotto-535-ngay-28-03-2026.html,28/03/2026,21464939500,
545,Thứ 7,28/03/2026,13:00,"6,7,10,12,26",3,https://www.minhchinh.com/xs-lotto-535-ket-qua-lotto-535-ngay-28-03-2026.html,28/03/2026,13815185500,
544,Thứ 6,27/03/2026,21:00,"1,11,30,31,32",3,https://www.minhchinh.com/xs-lotto-535-ket-qua-lotto-535-ngay-27-03-2026.html,27/03/2026,12759674500,
543,Thứ 6,27/03/2026,13:00,"13,21,25,27,34",10,https://www.minhchinh.com/xs-lotto-535-ket-qua-lotto-535-ngay-27-03-2026.html,27/03/2026,11715230500,
542,Thứ 5,26/03/2026,21:00,"15,16,26,29,30",11,https://www.minhchinh.com/xs-lotto-535-ket-qua-lotto-535-ngay-26-03-2026.html,26/03/2026,11043280500,
541,Thứ 5,26/03/2026,13:00,"15,23,28,30,33",8,https://www.minhchinh.com/xs-lotto-535-ket-qua-lotto-535-ngay-26-03-2026.html,26/03/2026,10257387500,
540,Thứ 4,25/03/2026,21:00,"1,4,8,14,26",12,https://www.minhchinh.com/xs-lotto-535-ket-qua-lotto-535-ngay-25-03-2026.html,25/03/2026,9758044500,
539,Thứ 4,25/03/2026,13:00,"13,19,26,29,32",7,https://www.minhchinh.com/xs-lotto-535-ket-qua-lotto-535-ngay-25-03-2026.html,25/03/2026,9024563500,
538,Thứ 3,24/03/2026,21:00,"8,19,23,27,32",1,https://www.minhchinh.com/xs-lotto-535-ket-qua-lotto-535-ngay-24-03-2026.html,24/03/2026,8551022500,
537,Thứ 3,24/03/2026,13:00,"5,18,19,26,30",9,https://www.minhchinh.com/xs-lotto-535-ket-qua-lotto-535-ngay-24-03-2026.html,24/03/2026,7841342000,
536,Thứ 2,23/03/2026,21:00,"2,14,17,21,27",10,https://www.minhchinh.com/xs-lotto-535-ket-qua-lotto-535-ngay-23-03-2026.html,23/03/2026,7468315000,
535,Thứ 2,23/03/2026,13:00,"3,4,6,14,27",2,https://www.minhchinh.com/xs-lotto-535-ket-qua-lotto-535-ngay-23-03-2026.html,23/03/2026,7302042500,
534,Chủ Nhật,22/03/2026,21:00,"4,13,14,19,33",9,https://www.minhchinh.com/xs-lotto-535-ket-qua-lotto-535-ngay-22-03-2026.html,22/03/2026,7162847500,
533,Chủ Nhật,22/03/2026,13:00,"5,8,11,12,26",6,https://www.minhchinh.com/xs-lotto-535-ket-qua-lotto-535-ngay-22-03-2026.html,22/03/2026,7072972500,
532,Thứ 7,21/03/2026,21:00,"7,15,19,27,32",10,https://www.minhchinh.com/xs-lotto-535-ket-qua-lotto-535-ngay-21-03-2026.html,21/03/2026,7006115000,
531,Thứ 7,21/03/2026,13:00,"3,6,11,13,17",3,https://www.minhchinh.com/xs-lotto-535-ket-qua-lotto-535-ngay-21-03-2026.html,21/03/2026,6891237500,
530,Thứ 6,20/03/2026,21:00,"5,14,17,18,20",6,https://www.minhchinh.com/xs-lotto-535-ket-qua-lotto-535-ngay-20-03-2026.html,20/03/2026,6795862500,
529,Thứ 6,20/03/2026,13:00,"3,14,25,28,32",2,https://www.minhchinh.com/xs-lotto-535-ket-qua-lotto-535-ngay-20-03-2026.html,20/03/2026,6704907500,
528,Thứ 5,19/03/2026,21:00,"3,15,26,34,35",3,https://www.minhchinh.com/xs-lotto-535-ket-qua-lotto-535-ngay-19-03-2026.html,19/03/2026,6588552500,
527,Thứ 5,19/03/2026,13:00,"3,7,14,21,22",8,https://www.minhchinh.com/xs-lotto-535-ket-qua-lotto-535-ngay-19-03-2026.html,19/03/2026,6451412500,
526,Thứ 4,18/03/2026,21:00,"9,13,14,22,29",11,https://www.minhchinh.com/xs-lotto-535-ket-qua-lotto-535-ngay-18-03-2026.html,18/03/2026,6350572500,
525,Thứ 4,18/03/2026,13:00,"1,5,11,29,34",6,https://www.minhchinh.com/xs-lotto-535-ket-qua-lotto-535-ngay-18-03-2026.html,18/03/2026,6220160000,
524,Thứ 3,17/03/2026,21:00,"12,16,18,26,29",6,https://www.minhchinh.com/xs-lotto-535-ket-qua-lotto-535-ngay-17-03-2026.html,17/03/2026,6111740000,
523,Thứ 3,17/03/2026,13:00,"3,9,21,33,35",2,https://www.minhchinh.com/xs-lotto-535-ket-qua-lotto-535-ngay-17-03-2026.html,17/03/2026,14589614500,ĐB
522,Thứ 2,16/03/2026,21:00,"2,8,10,22,23",8,https://www.minhchinh.com/xs-lotto-535-ket-qua-lotto-535-ngay-16-03-2026.html,16/03/2026,13258765000,
521,Thứ 2,16/03/2026,13:00,"4,13,21,28,32",11,https://www.minhchinh.com/xs-lotto-535-ket-qua-lotto-535-ngay-16-03-2026.html,16/03/2026,11925318500,
520,Chủ Nhật,15/03/2026,21:00,"3,6,28,30,35",3,https://www.minhchinh.com/xs-lotto-535-ket-qua-lotto-535-ngay-15-03-2026.html,15/03/2026,11130858500,
519,Chủ Nhật,15/03/2026,13:00,"2,9,31,32,35",2,https://www.minhchinh.com/xs-lotto-535-ket-qua-lotto-535-ngay-15-03-2026.html,15/03/2026,10219431500,
518,Thứ 7,14/03/2026,21:00,"6,13,19,27,31",8,https://www.minhchinh.com/xs-lotto-535-ket-qua-lotto-535-ngay-14-03-2026.html,14/03/2026,9583681500,
517,Thứ 7,14/03/2026,13:00,"4,5,6,24,26",8,https://www.minhchinh.com/xs-lotto-535-ket-qua-lotto-535-ngay-14-03-2026.html,14/03/2026,8869183500,
516,Thứ 6,13/03/2026,21:00,"1,6,14,22,30",1,https://www.minhchinh.com/xs-lotto-535-ket-qua-lotto-535-ngay-13-03-2026.html,13/03/2026,8682777500,
515,Thứ 6,13/03/2026,13:00,"5,16,18,20,25",5,https://www.minhchinh.com/xs-lotto-535-ket-qua-lotto-535-ngay-13-03-2026.html,13/03/2026,8425762500,
514,Thứ 5,12/03/2026,21:00,"5,9,20,29,30",11,https://www.minhchinh.com/xs-lotto-535-ket-qua-lotto-535-ngay-12-03-2026.html,12/03/2026,8293162500,
513,Thứ 5,12/03/2026,13:00,"6,8,17,20,24",10,https://www.minhchinh.com/xs-lotto-535-ket-qua-lotto-535-ngay-12-03-2026.html,12/03/2026,8150712500,
512,Thứ 4,11/03/2026,21:00,"2,10,29,30,32",7,https://www.minhchinh.com/xs-lotto-535-ket-qua-lotto-535-ngay-11-03-2026.html,11/03/2026,8068580000,
511,Thứ 4,11/03/2026,13:00,"11,16,22,26,33",9,https://www.minhchinh.com/xs-lotto-535-ket-qua-lotto-535-ngay-11-03-2026.html,11/03/2026,7914592500,
510,Thứ 3,10/03/2026,21:00,"2,3,4,6,20",2,https://www.minhchinh.com/xs-lotto-535-ket-qua-lotto-535-ngay-10-03-2026.html,10/03/2026,7869220000,
509,Thứ 3,10/03/2026,13:00,"13,19,21,24,29",10,https://www.minhchinh.com/xs-lotto-535-ket-qua-lotto-535-ngay-10-03-2026.html,10/03/2026,7695005000,
508,Thứ 2,09/03/2026,21:00,"7,11,25,28,30",5,https://www.minhchinh.com/xs-lotto-535-ket-qua-lotto-535-ngay-09-03-2026.html,09/03/2026,7601227500,
507,Thứ 2,09/03/2026,13:00,"1,13,17,29,35",2,https://www.minhchinh.com/xs-lotto-535-ket-qua-lotto-535-ngay-09-03-2026.html,09/03/2026,7441837500,
506,Chủ Nhật,08/03/2026,21:00,"20,22,25,29,31",12,https://www.minhchinh.com/xs-lotto-535-ket-qua-lotto-535-ngay-08-03-2026.html,08/03/2026,7281760000,
505,Chủ Nhật,08/03/2026,13:00,"11,23,24,26,27",2,https://www.minhchinh.com/xs-lotto-535-ket-qua-lotto-535-ngay-08-03-2026.html,08/03/2026,7065275000,
504,Thứ 7,07/03/2026,21:00,"3,18,23,25,32",6,https://www.minhchinh.com/xs-lotto-535-ket-qua-lotto-535-ngay-07-03-2026.html,07/03/2026,6924100000,
503,Thứ 7,07/03/2026,13:00,"8,12,22,25,33",9,https://www.minhchinh.com/xs-lotto-535-ket-qua-lotto-535-ngay-07-03-2026.html,07/03/2026,6848387500,
502,Thứ 6,06/03/2026,21:00,"3,14,21,23,24",10,https://www.minhchinh.com/xs-lotto-535-ket-qua-lotto-535-ngay-06-03-2026.html,06/03/2026,6798882500,
501,Thứ 6,06/03/2026,13:00,"7,9,17,21,30",3,https://www.minhchinh.com/xs-lotto-535-ket-qua-lotto-535-ngay-06-03-2026.html,06/03/2026,6641245000,
500,Thứ 5,05/03/2026,21:00,"4,12,15,17,32",7,https://www.minhchinh.com/xs-lotto-535-ket-qua-lotto-535-ngay-05-03-2026.html,05/03/2026,6574807500,
499,Thứ 5,05/03/2026,13:00,"14,15,16,17,30",2,https://www.minhchinh.com/xs-lotto-535-ket-qua-lotto-535-ngay-05-03-2026.html,05/03/2026,6464725000,
498,Thứ 4,04/03/2026,21:00,"1,2,9,24,29",4,https://www.minhchinh.com/xs-lotto-535-ket-qua-lotto-535-ngay-04-03-2026.html,04/03/2026,6347620000,
497,Thứ 4,04/03/2026,13:00,"4,10,17,22,26",9,https://www.minhchinh.com/xs-lotto-535-ket-qua-lotto-535-ngay-04-03-2026.html,04/03/2026,6212217500,
496,Thứ 3,03/03/2026,21:00,"3,6,17,20,30",10,https://www.minhchinh.com/xs-lotto-535-ket-qua-lotto-535-ngay-03-03-2026.html,03/03/2026,6146802500,
495,Thứ 3,03/03/2026,13:00,"15,16,28,31,32",10,https://www.minhchinh.com/xs-lotto-535-ket-qua-lotto-535-ngay-03-03-2026.html,03/03/2026,6460582500,ĐB
494,Thứ 2,02/03/2026,21:00,"1,8,14,23,35",5,https://www.minhchinh.com/xs-lotto-535-ket-qua-lotto-535-ngay-02-03-2026.html,02/03/2026,6363972500,
493,Thứ 2,02/03/2026,13:00,"1,7,15,34,35",12,https://www.minhchinh.com/xs-lotto-535-ket-qua-lotto-535-ngay-02-03-2026.html,02/03/2026,6196232500,
492,Chủ Nhật,01/03/2026,21:00,"5,12,19,33,35",11,https://www.minhchinh.com/xs-lotto-535-ket-qua-lotto-535-ngay-01-03-2026.html,01/03/2026,24387363000,
491,Chủ Nhật,01/03/2026,13:00,"10,13,19,27,35",12,https://www.minhchinh.com/xs-lotto-535-ket-qua-lotto-535-ngay-01-03-2026.html,01/03/2026,15757351000,
490,Thứ 7,28/02/2026,21:00,"3,15,16,27,35",2,https://www.minhchinh.com/xs-lotto-535-ket-qua-lotto-535-ngay-28-02-2026.html,28/02/2026,14305324500,
489,Thứ 7,28/02/2026,13:00,"1,3,5,8,24",12,https://www.minhchinh.com/xs-lotto-535-ket-qua-lotto-535-ngay-28-02-2026.html,28/02/2026,12629104500,
488,Thứ 6,27/02/2026,21:00,"12,14,18,24,26",5,https://www.minhchinh.com/xs-lotto-535-ket-qua-lotto-535-ngay-27-02-2026.html,27/02/2026,11832075500,
487,Thứ 6,27/02/2026,13:00,"2,13,19,25,27",1,https://www.minhchinh.com/xs-lotto-535-ket-qua-lotto-535-ngay-27-02-2026.html,27/02/2026,10948323500,
486,Thứ 5,26/02/2026,21:00,"8,15,23,24,26",11,https://www.minhchinh.com/xs-lotto-535-ket-qua-lotto-535-ngay-26-02-2026.html,26/02/2026,10225251000,
485,Thứ 5,26/02/2026,13:00,"3,14,19,27,33",10,https://www.minhchinh.com/xs-lotto-535-ket-qua-lotto-535-ngay-26-02-2026.html,26/02/2026,9228794000,
484,Thứ 4,25/02/2026,21:00,"5,14,15,16,29",10,https://www.minhchinh.com/xs-lotto-535-ket-qua-lotto-535-ngay-25-02-2026.html,25/02/2026,8504587000,
483,Thứ 4,25/02/2026,13:00,"11,16,19,21,32",10,https://www.minhchinh.com/xs-lotto-535-ket-qua-lotto-535-ngay-25-02-2026.html,25/02/2026,8078920000,
482,Thứ 3,24/02/2026,21:00,"8,14,18,20,26",7,https://www.minhchinh.com/xs-lotto-535-ket-qua-lotto-535-ngay-24-02-2026.html,24/02/2026,7968140000,
481,Thứ 3,24/02/2026,13:00,"12,14,22,23,30",9,https://www.minhchinh.com/xs-lotto-535-ket-qua-lotto-535-ngay-24-02-2026.html,24/02/2026,7856897500,
480,Thứ 2,23/02/2026,21:00,"7,13,16,22,35",11,https://www.minhchinh.com/xs-lotto-535-ket-qua-lotto-535-ngay-23-02-2026.html,23/02/2026,7743430000,
479,Thứ 2,23/02/2026,13:00,"7,10,11,18,27",6,https://www.minhchinh.com/xs-lotto-535-ket-qua-lotto-535-ngay-23-02-2026.html,23/02/2026,7478617500,
478,Chủ Nhật,22/02/2026,21:00,"2,9,12,16,31",3,https://www.minhchinh.com/xs-lotto-535-ket-qua-lotto-535-ngay-22-02-2026.html,22/02/2026,7408955000,
477,Chủ Nhật,22/02/2026,13:00,"8,9,19,29,30",4,https://www.minhchinh.com/xs-lotto-535-ket-qua-lotto-535-ngay-22-02-2026.html,22/02/2026,7260252500,
476,Thứ 7,21/02/2026,21:00,"2,16,17,20,31",1,https://www.minhchinh.com/xs-lotto-535-ket-qua-lotto-535-ngay-21-02-2026.html,21/02/2026,7206575000,
475,Thứ 7,21/02/2026,13:00,"5,8,11,13,18",2,https://www.minhchinh.com/xs-lotto-535-ket-qua-lotto-535-ngay-21-02-2026.html,21/02/2026,6992785000,
474,Thứ 6,20/02/2026,21:00,"1,9,18,28,33",7,https://www.minhchinh.com/xs-lotto-535-ket-qua-lotto-535-ngay-20-02-2026.html,20/02/2026,6854822500,
473,Thứ 6,20/02/2026,13:00,"10,12,27,30,31",12,https://www.minhchinh.com/xs-lotto-535-ket-qua-lotto-535-ngay-20-02-2026.html,20/02/2026,6727910000,
472,Thứ 5,19/02/2026,21:00,"9,21,23,25,29",3,https://www.minhchinh.com/xs-lotto-535-ket-qua-lotto-535-ngay-19-02-2026.html,19/02/2026,6569592500,
471,Thứ 5,19/02/2026,13:00,"1,13,14,19,30",1,https://www.minhchinh.com/xs-lotto-535-ket-qua-lotto-535-ngay-19-02-2026.html,19/02/2026,6438642500,
470,Thứ 4,18/02/2026,21:00,"9,23,27,29,33",1,https://www.minhchinh.com/xs-lotto-535-ket-qua-lotto-535-ngay-18-02-2026.html,18/02/2026,6248570000,
469,Thứ 4,18/02/2026,13:00,"11,17,25,30,32",6,https://www.minhchinh.com/xs-lotto-535-ket-qua-lotto-535-ngay-18-02-2026.html,18/02/2026,6085047500,
468,Thứ 3,17/02/2026,21:00,"13,21,28,32,35",11,https://www.minhchinh.com/xs-lotto-535-ket-qua-lotto-535-ngay-17-02-2026.html,17/02/2026,7010542500,ĐB
467,Thứ 3,17/02/2026,13:00,"19,21,22,23,31",4,https://www.minhchinh.com/xs-lotto-535-ket-qua-lotto-535-ngay-17-02-2026.html,17/02/2026,6803692500,
466,Thứ 2,16/02/2026,21:00,"4,8,19,21,30",7,https://www.minhchinh.com/xs-lotto-535-ket-qua-lotto-535-ngay-16-02-2026.html,16/02/2026,6611195000,
465,Thứ 2,16/02/2026,13:00,"7,18,22,27,29",4,https://www.minhchinh.com/xs-lotto-535-ket-qua-lotto-535-ngay-16-02-2026.html,16/02/2026,6367192500,
464,Chủ Nhật,15/02/2026,21:00,"1,6,8,10,22",7,https://www.minhchinh.com/xs-lotto-535-ket-qua-lotto-535-ngay-15-02-2026.html,15/02/2026,6247582500,
463,Chủ Nhật,15/02/2026,13:00,"1,3,5,10,26",9,https://www.minhchinh.com/xs-lotto-535-ket-qua-lotto-535-ngay-15-02-2026.html,15/02/2026,6066177500,
462,Thứ 7,14/02/2026,21:00,"4,6,8,14,25",7,https://www.minhchinh.com/xs-lotto-535-ket-qua-lotto-535-ngay-14-02-2026.html,14/02/2026,23664402500,
461,Thứ 7,14/02/2026,13:00,"13,20,22,32,34",12,https://www.minhchinh.com/xs-lotto-535-ket-qua-lotto-535-ngay-14-02-2026.html,14/02/2026,15922947500,
460,Thứ 6,13/02/2026,21:00,"10,14,16,20,32",11,https://www.minhchinh.com/xs-lotto-535-ket-qua-lotto-535-ngay-13-02-2026.html,13/02/2026,14426752500,
459,Thứ 6,13/02/2026,13:00,"5,11,12,29,32",4,https://www.minhchinh.com/xs-lotto-535-ket-qua-lotto-535-ngay-13-02-2026.html,13/02/2026,12540329000,
458,Thứ 5,12/02/2026,21:00,"2,11,15,17,29",5,https://www.minhchinh.com/xs-lotto-535-ket-qua-lotto-535-ngay-12-02-2026.html,12/02/2026,11661751500,
457,Thứ 5,12/02/2026,13:00,"6,10,11,26,29",3,https://www.minhchinh.com/xs-lotto-535-ket-qua-lotto-535-ngay-12-02-2026.html,12/02/2026,10660209000,
456,Thứ 4,11/02/2026,21:00,"4,9,16,23,28",2,https://www.minhchinh.com/xs-lotto-535-ket-qua-lotto-535-ngay-11-02-2026.html,11/02/2026,10001043500,
455,Thứ 4,11/02/2026,13:00,"9,20,23,26,34",10,https://www.minhchinh.com/xs-lotto-535-ket-qua-lotto-535-ngay-11-02-2026.html,11/02/2026,9074893500,
454,Thứ 3,10/02/2026,21:00,"7,9,12,13,22",6,https://www.minhchinh.com/xs-lotto-535-ket-qua-lotto-535-ngay-10-02-2026.html,10/02/2026,8499320000,
453,Thứ 3,10/02/2026,13:00,"3,18,29,30,31",9,https://www.minhchinh.com/xs-lotto-535-ket-qua-lotto-535-ngay-10-02-2026.html,10/02/2026,8334885000,
452,Thứ 2,09/02/2026,21:00,"18,23,24,31,33",1,https://www.minhchinh.com/xs-lotto-535-ket-qua-lotto-535-ngay-09-02-2026.html,09/02/2026,8195632500,
451,Thứ 2,09/02/2026,13:00,"4,9,17,18,35",7,https://www.minhchinh.com/xs-lotto-535-ket-qua-lotto-535-ngay-09-02-2026.html,09/02/2026,7916217500,
450,Chủ Nhật,08/02/2026,21:00,"7,16,17,28,30",10,https://www.minhchinh.com/xs-lotto-535-ket-qua-lotto-535-ngay-08-02-2026.html,08/02/2026,7874495000,
449,Chủ Nhật,08/02/2026,13:00,"8,9,11,16,23",9,https://www.minhchinh.com/xs-lotto-535-ket-qua-lotto-535-ngay-08-02-2026.html,08/02/2026,7758635000,
448,Thứ 7,07/02/2026,21:00,"3,14,17,19,35",3,https://www.minhchinh.com/xs-lotto-535-ket-qua-lotto-535-ngay-07-02-2026.html,07/02/2026,7683222500,
447,Thứ 7,07/02/2026,13:00,"2,3,9,10,31",12,https://www.minhchinh.com/xs-lotto-535-ket-qua-lotto-535-ngay-07-02-2026.html,07/02/2026,7469520000,
446,Thứ 6,06/02/2026,21:00,"1,3,4,14,29",4,https://www.minhchinh.com/xs-lotto-535-ket-qua-lotto-535-ngay-06-02-2026.html,06/02/2026,7312402500,
445,Thứ 6,06/02/2026,13:00,"3,5,15,18,28",3,https://www.minhchinh.com/xs-lotto-535-ket-qua-lotto-535-ngay-06-02-2026.html,06/02/2026,7077840000,
444,Thứ 5,05/02/2026,21:00,"4,5,15,18,32",11,https://www.minhchinh.com/xs-lotto-535-ket-qua-lotto-535-ngay-05-02-2026.html,05/02/2026,6979625000,
443,Thứ 5,05/02/2026,13:00,"7,10,13,16,20",9,https://www.minhchinh.com/xs-lotto-535-ket-qua-lotto-535-ngay-05-02-2026.html,05/02/2026,6855447500,
442,Thứ 4,04/02/2026,21:00,"17,18,21,30,34",4,https://www.minhchinh.com/xs-lotto-535-ket-qua-lotto-535-ngay-04-02-2026.html,04/02/2026,6760467500,
441,Thứ 4,04/02/2026,13:00,"7,14,15,27,35",3,https://www.minhchinh.com/xs-lotto-535-ket-qua-lotto-535-ngay-04-02-2026.html,04/02/2026,6633010000,
440,Thứ 3,03/02/2026,21:00,"5,10,11,28,29",5,https://www.minhchinh.com/xs-lotto-535-ket-qua-lotto-535-ngay-03-02-2026.html,03/02/2026,6530512500,
439,Thứ 3,03/02/2026,13:00,"19,23,24,32,33",10,https://www.minhchinh.com/xs-lotto-535-ket-qua-lotto-535-ngay-03-02-2026.html,03/02/2026,6364770000,
438,Thứ 2,02/02/2026,21:00,"1,3,5,6,11",5,https://www.minhchinh.com/xs-lotto-535-ket-qua-lotto-535-ngay-02-02-2026.html,02/02/2026,6269520000,
437,Thứ 2,02/02/2026,13:00,"13,14,15,19,22",3,https://www.minhchinh.com/xs-lotto-535-ket-qua-lotto-535-ngay-02-02-2026.html,02/02/2026,6110432500,
436,Chủ Nhật,01/02/2026,21:00,"1,20,24,26,35",3,https://www.minhchinh.com/xs-lotto-535-ket-qua-lotto-535-ngay-01-02-2026.html,01/02/2026,6536712500,ĐB
435,Chủ Nhật,01/02/2026,13:00,"7,15,19,22,34",9,https://www.minhchinh.com/xs-lotto-535-ket-qua-lotto-535-ngay-01-02-2026.html,01/02/2026,6455132500,
434,Thứ 7,31/01/2026,21:00,"11,12,16,27,29",6,https://www.minhchinh.com/xs-lotto-535-ket-qua-lotto-535-ngay-31-01-2026.html,31/01/2026,6382230000,
433,Thứ 7,31/01/2026,13:00,"7,14,15,26,27",9,https://www.minhchinh.com/xs-lotto-535-ket-qua-lotto-535-ngay-31-01-2026.html,31/01/2026,6303522500,
432,Thứ 6,30/01/2026,21:00,"5,6,9,23,32",12,https://www.minhchinh.com/xs-lotto-535-ket-qua-lotto-535-ngay-30-01-2026.html,30/01/2026,6271605000,
431,Thứ 6,30/01/2026,13:00,"11,19,27,29,33",5,https://www.minhchinh.com/xs-lotto-535-ket-qua-lotto-535-ngay-30-01-2026.html,30/01/2026,6134012500,
430,Thứ 5,29/01/2026,21:00,"1,8,9,19,22",12,https://www.minhchinh.com/xs-lotto-535-ket-qua-lotto-535-ngay-29-01-2026.html,29/01/2026,20823951500,
429,Thứ 5,29/01/2026,13:00,"4,11,17,26,31",11,https://www.minhchinh.com/xs-lotto-535-ket-qua-lotto-535-ngay-29-01-2026.html,29/01/2026,13849507500,
428,Thứ 4,28/01/2026,21:00,"6,10,16,21,30",2,https://www.minhchinh.com/xs-lotto-535-ket-qua-lotto-535-ngay-28-01-2026.html,28/01/2026,12754174500,
427,Thứ 4,28/01/2026,13:00,"2,20,21,24,32",1,https://www.minhchinh.com/xs-lotto-535-ket-qua-lotto-535-ngay-28-01-2026.html,28/01/2026,11743538500,
426,Thứ 3,27/01/2026,21:00,"4,11,25,31,34",1,https://www.minhchinh.com/xs-lotto-535-ket-qua-lotto-535-ngay-27-01-2026.html,27/01/2026,11043846500,
425,Thứ 3,27/01/2026,13:00,"5,8,9,14,28",2,https://www.minhchinh.com/xs-lotto-535-ket-qua-lotto-535-ngay-27-01-2026.html,27/01/2026,10145565500,
424,Thứ 2,26/01/2026,21:00,"9,23,29,34,35",12,https://www.minhchinh.com/xs-lotto-535-ket-qua-lotto-535-ngay-26-01-2026.html,26/01/2026,9591930000,
423,Thứ 2,26/01/2026,13:00,"3,18,25,29,32",8,https://www.minhchinh.com/xs-lotto-535-ket-qua-lotto-535-ngay-26-01-2026.html,26/01/2026,8717820000,
422,Chủ Nhật,25/01/2026,21:00,"1,11,15,19,31",4,https://www.minhchinh.com/xs-lotto-535-ket-qua-lotto-535-ngay-25-01-2026.html,25/01/2026,8344237500,
421,Chủ Nhật,25/01/2026,13:00,"15,18,27,32,35",11,https://www.minhchinh.com/xs-lotto-535-ket-qua-lotto-535-ngay-25-01-2026.html,25/01/2026,8158535000,
420,Thứ 7,24/01/2026,21:00,"2,25,26,28,34",6,https://www.minhchinh.com/xs-lotto-535-ket-qua-lotto-535-ngay-24-01-2026.html,24/01/2026,8091877500,
419,Thứ 7,24/01/2026,13:00,"13,15,22,27,31",10,https://www.minhchinh.com/xs-lotto-535-ket-qua-lotto-535-ngay-24-01-2026.html,24/01/2026,7991125000,
418,Thứ 6,23/01/2026,21:00,"5,7,10,28,29",2,https://www.minhchinh.com/xs-lotto-535-ket-qua-lotto-535-ngay-23-01-2026.html,23/01/2026,7931132500,
417,Thứ 6,23/01/2026,13:00,"10,13,25,31,32",1,https://www.minhchinh.com/xs-lotto-535-ket-qua-lotto-535-ngay-23-01-2026.html,23/01/2026,7765082500,
416,Thứ 5,22/01/2026,21:00,"7,10,12,22,23",3,https://www.minhchinh.com/xs-lotto-535-ket-qua-lotto-535-ngay-22-01-2026.html,22/01/2026,7628490000,
415,Thứ 5,22/01/2026,13:00,"8,17,20,27,31",12,https://www.minhchinh.com/xs-lotto-535-ket-qua-lotto-535-ngay-22-01-2026.html,22/01/2026,7492597500,
414,Thứ 4,21/01/2026,21:00,"1,4,7,8,33",9,https://www.minhchinh.com/xs-lotto-535-ket-qua-lotto-535-ngay-21-01-2026.html,21/01/2026,7383850000,
413,Thứ 4,21/01/2026,13:00,"8,16,24,29,30",5,https://www.minhchinh.com/xs-lotto-535-ket-qua-lotto-535-ngay-21-01-2026.html,21/01/2026,7285662500,
412,Thứ 3,20/01/2026,21:00,"14,15,18,19,33",4,https://www.minhchinh.com/xs-lotto-535-ket-qua-lotto-535-ngay-20-01-2026.html,20/01/2026,7224857500,
411,Thứ 3,20/01/2026,13:00,"1,15,19,21,26",2,https://www.minhchinh.com/xs-lotto-535-ket-qua-lotto-535-ngay-20-01-2026.html,20/01/2026,7066667500,
410,Thứ 2,19/01/2026,21:00,"7,8,10,14,35",9,https://www.minhchinh.com/xs-lotto-535-ket-qua-lotto-535-ngay-19-01-2026.html,19/01/2026,6963352500,
409,Thứ 2,19/01/2026,13:00,"5,13,14,19,21",10,https://www.minhchinh.com/xs-lotto-535-ket-qua-lotto-535-ngay-19-01-2026.html,19/01/2026,6818302500,
408,Chủ Nhật,18/01/2026,21:00,"2,9,14,15,22",12,https://www.minhchinh.com/xs-lotto-535-ket-qua-lotto-535-ngay-18-01-2026.html,18/01/2026,6726377500,
407,Chủ Nhật,18/01/2026,13:00,"3,13,14,20,35",12,https://www.minhchinh.com/xs-lotto-535-ket-qua-lotto-535-ngay-18-01-2026.html,18/01/2026,6573990000,
406,Thứ 7,17/01/2026,21:00,"1,2,13,27,31",10,https://www.minhchinh.com/xs-lotto-535-ket-qua-lotto-535-ngay-17-01-2026.html,17/01/2026,6496720000,
405,Thứ 7,17/01/2026,13:00,"13,18,24,29,32",1,https://www.minhchinh.com/xs-lotto-535-ket-qua-lotto-535-ngay-17-01-2026.html,17/01/2026,6378245000,
404,Thứ 6,16/01/2026,21:00,"2,6,10,24,29",5,https://www.minhchinh.com/xs-lotto-535-ket-qua-lotto-535-ngay-16-01-2026.html,16/01/2026,6288257500,
403,Thứ 6,16/01/2026,13:00,"1,3,10,26,34",3,https://www.minhchinh.com/xs-lotto-535-ket-qua-lotto-535-ngay-16-01-2026.html,16/01/2026,6208430000,
402,Thứ 5,15/01/2026,21:00,"3,6,15,17,23",2,https://www.minhchinh.com/xs-lotto-535-ket-qua-lotto-535-ngay-15-01-2026.html,15/01/2026,6125722500,
401,Thứ 5,15/01/2026,13:00,"6,9,23,24,25",7,https://www.minhchinh.com/xs-lotto-535-ket-qua-lotto-535-ngay-15-01-2026.html,15/01/2026,6030912500,
400,Thứ 4,14/01/2026,21:00,"2,6,8,19,29",9,https://www.minhchinh.com/xs-lotto-535-ket-qua-lotto-535-ngay-14-01-2026.html,14/01/2026,6678602500,ĐB
399,Thứ 4,14/01/2026,13:00,"3,4,5,19,35",8,https://www.minhchinh.com/xs-lotto-535-ket-qua-lotto-535-ngay-14-01-2026.html,14/01/2026,6597107500,
398,Thứ 3,13/01/2026,21:00,"3,4,6,10,27",4,https://www.minhchinh.com/xs-lotto-535-ket-qua-lotto-535-ngay-13-01-2026.html,13/01/2026,6536245000,
397,Thứ 3,13/01/2026,13:00,"10,15,16,18,26",9,https://www.minhchinh.com/xs-lotto-535-ket-qua-lotto-535-ngay-13-01-2026.html,13/01/2026,6392632500,
396,Thứ 2,12/01/2026,21:00,"4,21,25,28,33",11,https://www.minhchinh.com/xs-lotto-535-ket-qua-lotto-535-ngay-12-01-2026.html,12/01/2026,6334585000,
395,Thứ 2,12/01/2026,13:00,"4,14,19,22,26",7,https://www.minhchinh.com/xs-lotto-535-ket-qua-lotto-535-ngay-12-01-2026.html,12/01/2026,6216830000,
394,Chủ Nhật,11/01/2026,21:00,"2,22,23,26,29",9,https://www.minhchinh.com/xs-lotto-535-ket-qua-lotto-535-ngay-11-01-2026.html,11/01/2026,6115975000,
393,Chủ Nhật,11/01/2026,13:00,"4,6,24,25,26",7,https://www.minhchinh.com/xs-lotto-535-ket-qua-lotto-535-ngay-11-01-2026.html,11/01/2026,6042320000,
392,Thứ 7,10/01/2026,21:00,"2,8,17,23,28",4,https://www.minhchinh.com/xs-lotto-535-ket-qua-lotto-535-ngay-10-01-2026.html,10/01/2026,19939535500,ĐB
391,Thứ 7,10/01/2026,13:00,"13,14,21,26,31",10,https://www.minhchinh.com/xs-lotto-535-ket-qua-lotto-535-ngay-10-01-2026.html,10/01/2026,13652467000,
390,Thứ 6,09/01/2026,21:00,"5,11,14,20,32",1,https://www.minhchinh.com/xs-lotto-535-ket-qua-lotto-535-ngay-09-01-2026.html,09/01/2026,12700670000,
389,Thứ 6,09/01/2026,13:00,"1,25,28,32,35",12,https://www.minhchinh.com/xs-lotto-535-ket-qua-lotto-535-ngay-09-01-2026.html,09/01/2026,11595723000,
388,Thứ 5,08/01/2026,21:00,"6,7,10,28,35",6,https://www.minhchinh.com/xs-lotto-535-ket-qua-lotto-535-ngay-08-01-2026.html,08/01/2026,10907201000,
387,Thứ 5,08/01/2026,13:00,"4,9,13,25,30",6,https://www.minhchinh.com/xs-lotto-535-ket-qua-lotto-535-ngay-08-01-2026.html,08/01/2026,10066743500,
386,Thứ 4,07/01/2026,21:00,"1,7,14,28,29",5,https://www.minhchinh.com/xs-lotto-535-ket-qua-lotto-535-ngay-07-01-2026.html,07/01/2026,9548274500,
385,Thứ 4,07/01/2026,13:00,"22,27,29,33,34",3,https://www.minhchinh.com/xs-lotto-535-ket-qua-lotto-535-ngay-07-01-2026.html,07/01/2026,8857550000,
384,Thứ 3,06/01/2026,21:00,"4,6,12,16,31",2,https://www.minhchinh.com/xs-lotto-535-ket-qua-lotto-535-ngay-06-01-2026.html,06/01/2026,8340357500,
383,Thứ 3,06/01/2026,13:00,"7,25,26,27,31",5,https://www.minhchinh.com/xs-lotto-535-ket-qua-lotto-535-ngay-06-01-2026.html,06/01/2026,8191917500,
382,Thứ 2,05/01/2026,21:00,"1,2,6,10,17",1,https://www.minhchinh.com/xs-lotto-535-ket-qua-lotto-535-ngay-05-01-2026.html,05/01/2026,8097115000,
381,Thứ 2,05/01/2026,13:00,"5,13,14,19,26",9,https://www.minhchinh.com/xs-lotto-535-ket-qua-lotto-535-ngay-05-01-2026.html,05/01/2026,7846557500,
380,Chủ Nhật,04/01/2026,21:00,"13,16,26,29,34",2,https://www.minhchinh.com/xs-lotto-535-ket-qua-lotto-535-ngay-04-01-2026.html,04/01/2026,7789697500,
379,Chủ Nhật,04/01/2026,13:00,"12,14,22,25,29",1,https://www.minhchinh.com/xs-lotto-535-ket-qua-lotto-535-ngay-04-01-2026.html,04/01/2026,7619200000,
378,Thứ 7,03/01/2026,21:00,"2,6,24,28,34",1,https://www.minhchinh.com/xs-lotto-535-ket-qua-lotto-535-ngay-03-01-2026.html,03/01/2026,7472605000,
377,Thứ 7,03/01/2026,13:00,"7,11,12,22,30",5,https://www.minhchinh.com/xs-lotto-535-ket-qua-lotto-535-ngay-03-01-2026.html,03/01/2026,7302845000,
376,Thứ 6,02/01/2026,21:00,"3,9,10,14,25",6,https://www.minhchinh.com/xs-lotto-535-ket-qua-lotto-535-ngay-02-01-2026.html,02/01/2026,7238197500,
375,Thứ 6,02/01/2026,13:00,"13,17,22,23,29",8,https://www.minhchinh.com/xs-lotto-535-ket-qua-lotto-535-ngay-02-01-2026.html,02/01/2026,7145630000,
374,Thứ 5,01/01/2026,21:00,"2,3,20,25,30",3,https://www.minhchinh.com/xs-lotto-535-ket-qua-lotto-535-ngay-01-01-2026.html,01/01/2026,7106852500,
373,Thứ 5,01/01/2026,13:00,"11,17,23,26,34",12,https://www.minhchinh.com/xs-lotto-535-ket-qua-lotto-535-ngay-01-01-2026.html,01/01/2026,6977665000,
372,Thứ 4,31/12/2025,21:00,"3,5,11,25,30",12,https://www.minhchinh.com/xs-lotto-535-ket-qua-lotto-535-ngay-31-12-2025.html,31/12/2025,6872315000,
371,Thứ 4,31/12/2025,13:00,"11,21,25,28,33",3,https://www.minhchinh.com/xs-lotto-535-ket-qua-lotto-535-ngay-31-12-2025.html,31/12/2025,6706520000,
370,Thứ 3,30/12/2025,21:00,"7,15,23,24,33",2,https://www.minhchinh.com/xs-lotto-535-ket-qua-lotto-535-ngay-30-12-2025.html,30/12/2025,6611460000,
369,Thứ 3,30/12/2025,13:00,"2,13,19,23,24",11,https://www.minhchinh.com/xs-lotto-535-ket-qua-lotto-535-ngay-30-12-2025.html,30/12/2025,6500935000,
368,Thứ 2,29/12/2025,21:00,"3,21,22,30,33",1,https://www.minhchinh.com/xs-lotto-535-ket-qua-lotto-535-ngay-29-12-2025.html,29/12/2025,6413685000,
367,Thứ 2,29/12/2025,13:00,"4,6,13,16,30",10,https://www.minhchinh.com/xs-lotto-535-ket-qua-lotto-535-ngay-29-12-2025.html,29/12/2025,6223292500,
366,Chủ Nhật,28/12/2025,21:00,"2,5,7,8,21",12,https://www.minhchinh.com/xs-lotto-535-ket-qua-lotto-535-ngay-28-12-2025.html,28/12/2025,6111122500,
365,Chủ Nhật,28/12/2025,13:00,"11,14,27,30,35",9,https://www.minhchinh.com/xs-lotto-535-ket-qua-lotto-535-ngay-28-12-2025.html,28/12/2025,7395770000,ĐB
364,Thứ 7,27/12/2025,21:00,"4,8,14,33,35",11,https://www.minhchinh.com/xs-lotto-535-ket-qua-lotto-535-ngay-27-12-2025.html,27/12/2025,7328665000,
363,Thứ 7,27/12/2025,13:00,"1,2,20,24,33",10,https://www.minhchinh.com/xs-lotto-535-ket-qua-lotto-535-ngay-27-12-2025.html,27/12/2025,7188260000,
362,Thứ 6,26/12/2025,21:00,"11,17,19,26,33",8,https://www.minhchinh.com/xs-lotto-535-ket-qua-lotto-535-ngay-26-12-2025.html,26/12/2025,7063817500,
361,Thứ 6,26/12/2025,13:00,"1,2,19,21,31",3,https://www.minhchinh.com/xs-lotto-535-ket-qua-lotto-535-ngay-26-12-2025.html,26/12/2025,6975042500,
360,Thứ 5,25/12/2025,21:00,"2,4,14,24,34",10,https://www.minhchinh.com/xs-lotto-535-ket-qua-lotto-535-ngay-25-12-2025.html,25/12/2025,6835512500,
359,Thứ 5,25/12/2025,13:00,"5,12,25,28,33",8,https://www.minhchinh.com/xs-lotto-535-ket-qua-lotto-535-ngay-25-12-2025.html,25/12/2025,6731325000,
358,Thứ 4,24/12/2025,21:00,"19,20,27,31,34",5,https://www.minhchinh.com/xs-lotto-535-ket-qua-lotto-535-ngay-24-12-2025.html,24/12/2025,6731325000,
357,Thứ 4,24/12/2025,13:00,"1,2,4,10,33",3,https://www.minhchinh.com/xs-lotto-535-ket-qua-lotto-535-ngay-24-12-2025.html,24/12/2025,6625930000,
356,Thứ 3,23/12/2025,21:00,"22,23,26,34,35",3,https://www.minhchinh.com/xs-lotto-535-ket-qua-lotto-535-ngay-23-12-2025.html,23/12/2025,6493390000,
355,Thứ 3,23/12/2025,13:00,"3,23,28,32,35",9,https://www.minhchinh.com/xs-lotto-535-ket-qua-lotto-535-ngay-23-12-2025.html,23/12/2025,6335317500,
354,Thứ 2,22/12/2025,21:00,"13,31,32,33,35",11,https://www.minhchinh.com/xs-lotto-535-ket-qua-lotto-535-ngay-22-12-2025.html,22/12/2025,6257685000,
353,Thứ 2,22/12/2025,13:00,"8,12,14,24,27",9,https://www.minhchinh.com/xs-lotto-535-ket-qua-lotto-535-ngay-22-12-2025.html,22/12/2025,6194770000,
352,Chủ Nhật,21/12/2025,21:00,"6,26,27,33,34",7,https://www.minhchinh.com/xs-lotto-535-ket-qua-lotto-535-ngay-21-12-2025.html,21/12/2025,6154415000,
351,Chủ Nhật,21/12/2025,13:00,"6,16,28,33,35",8,https://www.minhchinh.com/xs-lotto-535-ket-qua-lotto-535-ngay-21-12-2025.html,21/12/2025,6030482500,
350,Thứ 7,20/12/2025,21:00,"11,12,13,14,19",7,https://www.minhchinh.com/xs-lotto-535-ket-qua-lotto-535-ngay-20-12-2025.html,20/12/2025,6804270000,ĐB
349,Thứ 7,20/12/2025,13:00,"1,7,9,16,30",11,https://www.minhchinh.com/xs-lotto-535-ket-qua-lotto-535-ngay-20-12-2025.html,20/12/2025,6804270000,
348,Thứ 6,19/12/2025,21:00,"3,13,15,16,23",10,https://www.minhchinh.com/xs-lotto-535-ket-qua-lotto-535-ngay-19-12-2025.html,19/12/2025,6720045000,
347,Thứ 6,19/12/2025,13:00,"4,5,13,29,35",5,https://www.minhchinh.com/xs-lotto-535-ket-qua-lotto-535-ngay-19-12-2025.html,19/12/2025,6616945000,
346,Thứ 5,18/12/2025,21:00,"2,7,22,25,31",9,https://www.minhchinh.com/xs-lotto-535-ket-qua-lotto-535-ngay-18-12-2025.html,18/12/2025,6556887500,
345,Thứ 5,18/12/2025,13:00,"14,15,17,27,34",8,https://www.minhchinh.com/xs-lotto-535-ket-qua-lotto-535-ngay-18-12-2025.html,18/12/2025,6453515000,
344,Thứ 4,17/12/2025,21:00,"7,10,17,19,22",1,https://www.minhchinh.com/xs-lotto-535-ket-qua-lotto-535-ngay-17-12-2025.html,17/12/2025,6379890000,
343,Thứ 4,17/12/2025,13:00,"6,23,27,28,30",6,https://www.minhchinh.com/xs-lotto-535-ket-qua-lotto-535-ngay-17-12-2025.html,17/12/2025,6267832500,
342,Thứ 3,16/12/2025,21:00,"7,10,26,27,35",11,https://www.minhchinh.com/xs-lotto-535-ket-qua-lotto-535-ngay-16-12-2025.html,16/12/2025,6182440000,
341,Thứ 3,16/12/2025,13:00,"2,3,7,16,17",10,https://www.minhchinh.com/xs-lotto-535-ket-qua-lotto-535-ngay-16-12-2025.html,16/12/2025,6128925000,
340,Thứ 2,15/12/2025,21:00,"20,21,24,25,28",9,https://www.minhchinh.com/xs-lotto-535-ket-qua-lotto-535-ngay-15-12-2025.html,15/12/2025,20647783000,
339,Thứ 2,15/12/2025,13:00,"1,2,5,12,16",9,https://www.minhchinh.com/xs-lotto-535-ket-qua-lotto-535-ngay-15-12-2025.html,15/12/2025,13522877000,
338,Chủ Nhật,14/12/2025,21:00,"8,9,11,25,26",7,https://www.minhchinh.com/xs-lotto-535-ket-qua-lotto-535-ngay-14-12-2025.html,14/12/2025,12389634000,
337,Chủ Nhật,14/12/2025,13:00,"8,13,14,27,35",6,https://www.minhchinh.com/xs-lotto-535-ket-qua-lotto-535-ngay-14-12-2025.html,14/12/2025,11491549000,
336,Thứ 7,13/12/2025,21:00,"5,7,15,16,18",10,https://www.minhchinh.com/xs-lotto-535-ket-qua-lotto-535-ngay-13-12-2025.html,13/12/2025,10971698000,
335,Thứ 7,13/12/2025,13:00,"1,11,26,29,35",10,https://www.minhchinh.com/xs-lotto-535-ket-qua-lotto-535-ngay-13-12-2025.html,13/12/2025,10188945000,
334,Thứ 6,12/12/2025,21:00,"1,3,7,10,28",4,https://www.minhchinh.com/xs-lotto-535-ket-qua-lotto-535-ngay-12-12-2025.html,12/12/2025,9648424500,
333,Thứ 6,12/12/2025,13:00,"8,25,30,33,34",11,https://www.minhchinh.com/xs-lotto-535-ket-qua-lotto-535-ngay-12-12-2025.html,12/12/2025,9191987500,
332,Thứ 5,11/12/2025,21:00,"3,10,16,23,29",11,https://www.minhchinh.com/xs-lotto-535-ket-qua-lotto-535-ngay-11-12-2025.html,11/12/2025,9035090000,
331,Thứ 5,11/12/2025,13:00,"7,8,10,12,32",2,https://www.minhchinh.com/xs-lotto-535-ket-qua-lotto-535-ngay-11-12-2025.html,11/12/2025,8884142500,
330,Thứ 4,10/12/2025,21:00,"1,15,26,29,33",9,https://www.minhchinh.com/xs-lotto-535-ket-qua-lotto-535-ngay-10-12-2025.html,10/12/2025,8769450000,
329,Thứ 4,10/12/2025,13:00,"1,24,30,34,35",3,https://www.minhchinh.com/xs-lotto-535-ket-qua-lotto-535-ngay-10-12-2025.html,10/12/2025,8595060000,
328,Thứ 3,09/12/2025,21:00,"2,10,23,33,35",4,https://www.minhchinh.com/xs-lotto-535-ket-qua-lotto-535-ngay-09-12-2025.html,09/12/2025,8455010000,
327,Thứ 3,09/12/2025,13:00,"1,8,10,13,32",3,https://www.minhchinh.com/xs-lotto-535-ket-qua-lotto-535-ngay-09-12-2025.html,09/12/2025,8282002500,
326,Thứ 2,08/12/2025,21:00,"2,7,28,32,35",8,https://www.minhchinh.com/xs-lotto-535-ket-qua-lotto-535-ngay-08-12-2025.html,08/12/2025,8155457500,
325,Thứ 2,08/12/2025,13:00,"2,3,16,23,31",12,https://www.minhchinh.com/xs-lotto-535-ket-qua-lotto-535-ngay-08-12-2025.html,08/12/2025,7980512500,
324,Chủ Nhật,07/12/2025,21:00,"4,8,11,18,35",9,https://www.minhchinh.com/xs-lotto-535-ket-qua-lotto-535-ngay-07-12-2025.html,07/12/2025,7880875000,
323,Chủ Nhật,07/12/2025,13:00,"11,17,21,23,31",2,https://www.minhchinh.com/xs-lotto-535-ket-qua-lotto-535-ngay-07-12-2025.html,07/12/2025,7831157500,
322,Thứ 7,06/12/2025,21:00,"1,11,13,23,25",8,https://www.minhchinh.com/xs-lotto-535-ket-qua-lotto-535-ngay-06-12-2025.html,06/12/2025,7771312500,
321,Thứ 7,06/12/2025,13:00,"5,7,13,22,34",11,https://www.minhchinh.com/xs-lotto-535-ket-qua-lotto-535-ngay-06-12-2025.html,06/12/2025,7707985000,
320,Thứ 6,05/12/2025,21:00,"3,10,11,21,30",10,https://www.minhchinh.com/xs-lotto-535-ket-qua-lotto-535-ngay-05-12-2025.html,05/12/2025,7628557500,
319,Thứ 6,05/12/2025,13:00,"13,18,20,28,30",3,https://www.minhchinh.com/xs-lotto-535-ket-qua-lotto-535-ngay-05-12-2025.html,05/12/2025,7495930000,
318,Thứ 5,04/12/2025,21:00,"3,7,12,13,21",1,https://www.minhchinh.com/xs-lotto-535-ket-qua-lotto-535-ngay-04-12-2025.html,04/12/2025,7419492500,
317,Thứ 5,04/12/2025,13:00,"2,7,11,20,26",10,https://www.minhchinh.com/xs-lotto-535-ket-qua-lotto-535-ngay-04-12-2025.html,04/12/2025,7277262500,
316,Thứ 4,03/12/2025,21:00,"9,10,27,30,31",2,https://www.minhchinh.com/xs-lotto-535-ket-qua-lotto-535-ngay-03-12-2025.html,03/12/2025,7188995000,
315,Thứ 4,03/12/2025,13:00,"4,8,22,24,34",5,https://www.minhchinh.com/xs-lotto-535-ket-qua-lotto-535-ngay-03-12-2025.html,03/12/2025,7030495000,
314,Thứ 3,02/12/2025,21:00,"9,12,14,28,35",10,https://www.minhchinh.com/xs-lotto-535-ket-qua-lotto-535-ngay-02-12-2025.html,02/12/2025,6941140000,
313,Thứ 3,02/12/2025,13:00,"1,2,4,14,23",7,https://www.minhchinh.com/xs-lotto-535-ket-qua-lotto-535-ngay-02-12-2025.html,02/12/2025,6830520000,
312,Thứ 2,01/12/2025,21:00,"9,13,19,30,33",12,https://www.minhchinh.com/xs-lotto-535-ket-qua-lotto-535-ngay-01-12-2025.html,01/12/2025,6740310000,
311,Thứ 2,01/12/2025,13:00,"3,16,21,29,34",12,https://www.minhchinh.com/xs-lotto-535-ket-qua-lotto-535-ngay-01-12-2025.html,01/12/2025,6553777500,
310,Chủ Nhật,30/11/2025,21:00,"9,10,11,18,25",12,https://www.minhchinh.com/xs-lotto-535-ket-qua-lotto-535-ngay-30-11-2025.html,30/11/2025,6442207500,
309,Chủ Nhật,30/11/2025,13:00,"11,19,24,27,32",4,https://www.minhchinh.com/xs-lotto-535-ket-qua-lotto-535-ngay-30-11-2025.html,30/11/2025,6350845000,
308,Thứ 7,29/11/2025,21:00,"8,11,17,18,28",4,https://www.minhchinh.com/xs-lotto-535-ket-qua-lotto-535-ngay-29-11-2025.html,29/11/2025,6254382500,
307,Thứ 7,29/11/2025,13:00,"2,12,22,30,32",9,https://www.minhchinh.com/xs-lotto-535-ket-qua-lotto-535-ngay-29-11-2025.html,29/11/2025,6196880000,
306,Thứ 6,28/11/2025,21:00,"18,29,30,32,35",2,https://www.minhchinh.com/xs-lotto-535-ket-qua-lotto-535-ngay-28-11-2025.html,28/11/2025,6133477500,
305,Thứ 6,28/11/2025,13:00,"2,18,20,30,34",9,https://www.minhchinh.com/xs-lotto-535-ket-qua-lotto-535-ngay-28-11-2025.html,28/11/2025,6297190000,ĐB
304,Thứ 5,27/11/2025,21:00,"1,10,16,30,34",7,https://www.minhchinh.com/xs-lotto-535-ket-qua-lotto-535-ngay-27-11-2025.html,27/11/2025,6235762500,
303,Thứ 5,27/11/2025,13:00,"4,8,14,20,32",1,https://www.minhchinh.com/xs-lotto-535-ket-qua-lotto-535-ngay-27-11-2025.html,27/11/2025,6135765000,
302,Thứ 4,26/11/2025,21:00,"2,4,18,30,34",4,https://www.minhchinh.com/xs-lotto-535-ket-qua-lotto-535-ngay-26-11-2025.html,26/11/2025,6070905000,
301,Thứ 4,26/11/2025,13:00,"11,14,19,21,27",8,https://www.minhchinh.com/xs-lotto-535-ket-qua-lotto-535-ngay-26-11-2025.html,26/11/2025,6920642500,ĐB
300,Thứ 3,25/11/2025,21:00,"11,22,28,29,31",10,https://www.minhchinh.com/xs-lotto-535-ket-qua-lotto-535-ngay-25-11-2025.html,25/11/2025,6881745000,
299,Thứ 3,25/11/2025,13:00,"5,12,28,31,33",7,https://www.minhchinh.com/xs-lotto-535-ket-qua-lotto-535-ngay-25-11-2025.html,25/11/2025,6770475000,
298,Thứ 2,24/11/2025,21:00,"5,20,24,32,33",5,https://www.minhchinh.com/xs-lotto-535-ket-qua-lotto-535-ngay-24-11-2025.html,24/11/2025,6702090000,
297,Thứ 2,24/11/2025,13:00,"11,12,15,28,33",6,https://www.minhchinh.com/xs-lotto-535-ket-qua-lotto-535-ngay-24-11-2025.html,24/11/2025,6591875000,
296,Chủ Nhật,23/11/2025,21:00,"14,17,22,30,32",11,https://www.minhchinh.com/xs-lotto-535-ket-qua-lotto-535-ngay-23-11-2025.html,23/11/2025,6556130000,
295,Chủ Nhật,23/11/2025,13:00,"5,19,22,34,35",12,https://www.minhchinh.com/xs-lotto-535-ket-qua-lotto-535-ngay-23-11-2025.html,23/11/2025,6412402500,
294,Thứ 7,22/11/2025,21:00,"7,16,23,24,27",9,https://www.minhchinh.com/xs-lotto-535-ket-qua-lotto-535-ngay-22-11-2025.html,22/11/2025,6313127500,
293,Thứ 7,22/11/2025,13:00,"17,23,28,30,31",2,https://www.minhchinh.com/xs-lotto-535-ket-qua-lotto-535-ngay-22-11-2025.html,22/11/2025,6213622500,
292,Thứ 6,21/11/2025,21:00,"5,7,11,19,23",11,https://www.minhchinh.com/xs-lotto-535-ket-qua-lotto-535-ngay-21-11-2025.html,21/11/2025,6114445000,
291,Thứ 6,21/11/2025,13:00,"7,8,10,24,25",8,https://www.minhchinh.com/xs-lotto-535-ket-qua-lotto-535-ngay-21-11-2025.html,21/11/2025,6039047500,
290,Thứ 5,20/11/2025,21:00,"1,7,15,17,23",11,https://www.minhchinh.com/xs-lotto-535-ket-qua-lotto-535-ngay-20-11-2025.html,20/11/2025,19441529500,
289,Thứ 5,20/11/2025,13:00,"6,14,21,24,30",5,https://www.minhchinh.com/xs-lotto-535-ket-qua-lotto-535-ngay-20-11-2025.html,20/11/2025,13403127500,
288,Thứ 4,19/11/2025,21:00,"12,14,20,33,34",1,https://www.minhchinh.com/xs-lotto-535-ket-qua-lotto-535-ngay-19-11-2025.html,19/11/2025,12468132500,
287,Thứ 4,19/11/2025,13:00,"9,20,24,26,34",12,https://www.minhchinh.com/xs-lotto-535-ket-qua-lotto-535-ngay-19-11-2025.html,19/11/2025,11545301500,
286,Thứ 3,18/11/2025,21:00,"8,11,17,21,29",3,https://www.minhchinh.com/xs-lotto-535-ket-qua-lotto-535-ngay-18-11-2025.html,18/11/2025,10941287500,
285,Thứ 3,18/11/2025,13:00,"3,17,30,33,34",8,https://www.minhchinh.com/xs-lotto-535-ket-qua-lotto-535-ngay-18-11-2025.html,18/11/2025,10142257000,
284,Thứ 2,17/11/2025,21:00,"7,9,23,30,34",2,https://www.minhchinh.com/xs-lotto-535-ket-qua-lotto-535-ngay-17-11-2025.html,17/11/2025,9612115500,
283,Thứ 2,17/11/2025,13:00,"3,13,14,18,34",2,https://www.minhchinh.com/xs-lotto-535-ket-qua-lotto-535-ngay-17-11-2025.html,17/11/2025,8764728500,
282,Chủ Nhật,16/11/2025,21:00,"1,18,20,26,30",12,https://www.minhchinh.com/xs-lotto-535-ket-qua-lotto-535-ngay-16-11-2025.html,16/11/2025,8212317500,
281,Chủ Nhật,16/11/2025,13:00,"2,15,21,22,28",7,https://www.minhchinh.com/xs-lotto-535-ket-qua-lotto-535-ngay-16-11-2025.html,16/11/2025,7527290000,
280,Thứ 7,15/11/2025,21:00,"8,20,21,28,29",3,https://www.minhchinh.com/xs-lotto-535-ket-qua-lotto-535-ngay-15-11-2025.html,15/11/2025,7344927500,
279,Thứ 7,15/11/2025,13:00,"2,15,20,22,32",10,https://www.minhchinh.com/xs-lotto-535-ket-qua-lotto-535-ngay-15-11-2025.html,15/11/2025,7179685000,
278,Thứ 6,14/11/2025,21:00,"8,12,14,25,35",3,https://www.minhchinh.com/xs-lotto-535-ket-qua-lotto-535-ngay-14-11-2025.html,14/11/2025,7108347500,
277,Thứ 6,14/11/2025,13:00,"14,19,22,26,28",7,https://www.minhchinh.com/xs-lotto-535-ket-qua-lotto-535-ngay-14-11-2025.html,14/11/2025,6973415000,
276,Thứ 5,13/11/2025,21:00,"3,8,17,22,30",1,https://www.minhchinh.com/xs-lotto-535-ket-qua-lotto-535-ngay-13-11-2025.html,13/11/2025,6924652500,
275,Thứ 5,13/11/2025,13:00,"7,9,21,27,30",4,https://www.minhchinh.com/xs-lotto-535-ket-qua-lotto-535-ngay-13-11-2025.html,13/11/2025,6761012500,
274,Thứ 4,12/11/2025,21:00,"7,10,11,24,26",6,https://www.minhchinh.com/xs-lotto-535-ket-qua-lotto-535-ngay-12-11-2025.html,12/11/2025,6685240000,
273,Thứ 4,12/11/2025,13:00,"3,11,12,28,31",12,https://www.minhchinh.com/xs-lotto-535-ket-qua-lotto-535-ngay-12-11-2025.html,12/11/2025,6660900000,
272,Thứ 3,11/11/2025,21:00,"5,10,11,23,29",8,https://www.minhchinh.com/xs-lotto-535-ket-qua-lotto-535-ngay-11-11-2025.html,11/11/2025,6553350000,
271,Thứ 3,11/11/2025,13:00,"4,6,9,23,33",12,https://www.minhchinh.com/xs-lotto-535-ket-qua-lotto-535-ngay-11-11-2025.html,11/11/2025,6532437500,
270,Thứ 2,10/11/2025,21:00,"5,7,10,31,35",9,https://www.minhchinh.com/xs-lotto-535-ket-qua-lotto-535-ngay-10-11-2025.html,10/11/2025,6403905000,
269,Thứ 2,10/11/2025,13:00,"4,9,13,24,27",12,https://www.minhchinh.com/xs-lotto-535-ket-qua-lotto-535-ngay-10-11-2025.html,10/11/2025,6250850000,
268,Chủ Nhật,09/11/2025,21:00,"7,10,11,14,29",2,https://www.minhchinh.com/xs-lotto-535-ket-qua-lotto-535-ngay-09-11-2025.html,09/11/2025,6172485000,
267,Chủ Nhật,09/11/2025,13:00,"3,5,15,21,23",10,https://www.minhchinh.com/xs-lotto-535-ket-qua-lotto-535-ngay-09-11-2025.html,09/11/2025,6065572500,
266,Thứ 7,08/11/2025,21:00,"6,7,20,23,34",3,https://www.minhchinh.com/xs-lotto-535-ket-qua-lotto-535-ngay-08-11-2025.html,08/11/2025,21373052500,ĐB
265,Thứ 7,08/11/2025,13:00,"5,9,13,22,34",12,https://www.minhchinh.com/xs-lotto-535-ket-qua-lotto-535-ngay-08-11-2025.html,08/11/2025,14697284000,
264,Thứ 6,07/11/2025,21:00,"11,26,28,32,34",4,https://www.minhchinh.com/xs-lotto-535-ket-qua-lotto-535-ngay-07-11-2025.html,07/11/2025,13456148500,
263,Thứ 6,07/11/2025,13:00,"2,14,15,20,33",9,https://www.minhchinh.com/xs-lotto-535-ket-qua-lotto-535-ngay-07-11-2025.html,07/11/2025,12099446500,
262,Thứ 5,06/11/2025,21:00,"5,6,14,18,28",11,https://www.minhchinh.com/xs-lotto-535-ket-qua-lotto-535-ngay-06-11-2025.html,06/11/2025,11405966500,
261,Thứ 5,06/11/2025,13:00,"3,13,14,19,28",9,https://www.minhchinh.com/xs-lotto-535-ket-qua-lotto-535-ngay-06-11-2025.html,06/11/2025,10577755000,
260,Thứ 4,05/11/2025,21:00,"1,4,17,18,19",5,https://www.minhchinh.com/xs-lotto-535-ket-qua-lotto-535-ngay-05-11-2025.html,05/11/2025,10025734000,
259,Thứ 4,05/11/2025,13:00,"6,11,25,33,35",10,https://www.minhchinh.com/xs-lotto-535-ket-qua-lotto-535-ngay-05-11-2025.html,05/11/2025,9240188500,
258,Thứ 3,04/11/2025,21:00,"7,20,28,29,31",6,https://www.minhchinh.com/xs-lotto-535-ket-qua-lotto-535-ngay-04-11-2025.html,04/11/2025,8966217500,
257,Thứ 3,04/11/2025,13:00,"6,7,8,21,34",1,https://www.minhchinh.com/xs-lotto-535-ket-qua-lotto-535-ngay-04-11-2025.html,04/11/2025,8827922500,
256,Thứ 2,03/11/2025,21:00,"6,25,27,32,35",3,https://www.minhchinh.com/xs-lotto-535-ket-qua-lotto-535-ngay-03-11-2025.html,03/11/2025,8659042500,
255,Thứ 2,03/11/2025,13:00,"4,6,11,20,33",1,https://www.minhchinh.com/xs-lotto-535-ket-qua-lotto-535-ngay-03-11-2025.html,03/11/2025,8455030000,
254,Chủ Nhật,02/11/2025,21:00,"13,29,30,32,35",4,https://www.minhchinh.com/xs-lotto-535-ket-qua-lotto-535-ngay-02-11-2025.html,02/11/2025,8307100000,
253,Chủ Nhật,02/11/2025,13:00,"4,8,14,24,32",1,https://www.minhchinh.com/xs-lotto-535-ket-qua-lotto-535-ngay-02-11-2025.html,02/11/2025,8148722500,
252,Thứ 7,01/11/2025,21:00,"2,4,18,26,31",11,https://www.minhchinh.com/xs-lotto-535-ket-qua-lotto-535-ngay-01-11-2025.html,01/11/2025,8011342500,
251,Thứ 7,01/11/2025,13:00,"6,11,14,20,30",9,https://www.minhchinh.com/xs-lotto-535-ket-qua-lotto-535-ngay-01-11-2025.html,01/11/2025,7847582500,
250,Thứ 6,31/10/2025,21:00,"6,14,21,34,35",5,https://www.minhchinh.com/xs-lotto-535-ket-qua-lotto-535-ngay-31-10-2025.html,31/10/2025,7794100000,
249,Thứ 6,31/10/2025,13:00,"5,8,15,17,18",10,https://www.minhchinh.com/xs-lotto-535-ket-qua-lotto-535-ngay-31-10-2025.html,31/10/2025,7622412500,
248,Thứ 5,30/10/2025,21:00,"9,11,12,24,28",7,https://www.minhchinh.com/xs-lotto-535-ket-qua-lotto-535-ngay-30-10-2025.html,30/10/2025,7529555000,
247,Thứ 5,30/10/2025,13:00,"11,20,23,27,34",5,https://www.minhchinh.com/xs-lotto-535-ket-qua-lotto-535-ngay-30-10-2025.html,30/10/2025,7466555000,
246,Thứ 4,29/10/2025,21:00,"15,18,31,34,35",3,https://www.minhchinh.com/xs-lotto-535-ket-qua-lotto-535-ngay-29-10-2025.html,29/10/2025,7393285000,
245,Thứ 4,29/10/2025,13:00,"1,8,17,20,24",1,https://www.minhchinh.com/xs-lotto-535-ket-qua-lotto-535-ngay-29-10-2025.html,29/10/2025,7200662500,
244,Thứ 3,28/10/2025,21:00,"6,7,10,19,22",12,https://www.minhchinh.com/xs-lotto-535-ket-qua-lotto-535-ngay-28-10-2025.html,28/10/2025,7063642500,
243,Thứ 3,28/10/2025,13:00,"10,14,28,33,34",7,https://www.minhchinh.com/xs-lotto-535-ket-qua-lotto-535-ngay-28-10-2025.html,28/10/2025,6956197500,
242,Thứ 2,27/10/2025,21:00,"16,17,20,24,34",3,https://www.minhchinh.com/xs-lotto-535-ket-qua-lotto-535-ngay-27-10-2025.html,27/10/2025,6904722500,
241,Thứ 2,27/10/2025,13:00,"8,9,25,26,32",6,https://www.minhchinh.com/xs-lotto-535-ket-qua-lotto-535-ngay-27-10-2025.html,27/10/2025,6730805000,
240,Chủ Nhật,26/10/2025,21:00,"4,26,27,30,34",2,https://www.minhchinh.com/xs-lotto-535-ket-qua-lotto-535-ngay-26-10-2025.html,26/10/2025,6656785000,
239,Chủ Nhật,26/10/2025,13:00,"17,22,24,31,32",1,https://www.minhchinh.com/xs-lotto-535-ket-qua-lotto-535-ngay-26-10-2025.html,26/10/2025,6504850000,
238,Thứ 7,25/10/2025,21:00,"12,14,25,28,31",5,https://www.minhchinh.com/xs-lotto-535-ket-qua-lotto-535-ngay-25-10-2025.html,25/10/2025,6371455000,
237,Thứ 7,25/10/2025,13:00,"1,10,14,19,25",4,https://www.minhchinh.com/xs-lotto-535-ket-qua-lotto-535-ngay-25-10-2025.html,25/10/2025,6294510000,
236,Thứ 6,24/10/2025,21:00,"5,11,21,22,33",11,https://www.minhchinh.com/xs-lotto-535-ket-qua-lotto-535-ngay-24-10-2025.html,24/10/2025,6184882500,
235,Thứ 6,24/10/2025,13:00,"2,4,11,15,20",6,https://www.minhchinh.com/xs-lotto-535-ket-qua-lotto-535-ngay-24-10-2025.html,24/10/2025,6099360000,
234,Thứ 5,23/10/2025,21:00,"3,7,24,25,34",6,https://www.minhchinh.com/xs-lotto-535-ket-qua-lotto-535-ngay-23-10-2025.html,23/10/2025,6212977500,ĐB
233,Thứ 5,23/10/2025,13:00,"6,10,11,12,30",4,https://www.minhchinh.com/xs-lotto-535-ket-qua-lotto-535-ngay-23-10-2025.html,23/10/2025,6079422500,
232,Thứ 4,22/10/2025,21:00,"6,11,15,25,26",6,https://www.minhchinh.com/xs-lotto-535-ket-qua-lotto-535-ngay-22-10-2025.html,22/10/2025,14041412000,ĐB
231,Thứ 4,22/10/2025,13:00,"7,12,20,32,34",7,https://www.minhchinh.com/xs-lotto-535-ket-qua-lotto-535-ngay-22-10-2025.html,22/10/2025,12725009500,
230,Thứ 3,21/10/2025,21:00,"3,14,20,21,23",1,https://www.minhchinh.com/xs-lotto-535-ket-qua-lotto-535-ngay-21-10-2025.html,21/10/2025,11996384000,
229,Thứ 3,21/10/2025,13:00,"1,14,20,31,32",3,https://www.minhchinh.com/xs-lotto-535-ket-qua-lotto-535-ngay-21-10-2025.html,21/10/2025,11074011500,
228,Thứ 2,20/10/2025,21:00,"2,12,21,24,35",2,https://www.minhchinh.com/xs-lotto-535-ket-qua-lotto-535-ngay-20-10-2025.html,20/10/2025,10435407500,
227,Thứ 2,20/10/2025,13:00,"17,19,29,31,35",11,https://www.minhchinh.com/xs-lotto-535-ket-qua-lotto-535-ngay-20-10-2025.html,20/10/2025,9517988500,
226,Chủ Nhật,19/10/2025,21:00,"2,7,22,33,34",5,https://www.minhchinh.com/xs-lotto-535-ket-qua-lotto-535-ngay-19-10-2025.html,19/10/2025,8956055500,
225,Chủ Nhật,19/10/2025,13:00,"7,12,23,30,35",4,https://www.minhchinh.com/xs-lotto-535-ket-qua-lotto-535-ngay-19-10-2025.html,19/10/2025,8445383000,
224,Thứ 7,18/10/2025,21:00,"2,4,16,28,30",6,https://www.minhchinh.com/xs-lotto-535-ket-qua-lotto-535-ngay-18-10-2025.html,18/10/2025,7985399500,
223,Thứ 7,18/10/2025,13:00,"6,8,13,24,25",3,https://www.minhchinh.com/xs-lotto-535-ket-qua-lotto-535-ngay-18-10-2025.html,18/10/2025,7507057500,
222,Thứ 6,17/10/2025,21:00,"20,23,25,28,34",7,https://www.minhchinh.com/xs-lotto-535-ket-qua-lotto-535-ngay-17-10-2025.html,17/10/2025,7431355000,
221,Thứ 6,17/10/2025,13:00,"18,25,26,34,35",7,https://www.minhchinh.com/xs-lotto-535-ket-qua-lotto-535-ngay-17-10-2025.html,17/10/2025,7353852500,
220,Thứ 5,16/10/2025,21:00,"10,19,21,29,32",4,https://www.minhchinh.com/xs-lotto-535-ket-qua-lotto-535-ngay-16-10-2025.html,16/10/2025,7271145000,
219,Thứ 5,16/10/2025,13:00,"1,9,12,20,23",1,https://www.minhchinh.com/xs-lotto-535-ket-qua-lotto-535-ngay-16-10-2025.html,16/10/2025,7132435000,
218,Thứ 4,15/10/2025,21:00,"2,4,21,30,34",11,https://www.minhchinh.com/xs-lotto-535-ket-qua-lotto-535-ngay-15-10-2025.html,15/10/2025,7031675000,
217,Thứ 4,15/10/2025,13:00,"1,4,14,15,32",8,https://www.minhchinh.com/xs-lotto-535-ket-qua-lotto-535-ngay-15-10-2025.html,15/10/2025,6864490000,
216,Thứ 3,14/10/2025,21:00,"1,18,21,23,26",11,https://www.minhchinh.com/xs-lotto-535-ket-qua-lotto-535-ngay-14-10-2025.html,14/10/2025,6799122500,
215,Thứ 3,14/10/2025,13:00,"7,12,14,20,28",4,https://www.minhchinh.com/xs-lotto-535-ket-qua-lotto-535-ngay-14-10-2025.html,14/10/2025,6620247500,
214,Thứ 2,13/10/2025,21:00,"16,19,25,26,32",11,https://www.minhchinh.com/xs-lotto-535-ket-qua-lotto-535-ngay-13-10-2025.html,13/10/2025,6543550000,
213,Thứ 2,13/10/2025,13:00,"2,17,32,33,34",3,https://www.minhchinh.com/xs-lotto-535-ket-qua-lotto-535-ngay-13-10-2025.html,13/10/2025,6408260000,
212,Chủ Nhật,12/10/2025,21:00,"8,15,28,33,34",9,https://www.minhchinh.com/xs-lotto-535-ket-qua-lotto-535-ngay-12-10-2025.html,12/10/2025,6275262500,
211,Chủ Nhật,12/10/2025,13:00,"8,15,22,26,28",11,https://www.minhchinh.com/xs-lotto-535-ket-qua-lotto-535-ngay-12-10-2025.html,12/10/2025,6243862500,
210,Thứ 7,11/10/2025,21:00,"13,16,21,22,23",4,https://www.minhchinh.com/xs-lotto-535-ket-qua-lotto-535-ngay-11-10-2025.html,11/10/2025,6140130000,
209,Thứ 7,11/10/2025,13:00,"2,18,19,29,32",7,https://www.minhchinh.com/xs-lotto-535-ket-qua-lotto-535-ngay-11-10-2025.html,11/10/2025,10208253500,ĐB
208,Thứ 6,10/10/2025,21:00,"1,5,16,22,26",4,https://www.minhchinh.com/xs-lotto-535-ket-qua-lotto-535-ngay-10-10-2025.html,10/10/2025,9668022000,
207,Thứ 6,10/10/2025,13:00,"3,10,13,24,31",10,https://www.minhchinh.com/xs-lotto-535-ket-qua-lotto-535-ngay-10-10-2025.html,10/10/2025,8903829000,
206,Thứ 5,09/10/2025,21:00,"3,7,10,13,14",8,https://www.minhchinh.com/xs-lotto-535-ket-qua-lotto-535-ngay-09-10-2025.html,09/10/2025,8389429500,
205,Thứ 5,09/10/2025,13:00,"7,21,24,25,28",3,https://www.minhchinh.com/xs-lotto-535-ket-qua-lotto-535-ngay-09-10-2025.html,09/10/2025,7841725000,
204,Thứ 4,08/10/2025,21:00,"10,13,28,31,34",12,https://www.minhchinh.com/xs-lotto-535-ket-qua-lotto-535-ngay-08-10-2025.html,08/10/2025,7713827500,
203,Thứ 4,08/10/2025,13:00,"1,7,8,28,34",11,https://www.minhchinh.com/xs-lotto-535-ket-qua-lotto-535-ngay-08-10-2025.html,08/10/2025,7522827500,
202,Thứ 3,07/10/2025,21:00,"3,13,19,23,25",12,https://www.minhchinh.com/xs-lotto-535-ket-qua-lotto-535-ngay-07-10-2025.html,07/10/2025,7381125000,
201,Thứ 3,07/10/2025,13:00,"2,16,17,30,33",7,https://www.minhchinh.com/xs-lotto-535-ket-qua-lotto-535-ngay-07-10-2025.html,07/10/2025,7210802500,
200,Thứ 2,06/10/2025,21:00,"7,18,22,23,33",10,https://www.minhchinh.com/xs-lotto-535-ket-qua-lotto-535-ngay-06-10-2025.html,06/10/2025,7125885000,
199,Thứ 2,06/10/2025,13:00,"3,4,9,11,21",5,https://www.minhchinh.com/xs-lotto-535-ket-qua-lotto-535-ngay-06-10-2025.html,06/10/2025,6960505000,
198,Chủ Nhật,05/10/2025,21:00,"17,18,20,21,34",12,https://www.minhchinh.com/xs-lotto-535-ket-qua-lotto-535-ngay-05-10-2025.html,05/10/2025,6827927500,
197,Chủ Nhật,05/10/2025,13:00,"8,9,22,32,33",12,https://www.minhchinh.com/xs-lotto-535-ket-qua-lotto-535-ngay-05-10-2025.html,05/10/2025,6640032500,
196,Thứ 7,04/10/2025,21:00,"2,11,20,26,28",4,https://www.minhchinh.com/xs-lotto-535-ket-qua-lotto-535-ngay-04-10-2025.html,04/10/2025,6531615000,
195,Thứ 7,04/10/2025,13:00,"21,23,26,27,28",6,https://www.minhchinh.com/xs-lotto-535-ket-qua-lotto-535-ngay-04-10-2025.html,04/10/2025,6370705000,
194,Thứ 6,03/10/2025,21:00,"1,11,22,31,33",10,https://www.minhchinh.com/xs-lotto-535-ket-qua-lotto-535-ngay-03-10-2025.html,03/10/2025,6269355000,
193,Thứ 6,03/10/2025,13:00,"6,7,8,10,33",1,https://www.minhchinh.com/xs-lotto-535-ket-qua-lotto-535-ngay-03-10-2025.html,03/10/2025,6141712500,
192,Thứ 5,02/10/2025,21:00,"8,9,14,27,35",11,https://www.minhchinh.com/xs-lotto-535-ket-qua-lotto-535-ngay-02-10-2025.html,02/10/2025,22074343000,
191,Thứ 5,02/10/2025,13:00,"19,22,26,27,33",5,https://www.minhchinh.com/xs-lotto-535-ket-qua-lotto-535-ngay-02-10-2025.html,02/10/2025,14958430500,
190,Thứ 4,01/10/2025,21:00,"6,24,27,33,34",8,https://www.minhchinh.com/xs-lotto-535-ket-qua-lotto-535-ngay-01-10-2025.html,01/10/2025,13807728500,
189,Thứ 4,01/10/2025,13:00,"2,9,14,15,35",8,https://www.minhchinh.com/xs-lotto-535-ket-qua-lotto-535-ngay-01-10-2025.html,01/10/2025,12405921000,
188,Thứ 3,30/09/2025,21:00,"13,16,19,20,31",11,https://www.minhchinh.com/xs-lotto-535-ket-qua-lotto-535-ngay-30-09-2025.html,30/09/2025,11722212500,
187,Thứ 3,30/09/2025,13:00,"3,5,8,23,29",1,https://www.minhchinh.com/xs-lotto-535-ket-qua-lotto-535-ngay-30-09-2025.html,30/09/2025,10910625500,
186,Thứ 2,29/09/2025,21:00,"15,18,21,27,33",6,https://www.minhchinh.com/xs-lotto-535-ket-qua-lotto-535-ngay-29-09-2025.html,29/09/2025,10312860500,
185,Thứ 2,29/09/2025,13:00,"6,15,17,23,25",5,https://www.minhchinh.com/xs-lotto-535-ket-qua-lotto-535-ngay-29-09-2025.html,29/09/2025,9481268000,
184,Chủ Nhật,28/09/2025,21:00,"10,31,33,34,35",10,https://www.minhchinh.com/xs-lotto-535-ket-qua-lotto-535-ngay-28-09-2025.html,28/09/2025,8969768000,
183,Chủ Nhật,28/09/2025,13:00,"4,7,10,15,30",7,https://www.minhchinh.com/xs-lotto-535-ket-qua-lotto-535-ngay-28-09-2025.html,28/09/2025,8271743500,
182,Thứ 7,27/09/2025,21:00,"3,9,21,22,25",11,https://www.minhchinh.com/xs-lotto-535-ket-qua-lotto-535-ngay-27-09-2025.html,27/09/2025,7806005500,
181,Thứ 7,27/09/2025,13:00,"6,18,19,21,23",7,https://www.minhchinh.com/xs-lotto-535-ket-qua-lotto-535-ngay-27-09-2025.html,27/09/2025,7342412500,
180,Thứ 6,26/09/2025,21:00,"10,21,28,31,33",7,https://www.minhchinh.com/xs-lotto-535-ket-qua-lotto-535-ngay-26-09-2025.html,26/09/2025,7238972500,
179,Thứ 6,26/09/2025,13:00,"10,12,15,17,22",8,https://www.minhchinh.com/xs-lotto-535-ket-qua-lotto-535-ngay-26-09-2025.html,26/09/2025,7120507500,
178,Thứ 5,25/09/2025,21:00,"5,14,21,22,27",8,https://www.minhchinh.com/xs-lotto-535-ket-qua-lotto-535-ngay-25-09-2025.html,25/09/2025,7005472500,
177,Thứ 5,25/09/2025,13:00,"1,3,14,22,28",6,https://www.minhchinh.com/xs-lotto-535-ket-qua-lotto-535-ngay-25-09-2025.html,25/09/2025,6885992500,
176,Thứ 4,24/09/2025,21:00,"3,12,13,19,28",2,https://www.minhchinh.com/xs-lotto-535-ket-qua-lotto-535-ngay-24-09-2025.html,24/09/2025,6792965000,
175,Thứ 4,24/09/2025,13:00,"8,11,15,18,28",2,https://www.minhchinh.com/xs-lotto-535-ket-qua-lotto-535-ngay-24-09-2025.html,24/09/2025,6636237500,
174,Thứ 3,23/09/2025,21:00,"9,16,17,20,24",8,https://www.minhchinh.com/xs-lotto-535-ket-qua-lotto-535-ngay-23-09-2025.html,23/09/2025,6536547500,
173,Thứ 3,23/09/2025,13:00,"1,2,3,10,11",4,https://www.minhchinh.com/xs-lotto-535-ket-qua-lotto-535-ngay-23-09-2025.html,23/09/2025,6449487500,
172,Thứ 2,22/09/2025,21:00,"6,9,20,25,31",7,https://www.minhchinh.com/xs-lotto-535-ket-qua-lotto-535-ngay-22-09-2025.html,22/09/2025,6343660000,
171,Thứ 2,22/09/2025,13:00,"5,15,26,30,34",5,https://www.minhchinh.com/xs-lotto-535-ket-qua-lotto-535-ngay-22-09-2025.html,22/09/2025,6274105000,
170,Chủ Nhật,21/09/2025,21:00,"3,12,20,21,29",5,https://www.minhchinh.com/xs-lotto-535-ket-qua-lotto-535-ngay-21-09-2025.html,21/09/2025,6197992500,
169,Chủ Nhật,21/09/2025,13:00,"5,13,15,22,23",4,https://www.minhchinh.com/xs-lotto-535-ket-qua-lotto-535-ngay-21-09-2025.html,21/09/2025,6120052500,
168,Thứ 7,20/09/2025,21:00,"3,4,8,18,31",7,https://www.minhchinh.com/xs-lotto-535-ket-qua-lotto-535-ngay-20-09-2025.html,20/09/2025,18552573500,
167,Thứ 7,20/09/2025,13:00,"3,14,20,23,35",6,https://www.minhchinh.com/xs-lotto-535-ket-qua-lotto-535-ngay-20-09-2025.html,20/09/2025,13448056500,
166,Thứ 6,19/09/2025,21:00,"11,18,20,24,25",8,https://www.minhchinh.com/xs-lotto-535-ket-qua-lotto-535-ngay-19-09-2025.html,19/09/2025,12444176500,
165,Thứ 6,19/09/2025,13:00,"10,27,29,30,34",10,https://www.minhchinh.com/xs-lotto-535-ket-qua-lotto-535-ngay-19-09-2025.html,19/09/2025,11594910000,
164,Thứ 5,18/09/2025,21:00,"8,10,14,23,25",4,https://www.minhchinh.com/xs-lotto-535-ket-qua-lotto-535-ngay-18-09-2025.html,18/09/2025,10968490500,
163,Thứ 5,18/09/2025,13:00,"11,13,15,17,30",6,https://www.minhchinh.com/xs-lotto-535-ket-qua-lotto-535-ngay-18-09-2025.html,18/09/2025,10138302000,
162,Thứ 4,17/09/2025,21:00,"1,13,14,15,21",8,https://www.minhchinh.com/xs-lotto-535-ket-qua-lotto-535-ngay-17-09-2025.html,17/09/2025,9591473500,
161,Thứ 4,17/09/2025,13:00,"1,12,14,19,20",7,https://www.minhchinh.com/xs-lotto-535-ket-qua-lotto-535-ngay-17-09-2025.html,17/09/2025,8816813500,
160,Thứ 3,16/09/2025,21:00,"3,10,13,22,28",3,https://www.minhchinh.com/xs-lotto-535-ket-qua-lotto-535-ngay-16-09-2025.html,16/09/2025,8246769500,
159,Thứ 3,16/09/2025,13:00,"8,14,16,19,29",7,https://www.minhchinh.com/xs-lotto-535-ket-qua-lotto-535-ngay-16-09-2025.html,16/09/2025,7525265000,
158,Thứ 2,15/09/2025,21:00,"11,16,20,27,32",2,https://www.minhchinh.com/xs-lotto-535-ket-qua-lotto-535-ngay-15-09-2025.html,15/09/2025,7395502500,
157,Thứ 2,15/09/2025,13:00,"1,11,16,25,29",7,https://www.minhchinh.com/xs-lotto-535-ket-qua-lotto-535-ngay-15-09-2025.html,15/09/2025,7210592500,
156,Chủ Nhật,14/09/2025,21:00,"6,10,11,12,27",4,https://www.minhchinh.com/xs-lotto-535-ket-qua-lotto-535-ngay-14-09-2025.html,14/09/2025,7139607500,
155,Chủ Nhật,14/09/2025,13:00,"1,6,7,11,31",3,https://www.minhchinh.com/xs-lotto-535-ket-qua-lotto-535-ngay-14-09-2025.html,14/09/2025,7016852500,
154,Thứ 7,13/09/2025,21:00,"2,6,28,29,31",12,https://www.minhchinh.com/xs-lotto-535-ket-qua-lotto-535-ngay-13-09-2025.html,13/09/2025,6882622500,
153,Thứ 7,13/09/2025,13:00,"3,19,26,33,34",8,https://www.minhchinh.com/xs-lotto-535-ket-qua-lotto-535-ngay-13-09-2025.html,13/09/2025,6717187500,
152,Thứ 6,12/09/2025,21:00,"2,6,7,24,28",1,https://www.minhchinh.com/xs-lotto-535-ket-qua-lotto-535-ngay-12-09-2025.html,12/09/2025,6703490000,
151,Thứ 6,12/09/2025,13:00,"15,17,19,20,34",3,https://www.minhchinh.com/xs-lotto-535-ket-qua-lotto-535-ngay-12-09-2025.html,12/09/2025,6525340000,
150,Thứ 5,11/09/2025,21:00,"13,22,25,30,31",9,https://www.minhchinh.com/xs-lotto-535-ket-qua-lotto-535-ngay-11-09-2025.html,11/09/2025,6434580000,
149,Thứ 5,11/09/2025,13:00,"1,6,25,28,30",2,https://www.minhchinh.com/xs-lotto-535-ket-qua-lotto-535-ngay-11-09-2025.html,11/09/2025,6340945000,
148,Thứ 4,10/09/2025,21:00,"4,13,16,23,29",11,https://www.minhchinh.com/xs-lotto-535-ket-qua-lotto-535-ngay-10-09-2025.html,10/09/2025,6199605000,
147,Thứ 4,10/09/2025,13:00,"6,13,14,23,29",6,https://www.minhchinh.com/xs-lotto-535-ket-qua-lotto-535-ngay-10-09-2025.html,10/09/2025,6060537500,
146,Thứ 3,09/09/2025,21:00,"11,15,19,27,33",1,https://www.minhchinh.com/xs-lotto-535-ket-qua-lotto-535-ngay-09-09-2025.html,09/09/2025,21380563500,
145,Thứ 3,09/09/2025,13:00,"3,4,21,26,33",5,https://www.minhchinh.com/xs-lotto-535-ket-qua-lotto-535-ngay-09-09-2025.html,09/09/2025,15355778500,
144,Thứ 2,08/09/2025,21:00,"17,18,19,22,34",3,https://www.minhchinh.com/xs-lotto-535-ket-qua-lotto-535-ngay-08-09-2025.html,08/09/2025,14081334500,
143,Thứ 2,08/09/2025,13:00,"11,14,19,21,25",2,https://www.minhchinh.com/xs-lotto-535-ket-qua-lotto-535-ngay-08-09-2025.html,08/09/2025,12247311000,
142,Chủ Nhật,07/09/2025,21:00,"21,25,26,29,30",9,https://www.minhchinh.com/xs-lotto-535-ket-qua-lotto-535-ngay-07-09-2025.html,07/09/2025,11486765500,
141,Chủ Nhật,07/09/2025,13:00,"1,3,10,14,15",7,https://www.minhchinh.com/xs-lotto-535-ket-qua-lotto-535-ngay-07-09-2025.html,07/09/2025,10619029000,
140,Thứ 7,06/09/2025,21:00,"5,7,29,32,33",12,https://www.minhchinh.com/xs-lotto-535-ket-qua-lotto-535-ngay-06-09-2025.html,06/09/2025,10009705500,
139,Thứ 7,06/09/2025,13:00,"7,11,13,27,34",4,https://www.minhchinh.com/xs-lotto-535-ket-qua-lotto-535-ngay-06-09-2025.html,06/09/2025,9157061500,
138,Thứ 6,05/09/2025,21:00,"6,15,17,20,30",10,https://www.minhchinh.com/xs-lotto-535-ket-qua-lotto-535-ngay-05-09-2025.html,05/09/2025,8587063000,
137,Thứ 6,05/09/2025,13:00,"1,4,20,23,35",11,https://www.minhchinh.com/xs-lotto-535-ket-qua-lotto-535-ngay-05-09-2025.html,05/09/2025,7900241000,
136,Thứ 5,04/09/2025,21:00,"4,5,27,28,30",5,https://www.minhchinh.com/xs-lotto-535-ket-qua-lotto-535-ngay-04-09-2025.html,04/09/2025,7590772500,
135,Thứ 5,04/09/2025,13:00,"12,17,23,26,29",12,https://www.minhchinh.com/xs-lotto-535-ket-qua-lotto-535-ngay-04-09-2025.html,04/09/2025,7437710000,
134,Thứ 4,03/09/2025,21:00,"1,5,10,21,30",3,https://www.minhchinh.com/xs-lotto-535-ket-qua-lotto-535-ngay-03-09-2025.html,03/09/2025,7288615000,
133,Thứ 4,03/09/2025,13:00,"1,6,9,17,26",4,https://www.minhchinh.com/xs-lotto-535-ket-qua-lotto-535-ngay-03-09-2025.html,03/09/2025,7167017500,
132,Thứ 3,02/09/2025,21:00,"5,9,12,32,35",1,https://www.minhchinh.com/xs-lotto-535-ket-qua-lotto-535-ngay-02-09-2025.html,02/09/2025,7079790000,
131,Thứ 3,02/09/2025,13:00,"1,10,12,22,31",2,https://www.minhchinh.com/xs-lotto-535-ket-qua-lotto-535-ngay-02-09-2025.html,02/09/2025,6875282500,
130,Thứ 2,01/09/2025,21:00,"5,7,10,21,30",7,https://www.minhchinh.com/xs-lotto-535-ket-qua-lotto-535-ngay-01-09-2025.html,01/09/2025,6742730000,
129,Thứ 2,01/09/2025,13:00,"9,22,24,30,35",7,https://www.minhchinh.com/xs-lotto-535-ket-qua-lotto-535-ngay-01-09-2025.html,01/09/2025,6567697500,
128,Chủ Nhật,31/08/2025,21:00,"2,10,22,23,31",12,https://www.minhchinh.com/xs-lotto-535-ket-qua-lotto-535-ngay-31-08-2025.html,31/08/2025,6457232500,
127,Chủ Nhật,31/08/2025,13:00,"1,8,19,21,30",11,https://www.minhchinh.com/xs-lotto-535-ket-qua-lotto-535-ngay-31-08-2025.html,31/08/2025,6299385000,
126,Thứ 7,30/08/2025,21:00,"4,6,14,15,20",9,https://www.minhchinh.com/xs-lotto-535-ket-qua-lotto-535-ngay-30-08-2025.html,30/08/2025,6201855000,
125,Thứ 7,30/08/2025,13:00,"7,11,18,20,27",10,https://www.minhchinh.com/xs-lotto-535-ket-qua-lotto-535-ngay-30-08-2025.html,30/08/2025,6082902500,
124,Thứ 6,29/08/2025,21:00,"9,12,13,19,25",8,https://www.minhchinh.com/xs-lotto-535-ket-qua-lotto-535-ngay-29-08-2025.html,29/08/2025,13958467500,ĐB
123,Thứ 6,29/08/2025,13:00,"8,10,21,27,31",5,https://www.minhchinh.com/xs-lotto-535-ket-qua-lotto-535-ngay-29-08-2025.html,29/08/2025,12155408500,
122,Thứ 5,28/08/2025,21:00,"1,4,17,18,28",5,https://www.minhchinh.com/xs-lotto-535-ket-qua-lotto-535-ngay-28-08-2025.html,28/08/2025,11339777500,
121,Thứ 5,28/08/2025,13:00,"3,18,19,23,30",7,https://www.minhchinh.com/xs-lotto-535-ket-qua-lotto-535-ngay-28-08-2025.html,28/08/2025,10378225500,
120,Thứ 4,27/08/2025,21:00,"2,9,10,24,30",5,https://www.minhchinh.com/xs-lotto-535-ket-qua-lotto-535-ngay-27-08-2025.html,27/08/2025,9749397000,
119,Thứ 4,27/08/2025,13:00,"7,11,17,22,35",8,https://www.minhchinh.com/xs-lotto-535-ket-qua-lotto-535-ngay-27-08-2025.html,27/08/2025,8980434500,
118,Thứ 3,26/08/2025,21:00,"7,11,26,34,35",9,https://www.minhchinh.com/xs-lotto-535-ket-qua-lotto-535-ngay-26-08-2025.html,26/08/2025,8395403000,
117,Thứ 3,26/08/2025,13:00,"13,20,25,27,30",11,https://www.minhchinh.com/xs-lotto-535-ket-qua-lotto-535-ngay-26-08-2025.html,26/08/2025,8219542500,
116,Thứ 2,25/08/2025,21:00,"2,15,19,25,34",6,https://www.minhchinh.com/xs-lotto-535-ket-qua-lotto-535-ngay-25-08-2025.html,25/08/2025,8115830000,
115,Thứ 2,25/08/2025,13:00,"1,7,14,25,26",1,https://www.minhchinh.com/xs-lotto-535-ket-qua-lotto-535-ngay-25-08-2025.html,25/08/2025,7965982500,
114,Chủ Nhật,24/08/2025,21:00,"4,12,25,29,34",12,https://www.minhchinh.com/xs-lotto-535-ket-qua-lotto-535-ngay-24-08-2025.html,24/08/2025,7788380000,
113,Chủ Nhật,24/08/2025,13:00,"8,9,21,23,30",12,https://www.minhchinh.com/xs-lotto-535-ket-qua-lotto-535-ngay-24-08-2025.html,24/08/2025,7546995000,
112,Thứ 7,23/08/2025,21:00,"6,11,16,17,29",7,https://www.minhchinh.com/xs-lotto-535-ket-qua-lotto-535-ngay-23-08-2025.html,23/08/2025,7402845000,
111,Thứ 7,23/08/2025,13:00,"4,13,14,26,30",8,https://www.minhchinh.com/xs-lotto-535-ket-qua-lotto-535-ngay-23-08-2025.html,23/08/2025,7250027500,
110,Thứ 6,22/08/2025,21:00,"16,20,23,28,31",2,https://www.minhchinh.com/xs-lotto-535-ket-qua-lotto-535-ngay-22-08-2025.html,22/08/2025,7126327500,
109,Thứ 6,22/08/2025,13:00,"8,9,32,33,34",2,https://www.minhchinh.com/xs-lotto-535-ket-qua-lotto-535-ngay-22-08-2025.html,22/08/2025,6937427500,
108,Thứ 5,21/08/2025,21:00,"9,13,18,24,29",2,https://www.minhchinh.com/xs-lotto-535-ket-qua-lotto-535-ngay-21-08-2025.html,21/08/2025,6765762500,
107,Thứ 5,21/08/2025,13:00,"2,4,13,15,26",1,https://www.minhchinh.com/xs-lotto-535-ket-qua-lotto-535-ngay-21-08-2025.html,21/08/2025,6569485000,
106,Thứ 4,20/08/2025,21:00,"3,6,18,25,35",12,https://www.minhchinh.com/xs-lotto-535-ket-qua-lotto-535-ngay-20-08-2025.html,20/08/2025,6392685000,
105,Thứ 4,20/08/2025,13:00,"5,10,15,24,25",7,https://www.minhchinh.com/xs-lotto-535-ket-qua-lotto-535-ngay-20-08-2025.html,20/08/2025,6217080000,
104,Thứ 3,19/08/2025,21:00,"14,20,22,28,32",6,https://www.minhchinh.com/xs-lotto-535-ket-qua-lotto-535-ngay-19-08-2025.html,19/08/2025,6216382500,
103,Thứ 3,19/08/2025,13:00,"3,10,24,30,33",4,https://www.minhchinh.com/xs-lotto-535-ket-qua-lotto-535-ngay-19-08-2025.html,19/08/2025,6100900000,
102,Thứ 2,18/08/2025,21:00,"5,10,15,20,28",12,https://www.minhchinh.com/xs-lotto-535-ket-qua-lotto-535-ngay-18-08-2025.html,18/08/2025,6962225000,ĐB
101,Thứ 2,18/08/2025,13:00,"1,4,17,33,34",6,https://www.minhchinh.com/xs-lotto-535-ket-qua-lotto-535-ngay-18-08-2025.html,18/08/2025,6818807500,
100,Chủ Nhật,17/08/2025,21:00,"1,5,12,27,30",3,https://www.minhchinh.com/xs-lotto-535-ket-qua-lotto-535-ngay-17-08-2025.html,17/08/2025,6685642500,
99,Chủ Nhật,17/08/2025,13:00,"15,20,23,27,30",4,https://www.minhchinh.com/xs-lotto-535-ket-qua-lotto-535-ngay-17-08-2025.html,17/08/2025,6464850000,
98,Thứ 7,16/08/2025,21:00,"3,18,20,26,30",2,https://www.minhchinh.com/xs-lotto-535-ket-qua-lotto-535-ngay-16-08-2025.html,16/08/2025,6325257500,
97,Thứ 7,16/08/2025,13:00,"8,21,24,33,34",3,https://www.minhchinh.com/xs-lotto-535-ket-qua-lotto-535-ngay-16-08-2025.html,16/08/2025,6164275000,
96,Thứ 6,15/08/2025,21:00,"3,9,20,26,33",4,https://www.minhchinh.com/xs-lotto-535-ket-qua-lotto-535-ngay-15-08-2025.html,15/08/2025,18934861000,
95,Thứ 6,15/08/2025,13:00,"5,6,27,33,34",8,https://www.minhchinh.com/xs-lotto-535-ket-qua-lotto-535-ngay-15-08-2025.html,15/08/2025,13964416500,
94,Thứ 5,14/08/2025,21:00,"3,4,11,29,30",3,https://www.minhchinh.com/xs-lotto-535-ket-qua-lotto-535-ngay-14-08-2025.html,14/08/2025,12884383500,
93,Thứ 5,14/08/2025,13:00,"11,19,22,27,35",10,https://www.minhchinh.com/xs-lotto-535-ket-qua-lotto-535-ngay-14-08-2025.html,14/08/2025,11643929000,
92,Thứ 4,13/08/2025,21:00,"13,18,23,26,27",12,https://www.minhchinh.com/xs-lotto-535-ket-qua-lotto-535-ngay-13-08-2025.html,13/08/2025,10884350000,
91,Thứ 4,13/08/2025,13:00,"20,22,25,28,32",1,https://www.minhchinh.com/xs-lotto-535-ket-qua-lotto-535-ngay-13-08-2025.html,13/08/2025,9952698000,
90,Thứ 3,12/08/2025,21:00,"1,8,10,27,29",11,https://www.minhchinh.com/xs-lotto-535-ket-qua-lotto-535-ngay-12-08-2025.html,12/08/2025,9183921500,
89,Thứ 3,12/08/2025,13:00,"8,17,24,25,33",5,https://www.minhchinh.com/xs-lotto-535-ket-qua-lotto-535-ngay-12-08-2025.html,12/08/2025,8546250000,
88,Thứ 2,11/08/2025,21:00,"3,4,10,13,32",1,https://www.minhchinh.com/xs-lotto-535-ket-qua-lotto-535-ngay-11-08-2025.html,11/08/2025,8453195000,
87,Thứ 2,11/08/2025,13:00,"2,9,11,17,23",3,https://www.minhchinh.com/xs-lotto-535-ket-qua-lotto-535-ngay-11-08-2025.html,11/08/2025,8117617500,
86,Chủ Nhật,10/08/2025,21:00,"22,24,28,31,34",3,https://www.minhchinh.com/xs-lotto-535-ket-qua-lotto-535-ngay-10-08-2025.html,10/08/2025,7959545000,
85,Chủ Nhật,10/08/2025,13:00,"8,16,18,28,34",7,https://www.minhchinh.com/xs-lotto-535-ket-qua-lotto-535-ngay-10-08-2025.html,10/08/2025,7766407500,
84,Thứ 7,09/08/2025,21:00,"9,16,17,26,32",12,https://www.minhchinh.com/xs-lotto-535-ket-qua-lotto-535-ngay-09-08-2025.html,09/08/2025,7677005000,
83,Thứ 7,09/08/2025,13:00,"2,15,20,24,28",10,https://www.minhchinh.com/xs-lotto-535-ket-qua-lotto-535-ngay-09-08-2025.html,09/08/2025,7513775000,
82,Thứ 6,08/08/2025,21:00,"1,9,15,16,20",11,https://www.minhchinh.com/xs-lotto-535-ket-qua-lotto-535-ngay-08-08-2025.html,08/08/2025,7365807500,
81,Thứ 6,08/08/2025,13:00,"2,15,22,30,33",6,https://www.minhchinh.com/xs-lotto-535-ket-qua-lotto-535-ngay-08-08-2025.html,08/08/2025,7117630000,
80,Thứ 5,07/08/2025,21:00,"6,12,18,23,25",11,https://www.minhchinh.com/xs-lotto-535-ket-qua-lotto-535-ngay-07-08-2025.html,07/08/2025,6978530000,
79,Thứ 5,07/08/2025,13:00,"1,18,27,29,30",7,https://www.minhchinh.com/xs-lotto-535-ket-qua-lotto-535-ngay-07-08-2025.html,07/08/2025,6907245000,
78,Thứ 4,06/08/2025,21:00,"7,10,15,16,29",9,https://www.minhchinh.com/xs-lotto-535-ket-qua-lotto-535-ngay-06-08-2025.html,06/08/2025,6784097500,
77,Thứ 4,06/08/2025,13:00,"12,25,31,32,35",4,https://www.minhchinh.com/xs-lotto-535-ket-qua-lotto-535-ngay-06-08-2025.html,06/08/2025,6655630000,
76,Thứ 3,05/08/2025,21:00,"5,8,10,13,32",10,https://www.minhchinh.com/xs-lotto-535-ket-qua-lotto-535-ngay-05-08-2025.html,05/08/2025,6540562500,
75,Thứ 3,05/08/2025,13:00,"8,20,24,30,34",1,https://www.minhchinh.com/xs-lotto-535-ket-qua-lotto-535-ngay-05-08-2025.html,05/08/2025,6360402500,
74,Thứ 2,04/08/2025,21:00,"5,13,23,25,33",11,https://www.minhchinh.com/xs-lotto-535-ket-qua-lotto-535-ngay-04-08-2025.html,04/08/2025,6192165000,
73,Thứ 2,04/08/2025,13:00,"5,20,25,30,32",10,https://www.minhchinh.com/xs-lotto-535-ket-qua-lotto-535-ngay-04-08-2025.html,04/08/2025,6342190000,ĐB
72,Chủ Nhật,03/08/2025,21:00,"7,14,15,29,34",9,https://www.minhchinh.com/xs-lotto-535-ket-qua-lotto-535-ngay-03-08-2025.html,03/08/2025,6214160000,
71,Chủ Nhật,03/08/2025,13:00,"1,6,8,23,25",12,https://www.minhchinh.com/xs-lotto-535-ket-qua-lotto-535-ngay-03-08-2025.html,03/08/2025,6132207500,
70,Thứ 7,02/08/2025,21:00,"1,12,18,20,25",10,https://www.minhchinh.com/xs-lotto-535-ket-qua-lotto-535-ngay-02-08-2025.html,02/08/2025,19410452000,ĐB
69,Thứ 7,02/08/2025,13:00,"1,3,7,10,25",11,https://www.minhchinh.com/xs-lotto-535-ket-qua-lotto-535-ngay-02-08-2025.html,02/08/2025,14408047500,
68,Thứ 6,01/08/2025,21:00,"9,12,22,26,31",11,https://www.minhchinh.com/xs-lotto-535-ket-qua-lotto-535-ngay-01-08-2025.html,01/08/2025,13029911500,
67,Thứ 6,01/08/2025,13:00,"12,14,16,22,23",9,https://www.minhchinh.com/xs-lotto-535-ket-qua-lotto-535-ngay-01-08-2025.html,01/08/2025,11635518500,
66,Thứ 5,31/07/2025,21:00,"3,6,22,31,33",2,https://www.minhchinh.com/xs-lotto-535-ket-qua-lotto-535-ngay-31-07-2025.html,31/07/2025,10848645500,
65,Thứ 5,31/07/2025,13:00,"3,10,24,26,34",6,https://www.minhchinh.com/xs-lotto-535-ket-qua-lotto-535-ngay-31-07-2025.html,31/07/2025,9699894000,
64,Thứ 4,30/07/2025,21:00,"13,21,26,27,32",3,https://www.minhchinh.com/xs-lotto-535-ket-qua-lotto-535-ngay-30-07-2025.html,30/07/2025,8971819000,
63,Thứ 4,30/07/2025,13:00,"4,9,10,18,19",2,https://www.minhchinh.com/xs-lotto-535-ket-qua-lotto-535-ngay-30-07-2025.html,30/07/2025,8028147500,
62,Thứ 3,29/07/2025,21:00,"20,21,29,31,33",3,https://www.minhchinh.com/xs-lotto-535-ket-qua-lotto-535-ngay-29-07-2025.html,29/07/2025,7574632500,
61,Thứ 3,29/07/2025,13:00,"1,5,16,28,29",8,https://www.minhchinh.com/xs-lotto-535-ket-qua-lotto-535-ngay-29-07-2025.html,29/07/2025,7326952500,
60,Thứ 2,28/07/2025,21:00,"15,19,25,32,33",5,https://www.minhchinh.com/xs-lotto-535-ket-qua-lotto-535-ngay-28-07-2025.html,28/07/2025,7184975000,
59,Thứ 2,28/07/2025,13:00,"1,3,28,32,33",11,https://www.minhchinh.com/xs-lotto-535-ket-qua-lotto-535-ngay-28-07-2025.html,28/07/2025,6982957500,
58,Chủ Nhật,27/07/2025,21:00,"10,24,28,30,32",1,https://www.minhchinh.com/xs-lotto-535-ket-qua-lotto-535-ngay-27-07-2025.html,27/07/2025,6725782500,
57,Chủ Nhật,27/07/2025,13:00,"1,14,19,25,27",8,https://www.minhchinh.com/xs-lotto-535-ket-qua-lotto-535-ngay-27-07-2025.html,27/07/2025,6399597500,
56,Thứ 7,26/07/2025,21:00,"3,6,11,27,33",6,https://www.minhchinh.com/xs-lotto-535-ket-qua-lotto-535-ngay-26-07-2025.html,26/07/2025,6260852500,
55,Thứ 7,26/07/2025,13:00,"1,7,12,16,23",8,https://www.minhchinh.com/xs-lotto-535-ket-qua-lotto-535-ngay-26-07-2025.html,26/07/2025,6136077500,
54,Thứ 6,25/07/2025,21:00,"16,18,19,23,25",11,https://www.minhchinh.com/xs-lotto-535-ket-qua-lotto-535-ngay-25-07-2025.html,25/07/2025,19639152000,
53,Thứ 6,25/07/2025,13:00,"9,10,19,22,24",7,https://www.minhchinh.com/xs-lotto-535-ket-qua-lotto-535-ngay-25-07-2025.html,25/07/2025,14932091500,
52,Thứ 5,24/07/2025,21:00,"9,10,11,30,35",1,https://www.minhchinh.com/xs-lotto-535-ket-qua-lotto-535-ngay-24-07-2025.html,24/07/2025,13274458500,
51,Thứ 5,24/07/2025,13:00,"7,8,18,22,33",7,https://www.minhchinh.com/xs-lotto-535-ket-qua-lotto-535-ngay-24-07-2025.html,24/07/2025,11754672500,
50,Thứ 4,23/07/2025,21:00,"17,18,27,29,33",8,https://www.minhchinh.com/xs-lotto-535-ket-qua-lotto-535-ngay-23-07-2025.html,23/07/2025,10900310000,
49,Thứ 4,23/07/2025,13:00,"3,21,28,33,34",5,https://www.minhchinh.com/xs-lotto-535-ket-qua-lotto-535-ngay-23-07-2025.html,23/07/2025,9840881000,
48,Thứ 3,22/07/2025,21:00,"7,10,26,28,33",2,https://www.minhchinh.com/xs-lotto-535-ket-qua-lotto-535-ngay-22-07-2025.html,22/07/2025,8987906500,
47,Thứ 3,22/07/2025,13:00,"3,14,16,21,25",5,https://www.minhchinh.com/xs-lotto-535-ket-qua-lotto-535-ngay-22-07-2025.html,22/07/2025,7959332000,
46,Thứ 2,21/07/2025,21:00,"2,16,18,22,30",5,https://www.minhchinh.com/xs-lotto-535-ket-qua-lotto-535-ngay-21-07-2025.html,21/07/2025,7551072500,
45,Thứ 2,21/07/2025,13:00,"8,20,24,27,28",3,https://www.minhchinh.com/xs-lotto-535-ket-qua-lotto-535-ngay-21-07-2025.html,21/07/2025,7320205000,
44,Chủ Nhật,20/07/2025,21:00,"21,28,31,34,35",1,https://www.minhchinh.com/xs-lotto-535-ket-qua-lotto-535-ngay-20-07-2025.html,20/07/2025,7160475000,
43,Chủ Nhật,20/07/2025,13:00,"9,14,28,33,35",10,https://www.minhchinh.com/xs-lotto-535-ket-qua-lotto-535-ngay-20-07-2025.html,20/07/2025,6825522500,
42,Thứ 7,19/07/2025,21:00,"4,16,24,26,31",11,https://www.minhchinh.com/xs-lotto-535-ket-qua-lotto-535-ngay-19-07-2025.html,19/07/2025,6680462500,
41,Thứ 7,19/07/2025,13:00,"5,19,20,21,30",11,https://www.minhchinh.com/xs-lotto-535-ket-qua-lotto-535-ngay-19-07-2025.html,19/07/2025,6492235000,
40,Thứ 6,18/07/2025,21:00,"5,11,16,27,34",9,https://www.minhchinh.com/xs-lotto-535-ket-qua-lotto-535-ngay-18-07-2025.html,18/07/2025,6338210000,
39,Thứ 6,18/07/2025,13:00,"2,10,12,16,34",2,https://www.minhchinh.com/xs-lotto-535-ket-qua-lotto-535-ngay-18-07-2025.html,18/07/2025,6211375000,
38,Thứ 5,17/07/2025,21:00,"7,11,17,18,25",1,https://www.minhchinh.com/xs-lotto-535-ket-qua-lotto-535-ngay-17-07-2025.html,17/07/2025,16321575500,
37,Thứ 5,17/07/2025,13:00,"1,4,8,18,29",7,https://www.minhchinh.com/xs-lotto-535-ket-qua-lotto-535-ngay-17-07-2025.html,17/07/2025,13562060500,
36,Thứ 4,16/07/2025,21:00,"2,10,20,34,35",2,https://www.minhchinh.com/xs-lotto-535-ket-qua-lotto-535-ngay-16-07-2025.html,16/07/2025,12221845000,
35,Thứ 4,16/07/2025,13:00,"7,11,13,17,25",9,https://www.minhchinh.com/xs-lotto-535-ket-qua-lotto-535-ngay-16-07-2025.html,16/07/2025,10945106000,
34,Thứ 3,15/07/2025,21:00,"9,12,22,31,35",2,https://www.minhchinh.com/xs-lotto-535-ket-qua-lotto-535-ngay-15-07-2025.html,15/07/2025,10158537000,
33,Thứ 3,15/07/2025,13:00,"3,7,12,19,26",6,https://www.minhchinh.com/xs-lotto-535-ket-qua-lotto-535-ngay-15-07-2025.html,15/07/2025,9050240500,
32,Thứ 2,14/07/2025,21:00,"7,8,22,23,28",5,https://www.minhchinh.com/xs-lotto-535-ket-qua-lotto-535-ngay-14-07-2025.html,14/07/2025,8589070000,
31,Thứ 2,14/07/2025,13:00,"2,3,12,14,22",3,https://www.minhchinh.com/xs-lotto-535-ket-qua-lotto-535-ngay-14-07-2025.html,14/07/2025,8428275000,
30,Chủ Nhật,13/07/2025,21:00,"12,14,19,27,34",8,https://www.minhchinh.com/xs-lotto-535-ket-qua-lotto-535-ngay-13-07-2025.html,13/07/2025,8216972500,
29,Chủ Nhật,13/07/2025,13:00,"13,15,19,22,27",10,https://www.minhchinh.com/xs-lotto-535-ket-qua-lotto-535-ngay-13-07-2025.html,13/07/2025,8194275000,
28,Thứ 7,12/07/2025,21:00,"5,11,16,20,34",6,https://www.minhchinh.com/xs-lotto-535-ket-qua-lotto-535-ngay-12-07-2025.html,12/07/2025,8069175000,
27,Thứ 7,12/07/2025,13:00,"5,14,26,31,35",7,https://www.minhchinh.com/xs-lotto-535-ket-qua-lotto-535-ngay-12-07-2025.html,12/07/2025,7962020000,
26,Thứ 6,11/07/2025,21:00,"1,5,8,20,24",8,https://www.minhchinh.com/xs-lotto-535-ket-qua-lotto-535-ngay-11-07-2025.html,11/07/2025,7815150000,
25,Thứ 6,11/07/2025,13:00,"8,11,17,18,20",1,https://www.minhchinh.com/xs-lotto-535-ket-qua-lotto-535-ngay-11-07-2025.html,11/07/2025,7625090000,
24,Thứ 5,10/07/2025,21:00,"9,24,29,32,35",8,https://www.minhchinh.com/xs-lotto-535-ket-qua-lotto-535-ngay-10-07-2025.html,10/07/2025,7449222500,
23,Thứ 5,10/07/2025,13:00,"11,17,24,28,30",5,https://www.minhchinh.com/xs-lotto-535-ket-qua-lotto-535-ngay-10-07-2025.html,10/07/2025,7288255000,
22,Thứ 4,09/07/2025,21:00,"2,7,9,28,31",12,https://www.minhchinh.com/xs-lotto-535-ket-qua-lotto-535-ngay-09-07-2025.html,09/07/2025,7142920000,
21,Thứ 4,09/07/2025,13:00,"1,2,12,25,31",12,https://www.minhchinh.com/xs-lotto-535-ket-qua-lotto-535-ngay-09-07-2025.html,09/07/2025,6870452500,
20,Thứ 3,08/07/2025,21:00,"2,6,20,26,32",12,https://www.minhchinh.com/xs-lotto-535-ket-qua-lotto-535-ngay-08-07-2025.html,08/07/2025,6686805000,
19,Thứ 3,08/07/2025,13:00,"14,15,17,28,31",8,https://www.minhchinh.com/xs-lotto-535-ket-qua-lotto-535-ngay-08-07-2025.html,08/07/2025,6463680000,
18,Thứ 2,07/07/2025,21:00,"6,7,10,22,34",8,https://www.minhchinh.com/xs-lotto-535-ket-qua-lotto-535-ngay-07-07-2025.html,07/07/2025,6330475000,
17,Thứ 2,07/07/2025,13:00,"1,8,14,19,23",6,https://www.minhchinh.com/xs-lotto-535-ket-qua-lotto-535-ngay-07-07-2025.html,07/07/2025,6149305000,
16,Chủ Nhật,06/07/2025,21:00,"6,7,13,28,29",7,https://www.minhchinh.com/xs-lotto-535-ket-qua-lotto-535-ngay-06-07-2025.html,06/07/2025,6387757500,ĐB
15,Chủ Nhật,06/07/2025,13:00,"3,11,12,27,32",10,https://www.minhchinh.com/xs-lotto-535-ket-qua-lotto-535-ngay-06-07-2025.html,06/07/2025,6229997500,
14,Thứ 7,05/07/2025,21:00,"3,13,19,25,29",7,https://www.minhchinh.com/xs-lotto-535-ket-qua-lotto-535-ngay-05-07-2025.html,05/07/2025,6144617500,
13,Thứ 7,05/07/2025,13:00,"5,14,15,23,34",5,https://www.minhchinh.com/xs-lotto-535-ket-qua-lotto-535-ngay-05-07-2025.html,05/07/2025,9927763500,ĐB
12,Thứ 6,04/07/2025,21:00,"3,18,20,29,34",3,https://www.minhchinh.com/xs-lotto-535-ket-qua-lotto-535-ngay-04-07-2025.html,04/07/2025,9358476500,
11,Thứ 6,04/07/2025,13:00,"1,3,7,10,24",8,https://www.minhchinh.com/xs-lotto-535-ket-qua-lotto-535-ngay-04-07-2025.html,04/07/2025,8447751000,
10,Thứ 5,03/07/2025,21:00,"10,23,24,30,33",6,https://www.minhchinh.com/xs-lotto-535-ket-qua-lotto-535-ngay-03-07-2025.html,03/07/2025,7823994000,
9,Thứ 5,03/07/2025,13:00,"28,32,33,34,35",8,https://www.minhchinh.com/xs-lotto-535-ket-qua-lotto-535-ngay-03-07-2025.html,03/07/2025,7338985000,
8,Thứ 4,02/07/2025,21:00,"9,11,27,29,35",9,https://www.minhchinh.com/xs-lotto-535-ket-qua-lotto-535-ngay-02-07-2025.html,02/07/2025,7220340000,
7,Thứ 4,02/07/2025,13:00,"13,20,23,27,35",1,https://www.minhchinh.com/xs-lotto-535-ket-qua-lotto-535-ngay-02-07-2025.html,02/07/2025,7041500000,
6,Thứ 3,01/07/2025,21:00,"5,18,20,30,34",7,https://www.minhchinh.com/xs-lotto-535-ket-qua-lotto-535-ngay-01-07-2025.html,01/07/2025,6828647500,
5,Thứ 3,01/07/2025,13:00,"1,18,25,27,33",5,https://www.minhchinh.com/xs-lotto-535-ket-qua-lotto-535-ngay-01-07-2025.html,01/07/2025,6676525000,
4,Thứ 2,30/06/2025,21:00,"1,12,13,27,28",7,https://www.minhchinh.com/xs-lotto-535-ket-qua-lotto-535-ngay-30-06-2025.html,30/06/2025,6518352500,
3,Thứ 2,30/06/2025,13:00,"2,8,16,23,24",9,https://www.minhchinh.com/xs-lotto-535-ket-qua-lotto-535-ngay-30-06-2025.html,30/06/2025,6315905000,
2,Chủ Nhật,29/06/2025,21:00,"6,12,14,18,25",8,https://www.minhchinh.com/xs-lotto-535-ket-qua-lotto-535-ngay-29-06-2025.html,29/06/2025,6231295000,
1,Chủ Nhật,29/06/2025,13:00,"7,9,10,16,19",9,https://www.minhchinh.com/xs-lotto-535-ket-qua-lotto-535-ngay-29-06-2025.html,29/06/2025,6112312500,
