Kỳ,Thứ,Ngày,Giờ,Bộ Số,Link cập nhật,Ngày cập nhật,Jackpot (VNĐ),Nổ
1570,Thứ 6,02/10/2026,,"1,6,20,27,31,41",https://www.minhchinh.com/xs-mega-645-ket-qua-mega-645-ngay-02-10-2026.html,02/10/2026,178900548500,
1569,Thứ 4,30/09/2026,,"2,9,24,27,30,33",https://www.minhchinh.com/xs-mega-645-ket-qua-mega-645-ngay-30-09-2026.html,30/09/2026,158758806000,
1568,Chủ Nhật,27/09/2026,,"2,4,13,25,31,39",https://www.minhchinh.com/xs-mega-645-ket-qua-mega-645-ngay-27-09-2026.html,27/09/2026,139776125000,
1567,Thứ 6,25/09/2026,,"3,15,18,28,33,36",https://www.minhchinh.com/xs-mega-645-ket-qua-mega-645-ngay-25-09-2026.html,25/09/2026,124270821500,
1566,Thứ 4,23/09/2026,,"2,6,12,15,25,26",https://www.minhchinh.com/xs-mega-645-ket-qua-mega-645-ngay-23-09-2026.html,23/09/2026,110492809000,
1565,Chủ Nhật,20/09/2026,,"10,15,16,27,33,38",https://www.minhchinh.com/xs-mega-645-ket-qua-mega-645-ngay-20-09-2026.html,20/09/2026,96163598000,
1564,Thứ 6,18/09/2026,,"7,12,26,27,41,43",https://www.minhchinh.com/xs-mega-645-ket-qua-mega-645-ngay-18-09-2026.html,18/09/2026,86148921500,
1563,Thứ 4,16/09/2026,,"1,3,10,11,18,23",https://www.minhchinh.com/xs-mega-645-ket-qua-mega-645-ngay-16-09-2026.html,16/09/2026,77330101000,
1562,Chủ Nhật,13/09/2026,,"4,12,31,34,38,41",https://www.minhchinh.com/xs-mega-645-ket-qua-mega-645-ngay-13-09-2026.html,13/09/2026,69161109500,
1561,Thứ 6,11/09/2026,,"14,18,20,21,26,27",https://www.minhchinh.com/xs-mega-645-ket-qua-mega-645-ngay-11-09-2026.html,11/09/2026,61850545000,
1560,Thứ 4,09/09/2026,,"12,17,20,21,36,43",https://www.minhchinh.com/xs-mega-645-ket-qua-mega-645-ngay-09-09-2026.html,09/09/2026,54850911000,
1559,Chủ Nhật,06/09/2026,,"9,14,22,26,27,40",https://www.minhchinh.com/xs-mega-645-ket-qua-mega-645-ngay-06-09-2026.html,06/09/2026,48610089000,
1558,Thứ 6,04/09/2026,,"16,21,23,29,34,45",https://www.minhchinh.com/xs-mega-645-ket-qua-mega-645-ngay-04-09-2026.html,04/09/2026,43022978000,
1557,Thứ 4,02/09/2026,,"6,9,27,29,35,44",https://www.minhchinh.com/xs-mega-645-ket-qua-mega-645-ngay-02-09-2026.html,02/09/2026,38804848000,
1556,Chủ Nhật,30/08/2026,,"1,3,12,15,37,45",https://www.minhchinh.com/xs-mega-645-ket-qua-mega-645-ngay-30-08-2026.html,30/08/2026,36644788500,
1555,Thứ 6,28/08/2026,,"3,13,15,22,36,39",https://www.minhchinh.com/xs-mega-645-ket-qua-mega-645-ngay-28-08-2026.html,28/08/2026,33904731500,
1554,Thứ 4,26/08/2026,,"3,10,11,16,33,40",https://www.minhchinh.com/xs-mega-645-ket-qua-mega-645-ngay-26-08-2026.html,26/08/2026,31682191000,
1553,Chủ Nhật,23/08/2026,,"4,16,17,22,32,39",https://www.minhchinh.com/xs-mega-645-ket-qua-mega-645-ngay-23-08-2026.html,23/08/2026,28975123500,
1552,Thứ 6,21/08/2026,,"7,26,31,38,43,45",https://www.minhchinh.com/xs-mega-645-ket-qua-mega-645-ngay-21-08-2026.html,21/08/2026,26637873000,
1551,Thứ 4,19/08/2026,,"6,15,18,33,40,43",https://www.minhchinh.com/xs-mega-645-ket-qua-mega-645-ngay-19-08-2026.html,19/08/2026,24507110500,
1550,Chủ Nhật,16/08/2026,,"6,7,15,19,36,41",https://www.minhchinh.com/xs-mega-645-ket-qua-mega-645-ngay-16-08-2026.html,16/08/2026,22133497500,
1549,Thứ 6,14/08/2026,,"7,9,13,31,35,44",https://www.minhchinh.com/xs-mega-645-ket-qua-mega-645-ngay-14-08-2026.html,14/08/2026,20050493000,
1548,Thứ 4,12/08/2026,,"15,17,22,29,33,40",https://www.minhchinh.com/xs-mega-645-ket-qua-mega-645-ngay-12-08-2026.html,12/08/2026,18210978000,
1547,Chủ Nhật,09/08/2026,,"3,17,20,27,31,35",https://www.minhchinh.com/xs-mega-645-ket-qua-mega-645-ngay-09-08-2026.html,09/08/2026,16447584000,
1546,Thứ 6,07/08/2026,,"2,8,19,30,36,43",https://www.minhchinh.com/xs-mega-645-ket-qua-mega-645-ngay-07-08-2026.html,07/08/2026,14788722000,
1545,Thứ 4,05/08/2026,,"2,6,11,16,28,39",https://www.minhchinh.com/xs-mega-645-ket-qua-mega-645-ngay-05-08-2026.html,05/08/2026,13270449500,
1544,Chủ Nhật,02/08/2026,,"3,12,20,25,27,37",https://www.minhchinh.com/xs-mega-645-ket-qua-mega-645-ngay-02-08-2026.html,02/08/2026,29649534500,Jackpot
1543,Thứ 6,31/07/2026,,"6,16,24,25,38,43",https://www.minhchinh.com/xs-mega-645-ket-qua-mega-645-ngay-31-07-2026.html,31/07/2026,27535400000,
1542,Thứ 4,29/07/2026,,"2,6,21,31,36,45",https://www.minhchinh.com/xs-mega-645-ket-qua-mega-645-ngay-29-07-2026.html,29/07/2026,25561626500,
1541,Chủ Nhật,26/07/2026,,"13,16,27,33,41,44",https://www.minhchinh.com/xs-mega-645-ket-qua-mega-645-ngay-26-07-2026.html,26/07/2026,23274160500,
1540,Thứ 6,24/07/2026,,"12,16,36,38,41,45",https://www.minhchinh.com/xs-mega-645-ket-qua-mega-645-ngay-24-07-2026.html,24/07/2026,21022863500,
1539,Thứ 4,22/07/2026,,"3,32,33,34,39,43",https://www.minhchinh.com/xs-mega-645-ket-qua-mega-645-ngay-22-07-2026.html,22/07/2026,18940596000,
1538,Chủ Nhật,19/07/2026,,"12,22,24,26,31,37",https://www.minhchinh.com/xs-mega-645-ket-qua-mega-645-ngay-19-07-2026.html,19/07/2026,16938370500,
1537,Thứ 6,17/07/2026,,"9,18,30,31,39,45",https://www.minhchinh.com/xs-mega-645-ket-qua-mega-645-ngay-17-07-2026.html,17/07/2026,15135731500,
1536,Thứ 4,15/07/2026,,"7,11,29,37,43,45",https://www.minhchinh.com/xs-mega-645-ket-qua-mega-645-ngay-15-07-2026.html,15/07/2026,13466752000,
1535,Chủ Nhật,12/07/2026,,"6,9,11,17,35,44",https://www.minhchinh.com/xs-mega-645-ket-qua-mega-645-ngay-12-07-2026.html,12/07/2026,16835595500,Jackpot
1534,Thứ 6,10/07/2026,,"9,17,23,26,42,44",https://www.minhchinh.com/xs-mega-645-ket-qua-mega-645-ngay-10-07-2026.html,10/07/2026,15125678000,
1533,Thứ 4,08/07/2026,,"13,14,22,26,37,44",https://www.minhchinh.com/xs-mega-645-ket-qua-mega-645-ngay-08-07-2026.html,08/07/2026,13593068000,
1532,Chủ Nhật,05/07/2026,,"1,5,13,29,32,35",https://www.minhchinh.com/xs-mega-645-ket-qua-mega-645-ngay-05-07-2026.html,05/07/2026,18621098500,Jackpot
1531,Thứ 6,03/07/2026,,"6,20,21,28,30,39",https://www.minhchinh.com/xs-mega-645-ket-qua-mega-645-ngay-03-07-2026.html,03/07/2026,16588587500,
1530,Thứ 4,01/07/2026,,"20,24,25,29,40,44",https://www.minhchinh.com/xs-mega-645-ket-qua-mega-645-ngay-01-07-2026.html,01/07/2026,14851168500,
1529,Chủ Nhật,28/06/2026,,"2,11,18,33,42,45",https://www.minhchinh.com/xs-mega-645-ket-qua-mega-645-ngay-28-06-2026.html,28/06/2026,13398803500,
1528,Thứ 6,26/06/2026,,"9,14,31,36,41,45",https://www.minhchinh.com/xs-mega-645-ket-qua-mega-645-ngay-26-06-2026.html,26/06/2026,23459457000,Jackpot
1527,Thứ 4,24/06/2026,,"3,11,17,19,30,32",https://www.minhchinh.com/xs-mega-645-ket-qua-mega-645-ngay-24-06-2026.html,24/06/2026,21492650500,
1526,Chủ Nhật,21/06/2026,,"3,8,19,27,41,45",https://www.minhchinh.com/xs-mega-645-ket-qua-mega-645-ngay-21-06-2026.html,21/06/2026,19610652500,
1525,Thứ 6,19/06/2026,,"6,9,19,29,30,36",https://www.minhchinh.com/xs-mega-645-ket-qua-mega-645-ngay-19-06-2026.html,19/06/2026,17892946500,
1524,Thứ 4,17/06/2026,,"5,6,16,28,35,39",https://www.minhchinh.com/xs-mega-645-ket-qua-mega-645-ngay-17-06-2026.html,17/06/2026,16455362500,
1523,Chủ Nhật,14/06/2026,,"7,16,20,22,24,38",https://www.minhchinh.com/xs-mega-645-ket-qua-mega-645-ngay-14-06-2026.html,14/06/2026,14868581000,
1522,Thứ 6,12/06/2026,,"5,15,30,34,37,38",https://www.minhchinh.com/xs-mega-645-ket-qua-mega-645-ngay-12-06-2026.html,12/06/2026,13387644500,
1521,Thứ 4,10/06/2026,,"3,9,17,22,27,32",https://www.minhchinh.com/xs-mega-645-ket-qua-mega-645-ngay-10-06-2026.html,10/06/2026,23970104000,Jackpot
1520,Chủ Nhật,07/06/2026,,"14,21,26,30,34,35",https://www.minhchinh.com/xs-mega-645-ket-qua-mega-645-ngay-07-06-2026.html,07/06/2026,21953362500,
1519,Thứ 6,05/06/2026,,"13,16,19,32,36,39",https://www.minhchinh.com/xs-mega-645-ket-qua-mega-645-ngay-05-06-2026.html,05/06/2026,19954939500,
1518,Thứ 4,03/06/2026,,"3,11,26,33,36,38",https://www.minhchinh.com/xs-mega-645-ket-qua-mega-645-ngay-03-06-2026.html,03/06/2026,18272207500,
1517,Chủ Nhật,31/05/2026,,"1,12,16,21,24,41",https://www.minhchinh.com/xs-mega-645-ket-qua-mega-645-ngay-31-05-2026.html,31/05/2026,16727002500,
1516,Thứ 6,29/05/2026,,"13,14,24,28,30,42",https://www.minhchinh.com/xs-mega-645-ket-qua-mega-645-ngay-29-05-2026.html,29/05/2026,14957927500,
1515,Thứ 4,27/05/2026,,"2,13,17,18,31,37",https://www.minhchinh.com/xs-mega-645-ket-qua-mega-645-ngay-27-05-2026.html,27/05/2026,13466713000,
1514,Chủ Nhật,24/05/2026,,"4,8,9,14,25,42",https://www.minhchinh.com/xs-mega-645-ket-qua-mega-645-ngay-24-05-2026.html,24/05/2026,36108182500,Jackpot
1513,Thứ 6,22/05/2026,,"2,3,14,28,41,44",https://www.minhchinh.com/xs-mega-645-ket-qua-mega-645-ngay-22-05-2026.html,22/05/2026,34004531000,
1512,Thứ 4,20/05/2026,,"16,28,29,37,40,45",https://www.minhchinh.com/xs-mega-645-ket-qua-mega-645-ngay-20-05-2026.html,20/05/2026,31831890500,
1511,Chủ Nhật,17/05/2026,,"4,8,13,15,27,31",https://www.minhchinh.com/xs-mega-645-ket-qua-mega-645-ngay-17-05-2026.html,17/05/2026,29888218000,
1510,Thứ 6,15/05/2026,,"6,14,20,22,23,44",https://www.minhchinh.com/xs-mega-645-ket-qua-mega-645-ngay-15-05-2026.html,15/05/2026,27826659000,
1509,Thứ 4,13/05/2026,,"8,10,15,32,35,43",https://www.minhchinh.com/xs-mega-645-ket-qua-mega-645-ngay-13-05-2026.html,13/05/2026,25897418500,
1508,Chủ Nhật,10/05/2026,,"3,4,10,11,27,42",https://www.minhchinh.com/xs-mega-645-ket-qua-mega-645-ngay-10-05-2026.html,10/05/2026,24007391500,
1507,Thứ 6,08/05/2026,,"4,16,17,26,34,42",https://www.minhchinh.com/xs-mega-645-ket-qua-mega-645-ngay-08-05-2026.html,08/05/2026,22163871500,
1506,Thứ 4,06/05/2026,,"9,12,28,36,37,40",https://www.minhchinh.com/xs-mega-645-ket-qua-mega-645-ngay-06-05-2026.html,06/05/2026,20346657500,
1505,Chủ Nhật,03/05/2026,,"7,9,14,24,38,39",https://www.minhchinh.com/xs-mega-645-ket-qua-mega-645-ngay-03-05-2026.html,03/05/2026,18414506000,
1504,Thứ 6,01/05/2026,,"4,21,25,31,41,43",https://www.minhchinh.com/xs-mega-645-ket-qua-mega-645-ngay-01-05-2026.html,01/05/2026,16774271500,
1503,Thứ 4,29/04/2026,,"4,14,15,16,17,25",https://www.minhchinh.com/xs-mega-645-ket-qua-mega-645-ngay-29-04-2026.html,29/04/2026,15047545500,
1502,Chủ Nhật,26/04/2026,,"12,18,22,25,31,41",https://www.minhchinh.com/xs-mega-645-ket-qua-mega-645-ngay-26-04-2026.html,26/04/2026,13356474500,
1501,Thứ 6,24/04/2026,,"20,29,33,36,41,42",https://www.minhchinh.com/xs-mega-645-ket-qua-mega-645-ngay-24-04-2026.html,24/04/2026,19009446500,Jackpot
1500,Thứ 4,22/04/2026,,"2,6,15,16,17,37",https://www.minhchinh.com/xs-mega-645-ket-qua-mega-645-ngay-22-04-2026.html,22/04/2026,17024831000,
1499,Chủ Nhật,19/04/2026,,"7,10,15,27,33,35",https://www.minhchinh.com/xs-mega-645-ket-qua-mega-645-ngay-19-04-2026.html,19/04/2026,15140892500,
1498,Thứ 6,17/04/2026,,"1,10,19,31,36,38",https://www.minhchinh.com/xs-mega-645-ket-qua-mega-645-ngay-17-04-2026.html,17/04/2026,13547280000,
1497,Thứ 4,15/04/2026,,"21,22,33,35,36,43",https://www.minhchinh.com/xs-mega-645-ket-qua-mega-645-ngay-15-04-2026.html,15/04/2026,14929490000,Jackpot
1496,Chủ Nhật,12/04/2026,,"1,10,11,32,39,42",https://www.minhchinh.com/xs-mega-645-ket-qua-mega-645-ngay-12-04-2026.html,12/04/2026,13539884500,
1495,Thứ 6,10/04/2026,,"7,8,10,16,28,35",https://www.minhchinh.com/xs-mega-645-ket-qua-mega-645-ngay-10-04-2026.html,10/04/2026,79143240000,Jackpot
1494,Thứ 4,08/04/2026,,"5,8,23,26,38,41",https://www.minhchinh.com/xs-mega-645-ket-qua-mega-645-ngay-08-04-2026.html,08/04/2026,72718091500,
1493,Chủ Nhật,05/04/2026,,"2,9,23,30,32,42",https://www.minhchinh.com/xs-mega-645-ket-qua-mega-645-ngay-05-04-2026.html,05/04/2026,66503202000,
1492,Thứ 6,03/04/2026,,"2,4,23,24,35,41",https://www.minhchinh.com/xs-mega-645-ket-qua-mega-645-ngay-03-04-2026.html,03/04/2026,60545526000,
1491,Thứ 4,01/04/2026,,"6,30,34,36,37,44",https://www.minhchinh.com/xs-mega-645-ket-qua-mega-645-ngay-01-04-2026.html,01/04/2026,55077520500,
1490,Chủ Nhật,29/03/2026,,"5,8,18,30,37,45",https://www.minhchinh.com/xs-mega-645-ket-qua-mega-645-ngay-29-03-2026.html,29/03/2026,49393298500,
1489,Thứ 6,27/03/2026,,"5,7,13,19,38,45",https://www.minhchinh.com/xs-mega-645-ket-qua-mega-645-ngay-27-03-2026.html,27/03/2026,44387164000,
1488,Thứ 4,25/03/2026,,"16,22,24,29,35,36",https://www.minhchinh.com/xs-mega-645-ket-qua-mega-645-ngay-25-03-2026.html,25/03/2026,40017636000,
1487,Chủ Nhật,22/03/2026,,"5,10,22,26,31,36",https://www.minhchinh.com/xs-mega-645-ket-qua-mega-645-ngay-22-03-2026.html,22/03/2026,35389251000,
1486,Thứ 6,20/03/2026,,"8,11,22,23,38,43",https://www.minhchinh.com/xs-mega-645-ket-qua-mega-645-ngay-20-03-2026.html,20/03/2026,31336177500,
1485,Thứ 4,18/03/2026,,"14,20,33,35,36,44",https://www.minhchinh.com/xs-mega-645-ket-qua-mega-645-ngay-18-03-2026.html,18/03/2026,27604313500,
1484,Chủ Nhật,15/03/2026,,"4,7,11,26,42,44",https://www.minhchinh.com/xs-mega-645-ket-qua-mega-645-ngay-15-03-2026.html,15/03/2026,24896153000,
1483,Thứ 6,13/03/2026,,"11,12,20,22,31,33",https://www.minhchinh.com/xs-mega-645-ket-qua-mega-645-ngay-13-03-2026.html,13/03/2026,22940971500,
1482,Thứ 4,11/03/2026,,"16,18,19,28,31,44",https://www.minhchinh.com/xs-mega-645-ket-qua-mega-645-ngay-11-03-2026.html,11/03/2026,20876998000,
1481,Chủ Nhật,08/03/2026,,"6,12,13,25,31,32",https://www.minhchinh.com/xs-mega-645-ket-qua-mega-645-ngay-08-03-2026.html,08/03/2026,18851320000,
1480,Thứ 6,06/03/2026,,"2,10,12,21,32,37",https://www.minhchinh.com/xs-mega-645-ket-qua-mega-645-ngay-06-03-2026.html,06/03/2026,16890152500,
1479,Thứ 4,04/03/2026,,"1,4,6,9,13,44",https://www.minhchinh.com/xs-mega-645-ket-qua-mega-645-ngay-04-03-2026.html,04/03/2026,15280547500,
1478,Chủ Nhật,01/03/2026,,"16,22,23,35,44,45",https://www.minhchinh.com/xs-mega-645-ket-qua-mega-645-ngay-01-03-2026.html,01/03/2026,13545761500,
1477,Thứ 6,27/02/2026,,"2,4,8,15,17,28",https://www.minhchinh.com/xs-mega-645-ket-qua-mega-645-ngay-27-02-2026.html,27/02/2026,35265228500,Jackpot
1476,Thứ 4,25/02/2026,,"4,13,20,22,23,29",https://www.minhchinh.com/xs-mega-645-ket-qua-mega-645-ngay-25-02-2026.html,25/02/2026,32840261000,
1475,Chủ Nhật,22/02/2026,,"7,23,24,36,38,40",https://www.minhchinh.com/xs-mega-645-ket-qua-mega-645-ngay-22-02-2026.html,22/02/2026,30192318000,
1474,Thứ 6,20/02/2026,,"4,25,28,33,34,45",https://www.minhchinh.com/xs-mega-645-ket-qua-mega-645-ngay-20-02-2026.html,20/02/2026,27826445000,
1473,Thứ 4,18/02/2026,,"1,7,19,23,26,44",https://www.minhchinh.com/xs-mega-645-ket-qua-mega-645-ngay-18-02-2026.html,18/02/2026,25544567500,
1472,Chủ Nhật,15/02/2026,,"4,6,7,20,28,43",https://www.minhchinh.com/xs-mega-645-ket-qua-mega-645-ngay-15-02-2026.html,15/02/2026,23254681000,
1471,Thứ 6,13/02/2026,,"8,12,31,36,42,43",https://www.minhchinh.com/xs-mega-645-ket-qua-mega-645-ngay-13-02-2026.html,13/02/2026,20978879000,
1470,Thứ 4,11/02/2026,,"15,20,35,40,44,45",https://www.minhchinh.com/xs-mega-645-ket-qua-mega-645-ngay-11-02-2026.html,11/02/2026,19090608500,
1469,Chủ Nhật,08/02/2026,,"6,13,16,20,23,38",https://www.minhchinh.com/xs-mega-645-ket-qua-mega-645-ngay-08-02-2026.html,08/02/2026,17120760000,
1468,Thứ 6,06/02/2026,,"2,7,13,17,42,45",https://www.minhchinh.com/xs-mega-645-ket-qua-mega-645-ngay-06-02-2026.html,06/02/2026,15277177500,
1467,Thứ 4,04/02/2026,,"2,12,14,17,39,43",https://www.minhchinh.com/xs-mega-645-ket-qua-mega-645-ngay-04-02-2026.html,04/02/2026,13586590000,
1466,Chủ Nhật,01/02/2026,,"1,18,21,23,30,36",https://www.minhchinh.com/xs-mega-645-ket-qua-mega-645-ngay-01-02-2026.html,01/02/2026,42413161000,Jackpot
1465,Thứ 6,30/01/2026,,"16,17,30,41,42,45",https://www.minhchinh.com/xs-mega-645-ket-qua-mega-645-ngay-30-01-2026.html,30/01/2026,39633623500,
1464,Thứ 4,28/01/2026,,"4,10,16,19,27,40",https://www.minhchinh.com/xs-mega-645-ket-qua-mega-645-ngay-28-01-2026.html,28/01/2026,36724289000,
1463,Chủ Nhật,25/01/2026,,"2,19,20,24,33,34",https://www.minhchinh.com/xs-mega-645-ket-qua-mega-645-ngay-25-01-2026.html,25/01/2026,34189642000,
1462,Thứ 6,23/01/2026,,"9,15,16,20,22,31",https://www.minhchinh.com/xs-mega-645-ket-qua-mega-645-ngay-23-01-2026.html,23/01/2026,31504393000,
1461,Thứ 4,21/01/2026,,"1,18,23,24,29,37",https://www.minhchinh.com/xs-mega-645-ket-qua-mega-645-ngay-21-01-2026.html,21/01/2026,29100546500,
1460,Chủ Nhật,18/01/2026,,"2,5,15,26,39,42",https://www.minhchinh.com/xs-mega-645-ket-qua-mega-645-ngay-18-01-2026.html,18/01/2026,26603564000,
1459,Thứ 6,16/01/2026,,"2,10,21,31,34,40",https://www.minhchinh.com/xs-mega-645-ket-qua-mega-645-ngay-16-01-2026.html,16/01/2026,24505372000,
1458,Thứ 4,14/01/2026,,"1,22,23,28,39,45",https://www.minhchinh.com/xs-mega-645-ket-qua-mega-645-ngay-14-01-2026.html,14/01/2026,22198168500,
1457,Chủ Nhật,11/01/2026,,"8,10,21,25,31,38",https://www.minhchinh.com/xs-mega-645-ket-qua-mega-645-ngay-11-01-2026.html,11/01/2026,20107286000,
1456,Thứ 6,09/01/2026,,"8,9,17,21,36,45",https://www.minhchinh.com/xs-mega-645-ket-qua-mega-645-ngay-09-01-2026.html,09/01/2026,18117407500,
1455,Thứ 4,07/01/2026,,"1,5,7,28,31,43",https://www.minhchinh.com/xs-mega-645-ket-qua-mega-645-ngay-07-01-2026.html,07/01/2026,16618860500,
1454,Chủ Nhật,04/01/2026,,"2,12,21,29,35,44",https://www.minhchinh.com/xs-mega-645-ket-qua-mega-645-ngay-04-01-2026.html,04/01/2026,14884127500,
1453,Thứ 6,02/01/2026,,"7,18,22,32,37,38",https://www.minhchinh.com/xs-mega-645-ket-qua-mega-645-ngay-02-01-2026.html,02/01/2026,13441549500,
1452,Thứ 4,31/12/2025,,"1,25,35,36,37,45",https://www.minhchinh.com/xs-mega-645-ket-qua-mega-645-ngay-31-12-2025.html,31/12/2025,17185095500,Jackpot
1451,Chủ Nhật,28/12/2025,,"1,2,7,16,31,37",https://www.minhchinh.com/xs-mega-645-ket-qua-mega-645-ngay-28-12-2025.html,28/12/2025,15013882000,
1450,Thứ 6,26/12/2025,,"4,6,16,25,27,40",https://www.minhchinh.com/xs-mega-645-ket-qua-mega-645-ngay-26-12-2025.html,26/12/2025,13298063000,
1449,Thứ 4,24/12/2025,,"15,19,31,35,43,45",https://www.minhchinh.com/xs-mega-645-ket-qua-mega-645-ngay-24-12-2025.html,24/12/2025,21520487000,Jackpot
1448,Chủ Nhật,21/12/2025,,"6,9,12,18,29,43",https://www.minhchinh.com/xs-mega-645-ket-qua-mega-645-ngay-21-12-2025.html,21/12/2025,19677517000,
1447,Thứ 6,19/12/2025,,"1,21,36,42,43,44",https://www.minhchinh.com/xs-mega-645-ket-qua-mega-645-ngay-19-12-2025.html,19/12/2025,18084689000,
1446,Thứ 4,17/12/2025,,"5,14,24,38,41,43",https://www.minhchinh.com/xs-mega-645-ket-qua-mega-645-ngay-17-12-2025.html,17/12/2025,16358464000,
1445,Chủ Nhật,14/12/2025,,"8,11,13,16,28,32",https://www.minhchinh.com/xs-mega-645-ket-qua-mega-645-ngay-14-12-2025.html,14/12/2025,14751100500,
1444,Thứ 6,12/12/2025,,"3,7,13,17,38,44",https://www.minhchinh.com/xs-mega-645-ket-qua-mega-645-ngay-12-12-2025.html,12/12/2025,13330935000,
1443,Thứ 4,10/12/2025,,"7,18,22,29,30,36",https://www.minhchinh.com/xs-mega-645-ket-qua-mega-645-ngay-10-12-2025.html,10/12/2025,13225286500,Jackpot
1442,Chủ Nhật,07/12/2025,,"1,5,23,28,29,43",https://www.minhchinh.com/xs-mega-645-ket-qua-mega-645-ngay-07-12-2025.html,07/12/2025,18256864000,Jackpot
1441,Thứ 6,05/12/2025,,"2,19,23,37,42,43",https://www.minhchinh.com/xs-mega-645-ket-qua-mega-645-ngay-05-12-2025.html,05/12/2025,16493310000,
1440,Thứ 4,03/12/2025,,"8,15,20,23,31,34",https://www.minhchinh.com/xs-mega-645-ket-qua-mega-645-ngay-03-12-2025.html,03/12/2025,14938364500,
1439,Chủ Nhật,30/11/2025,,"7,13,26,30,34,42",https://www.minhchinh.com/xs-mega-645-ket-qua-mega-645-ngay-30-11-2025.html,30/11/2025,13413193000,
1438,Thứ 6,28/11/2025,,"2,9,17,23,39,41",https://www.minhchinh.com/xs-mega-645-ket-qua-mega-645-ngay-28-11-2025.html,28/11/2025,61756239000,Jackpot
1437,Thứ 4,26/11/2025,,"2,8,15,19,30,38",https://www.minhchinh.com/xs-mega-645-ket-qua-mega-645-ngay-26-11-2025.html,26/11/2025,56760899000,
1436,Chủ Nhật,23/11/2025,,"4,12,19,42,43,44",https://www.minhchinh.com/xs-mega-645-ket-qua-mega-645-ngay-23-11-2025.html,23/11/2025,51704246500,
1435,Thứ 6,21/11/2025,,"8,11,18,25,28,35",https://www.minhchinh.com/xs-mega-645-ket-qua-mega-645-ngay-21-11-2025.html,21/11/2025,46884480000,
1434,Thứ 4,19/11/2025,,"9,12,19,30,40,43",https://www.minhchinh.com/xs-mega-645-ket-qua-mega-645-ngay-19-11-2025.html,19/11/2025,42873411500,
1433,Chủ Nhật,16/11/2025,,"15,20,31,33,34,45",https://www.minhchinh.com/xs-mega-645-ket-qua-mega-645-ngay-16-11-2025.html,16/11/2025,38896295500,
1432,Thứ 6,14/11/2025,,"3,10,15,27,41,42",https://www.minhchinh.com/xs-mega-645-ket-qua-mega-645-ngay-14-11-2025.html,14/11/2025,34658263000,
1431,Thứ 4,12/11/2025,,"16,24,29,37,40,44",https://www.minhchinh.com/xs-mega-645-ket-qua-mega-645-ngay-12-11-2025.html,12/11/2025,30805423000,
1430,Chủ Nhật,09/11/2025,,"13,23,27,30,37,43",https://www.minhchinh.com/xs-mega-645-ket-qua-mega-645-ngay-09-11-2025.html,09/11/2025,26984912500,
1429,Thứ 6,07/11/2025,,"3,4,20,28,39,42",https://www.minhchinh.com/xs-mega-645-ket-qua-mega-645-ngay-07-11-2025.html,07/11/2025,24012930000,
1428,Thứ 4,05/11/2025,,"2,9,18,25,30,31",https://www.minhchinh.com/xs-mega-645-ket-qua-mega-645-ngay-05-11-2025.html,05/11/2025,22347315000,
1427,Chủ Nhật,02/11/2025,,"3,7,12,20,30,44",https://www.minhchinh.com/xs-mega-645-ket-qua-mega-645-ngay-02-11-2025.html,02/11/2025,20519112000,
1426,Thứ 6,31/10/2025,,"3,10,31,34,36,43",https://www.minhchinh.com/xs-mega-645-ket-qua-mega-645-ngay-31-10-2025.html,31/10/2025,18922975500,
1425,Thứ 4,29/10/2025,,"7,26,35,39,41,42",https://www.minhchinh.com/xs-mega-645-ket-qua-mega-645-ngay-29-10-2025.html,29/10/2025,17232704500,
1424,Chủ Nhật,26/10/2025,,"18,30,34,42,43,45",https://www.minhchinh.com/xs-mega-645-ket-qua-mega-645-ngay-26-10-2025.html,26/10/2025,15470391000,
1423,Thứ 6,24/10/2025,,"2,11,24,31,32,38",https://www.minhchinh.com/xs-mega-645-ket-qua-mega-645-ngay-24-10-2025.html,24/10/2025,13646843000,
1422,Thứ 4,22/10/2025,,"5,11,12,24,28,44",https://www.minhchinh.com/xs-mega-645-ket-qua-mega-645-ngay-22-10-2025.html,22/10/2025,133774094500,Jackpot
1421,Chủ Nhật,19/10/2025,,"16,17,25,26,28,37",https://www.minhchinh.com/xs-mega-645-ket-qua-mega-645-ngay-19-10-2025.html,19/10/2025,122200134500,
1420,Thứ 6,17/10/2025,,"15,17,18,26,31,42",https://www.minhchinh.com/xs-mega-645-ket-qua-mega-645-ngay-17-10-2025.html,17/10/2025,112369722000,
1419,Thứ 4,15/10/2025,,"1,6,18,20,29,40",https://www.minhchinh.com/xs-mega-645-ket-qua-mega-645-ngay-15-10-2025.html,15/10/2025,102316956500,
1418,Chủ Nhật,12/10/2025,,"4,10,16,20,28,34",https://www.minhchinh.com/xs-mega-645-ket-qua-mega-645-ngay-12-10-2025.html,12/10/2025,91931702000,
1417,Thứ 6,10/10/2025,,"4,5,25,34,39,43",https://www.minhchinh.com/xs-mega-645-ket-qua-mega-645-ngay-10-10-2025.html,10/10/2025,83805967000,
1416,Thứ 4,08/10/2025,,"8,10,11,18,23,32",https://www.minhchinh.com/xs-mega-645-ket-qua-mega-645-ngay-08-10-2025.html,08/10/2025,76151393500,
1415,Chủ Nhật,05/10/2025,,"5,14,22,28,32,39",https://www.minhchinh.com/xs-mega-645-ket-qua-mega-645-ngay-05-10-2025.html,05/10/2025,69356697000,
1414,Thứ 6,03/10/2025,,"29,31,32,33,34,35",https://www.minhchinh.com/xs-mega-645-ket-qua-mega-645-ngay-03-10-2025.html,03/10/2025,63179971500,
1413,Thứ 4,01/10/2025,,"3,6,7,19,30,35",https://www.minhchinh.com/xs-mega-645-ket-qua-mega-645-ngay-01-10-2025.html,01/10/2025,56670803000,
1412,Chủ Nhật,28/09/2025,,"8,13,18,26,36,39",https://www.minhchinh.com/xs-mega-645-ket-qua-mega-645-ngay-28-09-2025.html,28/09/2025,51163848500,
1411,Thứ 6,26/09/2025,,"12,17,19,27,28,36",https://www.minhchinh.com/xs-mega-645-ket-qua-mega-645-ngay-26-09-2025.html,26/09/2025,47087205500,
1410,Thứ 4,24/09/2025,,"3,5,17,31,32,40",https://www.minhchinh.com/xs-mega-645-ket-qua-mega-645-ngay-24-09-2025.html,24/09/2025,42761806000,
1409,Chủ Nhật,21/09/2025,,"2,3,6,21,28,38",https://www.minhchinh.com/xs-mega-645-ket-qua-mega-645-ngay-21-09-2025.html,21/09/2025,37891566500,
1408,Thứ 6,19/09/2025,,"4,6,17,18,28,41",https://www.minhchinh.com/xs-mega-645-ket-qua-mega-645-ngay-19-09-2025.html,19/09/2025,33687788500,
1407,Thứ 4,17/09/2025,,"11,23,25,35,38,45",https://www.minhchinh.com/xs-mega-645-ket-qua-mega-645-ngay-17-09-2025.html,17/09/2025,29657103000,
1406,Chủ Nhật,14/09/2025,,"3,6,9,10,30,37",https://www.minhchinh.com/xs-mega-645-ket-qua-mega-645-ngay-14-09-2025.html,14/09/2025,25843154500,
1405,Thứ 6,12/09/2025,,"17,22,24,37,42,43",https://www.minhchinh.com/xs-mega-645-ket-qua-mega-645-ngay-12-09-2025.html,12/09/2025,23514601500,
1404,Thứ 4,10/09/2025,,"7,10,18,20,24,36",https://www.minhchinh.com/xs-mega-645-ket-qua-mega-645-ngay-10-09-2025.html,10/09/2025,21729038000,
1403,Chủ Nhật,07/09/2025,,"6,29,30,39,42,44",https://www.minhchinh.com/xs-mega-645-ket-qua-mega-645-ngay-07-09-2025.html,07/09/2025,20044743500,
1402,Thứ 6,05/09/2025,,"1,10,20,22,41,43",https://www.minhchinh.com/xs-mega-645-ket-qua-mega-645-ngay-05-09-2025.html,05/09/2025,18258619000,
1401,Thứ 4,03/09/2025,,"14,21,23,28,44,45",https://www.minhchinh.com/xs-mega-645-ket-qua-mega-645-ngay-03-09-2025.html,03/09/2025,16570862000,
1400,Chủ Nhật,31/08/2025,,"3,4,14,30,32,38",https://www.minhchinh.com/xs-mega-645-ket-qua-mega-645-ngay-31-08-2025.html,31/08/2025,15040482500,
1399,Thứ 6,29/08/2025,,"2,4,10,24,35,36",https://www.minhchinh.com/xs-mega-645-ket-qua-mega-645-ngay-29-08-2025.html,29/08/2025,13423875000,
1398,Thứ 4,27/08/2025,,"3,11,18,39,40,42",https://www.minhchinh.com/xs-mega-645-ket-qua-mega-645-ngay-27-08-2025.html,27/08/2025,48376258000,Jackpot
1397,Chủ Nhật,24/08/2025,,"2,9,20,28,32,43",https://www.minhchinh.com/xs-mega-645-ket-qua-mega-645-ngay-24-08-2025.html,24/08/2025,43923409000,
1396,Thứ 6,22/08/2025,,"1,9,10,13,37,39",https://www.minhchinh.com/xs-mega-645-ket-qua-mega-645-ngay-22-08-2025.html,22/08/2025,39660369000,
1395,Thứ 4,20/08/2025,,"4,9,27,32,38,42",https://www.minhchinh.com/xs-mega-645-ket-qua-mega-645-ngay-20-08-2025.html,20/08/2025,35445053000,
1394,Chủ Nhật,17/08/2025,,"15,24,26,29,31,42",https://www.minhchinh.com/xs-mega-645-ket-qua-mega-645-ngay-17-08-2025.html,17/08/2025,31340556500,
1393,Thứ 6,15/08/2025,,"5,22,27,36,43,45",https://www.minhchinh.com/xs-mega-645-ket-qua-mega-645-ngay-15-08-2025.html,15/08/2025,29027737000,
1392,Thứ 4,13/08/2025,,"10,15,28,30,35,45",https://www.minhchinh.com/xs-mega-645-ket-qua-mega-645-ngay-13-08-2025.html,13/08/2025,27337504000,
1391,Chủ Nhật,10/08/2025,,"13,21,26,28,31,35",https://www.minhchinh.com/xs-mega-645-ket-qua-mega-645-ngay-10-08-2025.html,10/08/2025,25554421000,
1390,Thứ 6,08/08/2025,,"11,17,20,26,27,38",https://www.minhchinh.com/xs-mega-645-ket-qua-mega-645-ngay-08-08-2025.html,08/08/2025,23666692000,
1389,Thứ 4,06/08/2025,,"3,12,14,18,29,34",https://www.minhchinh.com/xs-mega-645-ket-qua-mega-645-ngay-06-08-2025.html,06/08/2025,21684824500,
1388,Chủ Nhật,03/08/2025,,"5,14,24,26,37,43",https://www.minhchinh.com/xs-mega-645-ket-qua-mega-645-ngay-03-08-2025.html,03/08/2025,19931665500,
1387,Thứ 6,01/08/2025,,"5,29,30,31,36,38",https://www.minhchinh.com/xs-mega-645-ket-qua-mega-645-ngay-01-08-2025.html,01/08/2025,18265650500,
1386,Thứ 4,30/07/2025,,"2,3,6,16,26,34",https://www.minhchinh.com/xs-mega-645-ket-qua-mega-645-ngay-30-07-2025.html,30/07/2025,16550767500,
1385,Chủ Nhật,27/07/2025,,"1,9,12,27,39,45",https://www.minhchinh.com/xs-mega-645-ket-qua-mega-645-ngay-27-07-2025.html,27/07/2025,14979698500,
1384,Thứ 6,25/07/2025,,"20,30,34,35,38,39",https://www.minhchinh.com/xs-mega-645-ket-qua-mega-645-ngay-25-07-2025.html,25/07/2025,13701789000,
1383,Thứ 4,23/07/2025,,"24,26,29,32,37,44",https://www.minhchinh.com/xs-mega-645-ket-qua-mega-645-ngay-23-07-2025.html,23/07/2025,25512555500,Jackpot
1382,Chủ Nhật,20/07/2025,,"11,13,14,20,37,42",https://www.minhchinh.com/xs-mega-645-ket-qua-mega-645-ngay-20-07-2025.html,20/07/2025,23361888000,
1381,Thứ 6,18/07/2025,,"7,22,24,28,42,45",https://www.minhchinh.com/xs-mega-645-ket-qua-mega-645-ngay-18-07-2025.html,18/07/2025,21421842500,
1380,Thứ 4,16/07/2025,,"6,11,14,19,21,42",https://www.minhchinh.com/xs-mega-645-ket-qua-mega-645-ngay-16-07-2025.html,16/07/2025,19469161500,
1379,Chủ Nhật,13/07/2025,,"9,17,22,27,35,36",https://www.minhchinh.com/xs-mega-645-ket-qua-mega-645-ngay-13-07-2025.html,13/07/2025,17645487000,
1378,Thứ 6,11/07/2025,,"11,20,22,24,43,45",https://www.minhchinh.com/xs-mega-645-ket-qua-mega-645-ngay-11-07-2025.html,11/07/2025,15633554500,
1377,Thứ 4,09/07/2025,,"7,8,30,32,33,44",https://www.minhchinh.com/xs-mega-645-ket-qua-mega-645-ngay-09-07-2025.html,09/07/2025,13844111000,
1376,Chủ Nhật,06/07/2025,,"5,8,13,23,36,45",https://www.minhchinh.com/xs-mega-645-ket-qua-mega-645-ngay-06-07-2025.html,06/07/2025,17376239500,Jackpot
1375,Thứ 6,04/07/2025,,"7,9,21,29,41,45",https://www.minhchinh.com/xs-mega-645-ket-qua-mega-645-ngay-04-07-2025.html,04/07/2025,15663237500,
1374,Thứ 4,02/07/2025,,"12,16,21,28,34,41",https://www.minhchinh.com/xs-mega-645-ket-qua-mega-645-ngay-02-07-2025.html,02/07/2025,13859569500,
1373,Chủ Nhật,29/06/2025,,"10,23,25,26,27,28",https://www.minhchinh.com/xs-mega-645-ket-qua-mega-645-ngay-29-06-2025.html,29/06/2025,127286987500,Jackpot
1372,Thứ 6,27/06/2025,,"9,14,26,30,44,45",https://www.minhchinh.com/xs-mega-645-ket-qua-mega-645-ngay-27-06-2025.html,27/06/2025,117524279500,
1371,Thứ 4,25/06/2025,,"8,10,26,29,35,39",https://www.minhchinh.com/xs-mega-645-ket-qua-mega-645-ngay-25-06-2025.html,25/06/2025,108003726500,
1370,Chủ Nhật,22/06/2025,,"1,9,14,20,34,41",https://www.minhchinh.com/xs-mega-645-ket-qua-mega-645-ngay-22-06-2025.html,22/06/2025,99007604000,
1369,Thứ 6,20/06/2025,,"2,8,18,22,26,29",https://www.minhchinh.com/xs-mega-645-ket-qua-mega-645-ngay-20-06-2025.html,20/06/2025,90734661000,
1368,Thứ 4,18/06/2025,,"19,23,24,26,36,41",https://www.minhchinh.com/xs-mega-645-ket-qua-mega-645-ngay-18-06-2025.html,18/06/2025,83081823000,
1367,Chủ Nhật,15/06/2025,,"15,16,22,23,29,32",https://www.minhchinh.com/xs-mega-645-ket-qua-mega-645-ngay-15-06-2025.html,15/06/2025,75350965000,
1366,Thứ 6,13/06/2025,,"1,13,19,28,30,36",https://www.minhchinh.com/xs-mega-645-ket-qua-mega-645-ngay-13-06-2025.html,13/06/2025,68541913000,
1365,Thứ 4,11/06/2025,,"10,13,22,27,41,45",https://www.minhchinh.com/xs-mega-645-ket-qua-mega-645-ngay-11-06-2025.html,11/06/2025,62026776000,
1364,Chủ Nhật,08/06/2025,,"6,17,18,19,31,37",https://www.minhchinh.com/xs-mega-645-ket-qua-mega-645-ngay-08-06-2025.html,08/06/2025,55650339500,
1363,Thứ 6,06/06/2025,,"24,26,35,39,41,45",https://www.minhchinh.com/xs-mega-645-ket-qua-mega-645-ngay-06-06-2025.html,06/06/2025,49708989500,
1362,Thứ 4,04/06/2025,,"11,23,26,27,29,32",https://www.minhchinh.com/xs-mega-645-ket-qua-mega-645-ngay-04-06-2025.html,04/06/2025,44017957000,
1361,Chủ Nhật,01/06/2025,,"9,24,29,37,42,44",https://www.minhchinh.com/xs-mega-645-ket-qua-mega-645-ngay-01-06-2025.html,01/06/2025,38847124000,
1360,Thứ 6,30/05/2025,,"4,7,12,35,37,41",https://www.minhchinh.com/xs-mega-645-ket-qua-mega-645-ngay-30-05-2025.html,30/05/2025,34305979500,
1359,Thứ 4,28/05/2025,,"17,22,23,28,31,41",https://www.minhchinh.com/xs-mega-645-ket-qua-mega-645-ngay-28-05-2025.html,28/05/2025,29736250000,
1358,Chủ Nhật,25/05/2025,,"5,14,23,24,28,44",https://www.minhchinh.com/xs-mega-645-ket-qua-mega-645-ngay-25-05-2025.html,25/05/2025,25290182500,
1357,Thứ 6,23/05/2025,,"2,4,15,16,29,43",https://www.minhchinh.com/xs-mega-645-ket-qua-mega-645-ngay-23-05-2025.html,23/05/2025,23051056000,
1356,Thứ 4,21/05/2025,,"2,13,14,21,24,30",https://www.minhchinh.com/xs-mega-645-ket-qua-mega-645-ngay-21-05-2025.html,21/05/2025,20908114000,
1355,Chủ Nhật,18/05/2025,,"6,7,17,27,30,42",https://www.minhchinh.com/xs-mega-645-ket-qua-mega-645-ngay-18-05-2025.html,18/05/2025,18835213500,
1354,Thứ 6,16/05/2025,,"5,9,14,22,32,44",https://www.minhchinh.com/xs-mega-645-ket-qua-mega-645-ngay-16-05-2025.html,16/05/2025,16981638500,
1353,Thứ 4,14/05/2025,,"19,24,27,37,44,45",https://www.minhchinh.com/xs-mega-645-ket-qua-mega-645-ngay-14-05-2025.html,14/05/2025,15364240000,
1352,Chủ Nhật,11/05/2025,,"13,15,17,22,28,43",https://www.minhchinh.com/xs-mega-645-ket-qua-mega-645-ngay-11-05-2025.html,11/05/2025,13687214500,
1351,Thứ 6,09/05/2025,,"1,7,9,34,40,42",https://www.minhchinh.com/xs-mega-645-ket-qua-mega-645-ngay-09-05-2025.html,09/05/2025,78231289000,Jackpot
1350,Thứ 4,07/05/2025,,"8,27,28,31,34,40",https://www.minhchinh.com/xs-mega-645-ket-qua-mega-645-ngay-07-05-2025.html,07/05/2025,71466517000,
1349,Chủ Nhật,04/05/2025,,"6,7,8,9,12,29",https://www.minhchinh.com/xs-mega-645-ket-qua-mega-645-ngay-04-05-2025.html,04/05/2025,64984905500,
1348,Thứ 6,02/05/2025,,"3,7,32,37,42,45",https://www.minhchinh.com/xs-mega-645-ket-qua-mega-645-ngay-02-05-2025.html,02/05/2025,59917526000,
1347,Thứ 4,30/04/2025,,"1,17,26,33,36,44",https://www.minhchinh.com/xs-mega-645-ket-qua-mega-645-ngay-30-04-2025.html,30/04/2025,54850604500,
1346,Chủ Nhật,27/04/2025,,"8,11,31,35,36,45",https://www.minhchinh.com/xs-mega-645-ket-qua-mega-645-ngay-27-04-2025.html,27/04/2025,49225180000,
1345,Thứ 6,25/04/2025,,"4,8,9,10,20,34",https://www.minhchinh.com/xs-mega-645-ket-qua-mega-645-ngay-25-04-2025.html,25/04/2025,44199332500,
1344,Thứ 4,23/04/2025,,"7,12,23,34,42,43",https://www.minhchinh.com/xs-mega-645-ket-qua-mega-645-ngay-23-04-2025.html,23/04/2025,39593568000,
1343,Chủ Nhật,20/04/2025,,"5,7,14,26,29,44",https://www.minhchinh.com/xs-mega-645-ket-qua-mega-645-ngay-20-04-2025.html,20/04/2025,35055913500,
1342,Thứ 6,18/04/2025,,"5,20,21,22,29,44",https://www.minhchinh.com/xs-mega-645-ket-qua-mega-645-ngay-18-04-2025.html,18/04/2025,30530141500,
1341,Thứ 4,16/04/2025,,"5,8,12,16,28,32",https://www.minhchinh.com/xs-mega-645-ket-qua-mega-645-ngay-16-04-2025.html,16/04/2025,26440516000,
1340,Chủ Nhật,13/04/2025,,"13,14,18,25,30,32",https://www.minhchinh.com/xs-mega-645-ket-qua-mega-645-ngay-13-04-2025.html,13/04/2025,23646884500,
1339,Thứ 6,11/04/2025,,"1,13,14,26,37,43",https://www.minhchinh.com/xs-mega-645-ket-qua-mega-645-ngay-11-04-2025.html,11/04/2025,21350802000,
1338,Thứ 4,09/04/2025,,"5,8,11,22,41,44",https://www.minhchinh.com/xs-mega-645-ket-qua-mega-645-ngay-09-04-2025.html,09/04/2025,19271501000,
1337,Chủ Nhật,06/04/2025,,"3,5,6,13,18,22",https://www.minhchinh.com/xs-mega-645-ket-qua-mega-645-ngay-06-04-2025.html,06/04/2025,17412440000,
1336,Thứ 6,04/04/2025,,"2,13,24,25,28,38",https://www.minhchinh.com/xs-mega-645-ket-qua-mega-645-ngay-04-04-2025.html,04/04/2025,15558285000,
1335,Thứ 4,02/04/2025,,"8,14,15,22,31,34",https://www.minhchinh.com/xs-mega-645-ket-qua-mega-645-ngay-02-04-2025.html,02/04/2025,13743095000,
1334,Chủ Nhật,30/03/2025,,"14,15,33,38,42,45",https://www.minhchinh.com/xs-mega-645-ket-qua-mega-645-ngay-30-03-2025.html,30/03/2025,56741982500,Jackpot
1333,Thứ 6,28/03/2025,,"5,7,22,28,29,34",https://www.minhchinh.com/xs-mega-645-ket-qua-mega-645-ngay-28-03-2025.html,28/03/2025,50292236000,
1332,Thứ 4,26/03/2025,,"17,24,25,30,35,39",https://www.minhchinh.com/xs-mega-645-ket-qua-mega-645-ngay-26-03-2025.html,26/03/2025,44658895000,
1331,Chủ Nhật,23/03/2025,,"5,6,8,9,36,45",https://www.minhchinh.com/xs-mega-645-ket-qua-mega-645-ngay-23-03-2025.html,23/03/2025,39370154000,
1330,Thứ 6,21/03/2025,,"31,32,34,41,42,45",https://www.minhchinh.com/xs-mega-645-ket-qua-mega-645-ngay-21-03-2025.html,21/03/2025,34506718500,
1329,Thứ 4,19/03/2025,,"12,23,27,28,29,43",https://www.minhchinh.com/xs-mega-645-ket-qua-mega-645-ngay-19-03-2025.html,19/03/2025,29865157000,
1328,Chủ Nhật,16/03/2025,,"2,12,14,16,38,45",https://www.minhchinh.com/xs-mega-645-ket-qua-mega-645-ngay-16-03-2025.html,16/03/2025,27522972000,
1327,Thứ 6,14/03/2025,,"7,11,13,16,28,30",https://www.minhchinh.com/xs-mega-645-ket-qua-mega-645-ngay-14-03-2025.html,14/03/2025,25331261000,
1326,Thứ 4,12/03/2025,,"19,26,30,32,36,42",https://www.minhchinh.com/xs-mega-645-ket-qua-mega-645-ngay-12-03-2025.html,12/03/2025,23179934500,
1325,Chủ Nhật,09/03/2025,,"10,11,30,33,44,45",https://www.minhchinh.com/xs-mega-645-ket-qua-mega-645-ngay-09-03-2025.html,09/03/2025,20955665500,
1324,Thứ 6,07/03/2025,,"8,11,12,20,25,32",https://www.minhchinh.com/xs-mega-645-ket-qua-mega-645-ngay-07-03-2025.html,07/03/2025,19015032000,
1323,Thứ 4,05/03/2025,,"10,22,32,37,41,43",https://www.minhchinh.com/xs-mega-645-ket-qua-mega-645-ngay-05-03-2025.html,05/03/2025,17354094000,
1322,Chủ Nhật,02/03/2025,,"8,24,30,33,42,45",https://www.minhchinh.com/xs-mega-645-ket-qua-mega-645-ngay-02-03-2025.html,02/03/2025,15328308500,
1321,Thứ 6,28/02/2025,,"10,11,14,16,21,29",https://www.minhchinh.com/xs-mega-645-ket-qua-mega-645-ngay-28-02-2025.html,28/02/2025,13537177000,
1320,Thứ 4,26/02/2025,,"2,13,15,16,18,20",https://www.minhchinh.com/xs-mega-645-ket-qua-mega-645-ngay-26-02-2025.html,26/02/2025,22893989000,Jackpot
1319,Chủ Nhật,23/02/2025,,"10,12,15,17,24,33",https://www.minhchinh.com/xs-mega-645-ket-qua-mega-645-ngay-23-02-2025.html,23/02/2025,20715045000,
1318,Thứ 6,21/02/2025,,"4,9,19,20,30,42",https://www.minhchinh.com/xs-mega-645-ket-qua-mega-645-ngay-21-02-2025.html,21/02/2025,18757108500,
1317,Thứ 4,19/02/2025,,"1,6,10,11,25,29",https://www.minhchinh.com/xs-mega-645-ket-qua-mega-645-ngay-19-02-2025.html,19/02/2025,16995194500,
1316,Chủ Nhật,16/02/2025,,"11,19,26,28,35,40",https://www.minhchinh.com/xs-mega-645-ket-qua-mega-645-ngay-16-02-2025.html,16/02/2025,15385461000,
1315,Thứ 6,14/02/2025,,"6,8,10,27,28,32",https://www.minhchinh.com/xs-mega-645-ket-qua-mega-645-ngay-14-02-2025.html,14/02/2025,13642050000,
1314,Thứ 4,12/02/2025,,"7,19,31,39,42,43",https://www.minhchinh.com/xs-mega-645-ket-qua-mega-645-ngay-12-02-2025.html,12/02/2025,20547584500,Jackpot
1313,Chủ Nhật,09/02/2025,,"8,16,22,27,31,34",https://www.minhchinh.com/xs-mega-645-ket-qua-mega-645-ngay-09-02-2025.html,09/02/2025,18275685500,
1312,Thứ 6,07/02/2025,,"4,5,25,27,35,39",https://www.minhchinh.com/xs-mega-645-ket-qua-mega-645-ngay-07-02-2025.html,07/02/2025,16338643500,
1311,Thứ 4,05/02/2025,,"4,6,9,14,25,41",https://www.minhchinh.com/xs-mega-645-ket-qua-mega-645-ngay-05-02-2025.html,05/02/2025,14118575500,
1310,Chủ Nhật,02/02/2025,,"15,20,22,29,32,36",https://www.minhchinh.com/xs-mega-645-ket-qua-mega-645-ngay-02-02-2025.html,02/02/2025,152678407000,Jackpot
1309,Thứ 6,31/01/2025,,"2,15,16,32,42,45",https://www.minhchinh.com/xs-mega-645-ket-qua-mega-645-ngay-31-01-2025.html,31/01/2025,139780079500,
1308,Chủ Nhật,26/01/2025,,"5,8,9,11,20,29",https://www.minhchinh.com/xs-mega-645-ket-qua-mega-645-ngay-26-01-2025.html,26/01/2025,126005043500,
1307,Thứ 6,24/01/2025,,"1,7,11,22,31,34",https://www.minhchinh.com/xs-mega-645-ket-qua-mega-645-ngay-24-01-2025.html,24/01/2025,113638180500,
1306,Thứ 4,22/01/2025,,"3,21,26,29,32,33",https://www.minhchinh.com/xs-mega-645-ket-qua-mega-645-ngay-22-01-2025.html,22/01/2025,100732063000,
1305,Chủ Nhật,19/01/2025,,"5,6,10,19,32,38",https://www.minhchinh.com/xs-mega-645-ket-qua-mega-645-ngay-19-01-2025.html,19/01/2025,88694200500,
1304,Thứ 6,17/01/2025,,"2,12,22,31,34,35",https://www.minhchinh.com/xs-mega-645-ket-qua-mega-645-ngay-17-01-2025.html,17/01/2025,79711876500,
1303,Thứ 4,15/01/2025,,"2,6,8,10,23,33",https://www.minhchinh.com/xs-mega-645-ket-qua-mega-645-ngay-15-01-2025.html,15/01/2025,70643696000,
1302,Chủ Nhật,12/01/2025,,"2,9,12,14,41,44",https://www.minhchinh.com/xs-mega-645-ket-qua-mega-645-ngay-12-01-2025.html,12/01/2025,64648452500,
1301,Thứ 6,10/01/2025,,"2,4,8,28,42,44",https://www.minhchinh.com/xs-mega-645-ket-qua-mega-645-ngay-10-01-2025.html,10/01/2025,60864897000,
1300,Thứ 4,08/01/2025,,"2,3,17,33,37,38",https://www.minhchinh.com/xs-mega-645-ket-qua-mega-645-ngay-08-01-2025.html,08/01/2025,57135772500,
1299,Chủ Nhật,05/01/2025,,"2,7,15,37,41,42",https://www.minhchinh.com/xs-mega-645-ket-qua-mega-645-ngay-05-01-2025.html,05/01/2025,53382262500,
1298,Thứ 6,03/01/2025,,"6,12,21,27,34,41",https://www.minhchinh.com/xs-mega-645-ket-qua-mega-645-ngay-03-01-2025.html,03/01/2025,50082418000,
1297,Thứ 4,01/01/2025,,"14,20,25,28,36,40",https://www.minhchinh.com/xs-mega-645-ket-qua-mega-645-ngay-01-01-2025.html,01/01/2025,47338930500,
1296,Chủ Nhật,29/12/2024,,"5,8,19,31,34,43",https://www.minhchinh.com/xs-mega-645-ket-qua-mega-645-ngay-29-12-2024.html,29/12/2024,44067745500,
1295,Thứ 6,27/12/2024,,"1,10,13,24,25,33",https://www.minhchinh.com/xs-mega-645-ket-qua-mega-645-ngay-27-12-2024.html,27/12/2024,41293911500,
1294,Thứ 4,25/12/2024,,"8,13,20,25,28,39",https://www.minhchinh.com/xs-mega-645-ket-qua-mega-645-ngay-25-12-2024.html,25/12/2024,38615657500,
1293,Chủ Nhật,22/12/2024,,"15,16,24,27,31,44",https://www.minhchinh.com/xs-mega-645-ket-qua-mega-645-ngay-22-12-2024.html,22/12/2024,36004612500,
1292,Thứ 6,20/12/2024,,"6,9,12,21,28,33",https://www.minhchinh.com/xs-mega-645-ket-qua-mega-645-ngay-20-12-2024.html,20/12/2024,33371997000,
1291,Thứ 4,18/12/2024,,"3,7,12,16,26,34",https://www.minhchinh.com/xs-mega-645-ket-qua-mega-645-ngay-18-12-2024.html,18/12/2024,31310806000,
1290,Chủ Nhật,15/12/2024,,"1,10,20,22,23,36",https://www.minhchinh.com/xs-mega-645-ket-qua-mega-645-ngay-15-12-2024.html,15/12/2024,29082832000,
1289,Thứ 6,13/12/2024,,"3,7,29,36,37,44",https://www.minhchinh.com/xs-mega-645-ket-qua-mega-645-ngay-13-12-2024.html,13/12/2024,26867060000,
1288,Thứ 4,11/12/2024,,"2,10,17,23,29,33",https://www.minhchinh.com/xs-mega-645-ket-qua-mega-645-ngay-11-12-2024.html,11/12/2024,24777935000,
1287,Chủ Nhật,08/12/2024,,"1,13,24,26,27,37",https://www.minhchinh.com/xs-mega-645-ket-qua-mega-645-ngay-08-12-2024.html,08/12/2024,22725738500,
1286,Thứ 6,06/12/2024,,"8,14,18,26,34,42",https://www.minhchinh.com/xs-mega-645-ket-qua-mega-645-ngay-06-12-2024.html,06/12/2024,20515681000,
1285,Thứ 4,04/12/2024,,"7,14,19,24,34,36",https://www.minhchinh.com/xs-mega-645-ket-qua-mega-645-ngay-04-12-2024.html,04/12/2024,18798154500,
1284,Chủ Nhật,01/12/2024,,"15,17,25,29,33,35",https://www.minhchinh.com/xs-mega-645-ket-qua-mega-645-ngay-01-12-2024.html,01/12/2024,17057985500,
1283,Thứ 6,29/11/2024,,"12,15,33,35,37,45",https://www.minhchinh.com/xs-mega-645-ket-qua-mega-645-ngay-29-11-2024.html,29/11/2024,15190794500,
1282,Thứ 4,27/11/2024,,"6,21,24,31,42,44",https://www.minhchinh.com/xs-mega-645-ket-qua-mega-645-ngay-27-11-2024.html,27/11/2024,13588912500,
1281,Chủ Nhật,24/11/2024,,"5,14,15,21,33,36",https://www.minhchinh.com/xs-mega-645-ket-qua-mega-645-ngay-24-11-2024.html,24/11/2024,16930514500,Jackpot
1280,Thứ 6,22/11/2024,,"1,14,15,19,38,40",https://www.minhchinh.com/xs-mega-645-ket-qua-mega-645-ngay-22-11-2024.html,22/11/2024,15156338000,
1279,Thứ 4,20/11/2024,,"4,16,24,29,31,37",https://www.minhchinh.com/xs-mega-645-ket-qua-mega-645-ngay-20-11-2024.html,20/11/2024,13418918000,
1278,Chủ Nhật,17/11/2024,,"11,17,29,31,38,42",https://www.minhchinh.com/xs-mega-645-ket-qua-mega-645-ngay-17-11-2024.html,17/11/2024,13537887500,Jackpot
1277,Thứ 6,15/11/2024,,"8,13,31,36,37,40",https://www.minhchinh.com/xs-mega-645-ket-qua-mega-645-ngay-15-11-2024.html,15/11/2024,45581631000,Jackpot
1276,Thứ 4,13/11/2024,,"3,23,28,35,39,42",https://www.minhchinh.com/xs-mega-645-ket-qua-mega-645-ngay-13-11-2024.html,13/11/2024,42456900000,
1275,Chủ Nhật,10/11/2024,,"3,7,11,12,13,40",https://www.minhchinh.com/xs-mega-645-ket-qua-mega-645-ngay-10-11-2024.html,10/11/2024,39606306500,
1274,Thứ 6,08/11/2024,,"11,15,18,27,34,37",https://www.minhchinh.com/xs-mega-645-ket-qua-mega-645-ngay-08-11-2024.html,08/11/2024,37004206500,
1273,Thứ 4,06/11/2024,,"1,2,3,11,25,37",https://www.minhchinh.com/xs-mega-645-ket-qua-mega-645-ngay-06-11-2024.html,06/11/2024,34366173000,
1272,Chủ Nhật,03/11/2024,,"1,4,5,16,20,22",https://www.minhchinh.com/xs-mega-645-ket-qua-mega-645-ngay-03-11-2024.html,03/11/2024,31646618500,
1271,Thứ 6,01/11/2024,,"20,22,23,32,35,40",https://www.minhchinh.com/xs-mega-645-ket-qua-mega-645-ngay-01-11-2024.html,01/11/2024,29358428000,
1270,Thứ 4,30/10/2024,,"4,13,20,29,32,37",https://www.minhchinh.com/xs-mega-645-ket-qua-mega-645-ngay-30-10-2024.html,30/10/2024,26810933500,
1269,Chủ Nhật,27/10/2024,,"18,21,28,29,33,45",https://www.minhchinh.com/xs-mega-645-ket-qua-mega-645-ngay-27-10-2024.html,27/10/2024,24626576000,
1268,Thứ 6,25/10/2024,,"3,10,31,32,34,40",https://www.minhchinh.com/xs-mega-645-ket-qua-mega-645-ngay-25-10-2024.html,25/10/2024,22669162000,
1267,Thứ 4,23/10/2024,,"22,27,28,31,37,44",https://www.minhchinh.com/xs-mega-645-ket-qua-mega-645-ngay-23-10-2024.html,23/10/2024,20513466500,
1266,Chủ Nhật,20/10/2024,,"6,23,24,25,26,34",https://www.minhchinh.com/xs-mega-645-ket-qua-mega-645-ngay-20-10-2024.html,20/10/2024,18553176000,
1265,Thứ 6,18/10/2024,,"13,19,20,22,24,37",https://www.minhchinh.com/xs-mega-645-ket-qua-mega-645-ngay-18-10-2024.html,18/10/2024,16591982500,
1264,Thứ 4,16/10/2024,,"4,14,19,23,24,37",https://www.minhchinh.com/xs-mega-645-ket-qua-mega-645-ngay-16-10-2024.html,16/10/2024,14890252500,
1263,Chủ Nhật,13/10/2024,,"7,10,13,17,21,45",https://www.minhchinh.com/xs-mega-645-ket-qua-mega-645-ngay-13-10-2024.html,13/10/2024,13369031000,
1262,Thứ 6,11/10/2024,,"11,19,26,28,29,43",https://www.minhchinh.com/xs-mega-645-ket-qua-mega-645-ngay-11-10-2024.html,11/10/2024,13354346000,Jackpot
1261,Thứ 4,09/10/2024,,"14,18,20,22,34,45",https://www.minhchinh.com/xs-mega-645-ket-qua-mega-645-ngay-09-10-2024.html,09/10/2024,13438081500,Jackpot
1260,Chủ Nhật,06/10/2024,,"7,14,33,36,42,43",https://www.minhchinh.com/xs-mega-645-ket-qua-mega-645-ngay-06-10-2024.html,06/10/2024,16416912500,Jackpot
1259,Thứ 6,04/10/2024,,"8,10,21,32,39,44",https://www.minhchinh.com/xs-mega-645-ket-qua-mega-645-ngay-04-10-2024.html,04/10/2024,14724040000,
1258,Thứ 4,02/10/2024,,"5,6,11,23,31,36",https://www.minhchinh.com/xs-mega-645-ket-qua-mega-645-ngay-02-10-2024.html,02/10/2024,13365690500,
1257,Chủ Nhật,29/09/2024,,"3,7,16,17,41,42",https://www.minhchinh.com/xs-mega-645-ket-qua-mega-645-ngay-29-09-2024.html,29/09/2024,27222998500,Jackpot
1256,Thứ 6,27/09/2024,,"1,6,18,25,39,44",https://www.minhchinh.com/xs-mega-645-ket-qua-mega-645-ngay-27-09-2024.html,27/09/2024,25263520500,
1255,Thứ 4,25/09/2024,,"10,23,25,27,31,37",https://www.minhchinh.com/xs-mega-645-ket-qua-mega-645-ngay-25-09-2024.html,25/09/2024,23337824500,
1254,Chủ Nhật,22/09/2024,,"20,23,28,36,40,42",https://www.minhchinh.com/xs-mega-645-ket-qua-mega-645-ngay-22-09-2024.html,22/09/2024,21434713500,
1253,Thứ 6,20/09/2024,,"13,14,19,20,30,33",https://www.minhchinh.com/xs-mega-645-ket-qua-mega-645-ngay-20-09-2024.html,20/09/2024,19410440000,
1252,Thứ 4,18/09/2024,,"4,8,27,28,35,36",https://www.minhchinh.com/xs-mega-645-ket-qua-mega-645-ngay-18-09-2024.html,18/09/2024,17855427500,
1251,Chủ Nhật,15/09/2024,,"3,11,28,32,33,35",https://www.minhchinh.com/xs-mega-645-ket-qua-mega-645-ngay-15-09-2024.html,15/09/2024,16097503500,
1250,Thứ 6,13/09/2024,,"6,12,27,34,41,42",https://www.minhchinh.com/xs-mega-645-ket-qua-mega-645-ngay-13-09-2024.html,13/09/2024,14538458000,
1249,Thứ 4,11/09/2024,,"6,11,19,23,34,37",https://www.minhchinh.com/xs-mega-645-ket-qua-mega-645-ngay-11-09-2024.html,11/09/2024,13176145000,
1248,Chủ Nhật,08/09/2024,,"3,8,10,26,34,37",https://www.minhchinh.com/xs-mega-645-ket-qua-mega-645-ngay-08-09-2024.html,08/09/2024,28144908000,Jackpot
1247,Thứ 6,06/09/2024,,"5,25,28,32,36,41",https://www.minhchinh.com/xs-mega-645-ket-qua-mega-645-ngay-06-09-2024.html,06/09/2024,26383657500,
1246,Thứ 4,04/09/2024,,"2,7,15,18,24,33",https://www.minhchinh.com/xs-mega-645-ket-qua-mega-645-ngay-04-09-2024.html,04/09/2024,24441923000,
1245,Chủ Nhật,01/09/2024,,"30,31,33,38,42,43",https://www.minhchinh.com/xs-mega-645-ket-qua-mega-645-ngay-01-09-2024.html,01/09/2024,22540554500,
1244,Thứ 6,30/08/2024,,"2,15,19,26,34,36",https://www.minhchinh.com/xs-mega-645-ket-qua-mega-645-ngay-30-08-2024.html,30/08/2024,20718469000,
1243,Thứ 4,28/08/2024,,"4,5,17,25,39,41",https://www.minhchinh.com/xs-mega-645-ket-qua-mega-645-ngay-28-08-2024.html,28/08/2024,18798951500,
1242,Chủ Nhật,25/08/2024,,"6,10,15,17,40,42",https://www.minhchinh.com/xs-mega-645-ket-qua-mega-645-ngay-25-08-2024.html,25/08/2024,17010599000,
1241,Thứ 6,23/08/2024,,"7,13,26,28,35,41",https://www.minhchinh.com/xs-mega-645-ket-qua-mega-645-ngay-23-08-2024.html,23/08/2024,15205954500,
1240,Thứ 4,21/08/2024,,"7,8,9,15,22,30",https://www.minhchinh.com/xs-mega-645-ket-qua-mega-645-ngay-21-08-2024.html,21/08/2024,13466623500,
1239,Chủ Nhật,18/08/2024,,"4,13,28,33,35,38",https://www.minhchinh.com/xs-mega-645-ket-qua-mega-645-ngay-18-08-2024.html,18/08/2024,15056391500,Jackpot
1238,Thứ 6,16/08/2024,,"16,22,23,30,34,41",https://www.minhchinh.com/xs-mega-645-ket-qua-mega-645-ngay-16-08-2024.html,16/08/2024,13447188500,
1237,Thứ 4,14/08/2024,,"1,6,9,21,43,44",https://www.minhchinh.com/xs-mega-645-ket-qua-mega-645-ngay-14-08-2024.html,14/08/2024,17116579000,Jackpot
1236,Chủ Nhật,11/08/2024,,"17,18,19,33,35,37",https://www.minhchinh.com/xs-mega-645-ket-qua-mega-645-ngay-11-08-2024.html,11/08/2024,15199287000,
1235,Thứ 6,09/08/2024,,"6,14,15,24,26,39",https://www.minhchinh.com/xs-mega-645-ket-qua-mega-645-ngay-09-08-2024.html,09/08/2024,13483702000,
1234,Thứ 4,07/08/2024,,"11,19,22,29,40,44",https://www.minhchinh.com/xs-mega-645-ket-qua-mega-645-ngay-07-08-2024.html,07/08/2024,47395426500,Jackpot
1233,Chủ Nhật,04/08/2024,,"1,4,16,18,20,32",https://www.minhchinh.com/xs-mega-645-ket-qua-mega-645-ngay-04-08-2024.html,04/08/2024,42127575500,
1232,Thứ 6,02/08/2024,,"9,14,19,34,37,41",https://www.minhchinh.com/xs-mega-645-ket-qua-mega-645-ngay-02-08-2024.html,02/08/2024,37052164000,
1231,Thứ 4,31/07/2024,,"2,4,12,16,18,42",https://www.minhchinh.com/xs-mega-645-ket-qua-mega-645-ngay-31-07-2024.html,31/07/2024,33278054500,
1230,Chủ Nhật,28/07/2024,,"1,13,21,25,31,39",https://www.minhchinh.com/xs-mega-645-ket-qua-mega-645-ngay-28-07-2024.html,28/07/2024,31100674000,
1229,Thứ 6,26/07/2024,,"18,20,28,31,39,45",https://www.minhchinh.com/xs-mega-645-ket-qua-mega-645-ngay-26-07-2024.html,26/07/2024,28738175000,
1228,Thứ 4,24/07/2024,,"7,8,20,27,32,34",https://www.minhchinh.com/xs-mega-645-ket-qua-mega-645-ngay-24-07-2024.html,24/07/2024,26628545500,
1227,Chủ Nhật,21/07/2024,,"9,10,23,25,28,38",https://www.minhchinh.com/xs-mega-645-ket-qua-mega-645-ngay-21-07-2024.html,21/07/2024,24380999000,
1226,Thứ 6,19/07/2024,,"1,10,20,25,34,35",https://www.minhchinh.com/xs-mega-645-ket-qua-mega-645-ngay-19-07-2024.html,19/07/2024,22544117000,
1225,Thứ 4,17/07/2024,,"9,10,11,16,21,30",https://www.minhchinh.com/xs-mega-645-ket-qua-mega-645-ngay-17-07-2024.html,17/07/2024,20516749500,
1224,Chủ Nhật,14/07/2024,,"9,18,33,37,38,43",https://www.minhchinh.com/xs-mega-645-ket-qua-mega-645-ngay-14-07-2024.html,14/07/2024,18676058500,
1223,Thứ 6,12/07/2024,,"11,17,25,26,28,29",https://www.minhchinh.com/xs-mega-645-ket-qua-mega-645-ngay-12-07-2024.html,12/07/2024,17018319000,
1222,Thứ 4,10/07/2024,,"23,24,36,37,40,45",https://www.minhchinh.com/xs-mega-645-ket-qua-mega-645-ngay-10-07-2024.html,10/07/2024,15294625500,
1221,Chủ Nhật,07/07/2024,,"4,8,22,23,26,45",https://www.minhchinh.com/xs-mega-645-ket-qua-mega-645-ngay-07-07-2024.html,07/07/2024,13539605500,
1220,Thứ 6,05/07/2024,,"4,23,33,38,40,44",https://www.minhchinh.com/xs-mega-645-ket-qua-mega-645-ngay-05-07-2024.html,05/07/2024,20185430500,Jackpot
1219,Thứ 4,03/07/2024,,"11,18,24,34,38,43",https://www.minhchinh.com/xs-mega-645-ket-qua-mega-645-ngay-03-07-2024.html,03/07/2024,18339607000,
1218,Chủ Nhật,30/06/2024,,"5,23,25,28,30,43",https://www.minhchinh.com/xs-mega-645-ket-qua-mega-645-ngay-30-06-2024.html,30/06/2024,16735323500,
1217,Thứ 6,28/06/2024,,"4,6,16,32,41,44",https://www.minhchinh.com/xs-mega-645-ket-qua-mega-645-ngay-28-06-2024.html,28/06/2024,15172247000,
1216,Thứ 4,26/06/2024,,"8,10,29,30,33,40",https://www.minhchinh.com/xs-mega-645-ket-qua-mega-645-ngay-26-06-2024.html,26/06/2024,13538712500,
1215,Chủ Nhật,23/06/2024,,"9,11,19,29,31,44",https://www.minhchinh.com/xs-mega-645-ket-qua-mega-645-ngay-23-06-2024.html,23/06/2024,19775097000,Jackpot
1214,Thứ 6,21/06/2024,,"3,7,11,16,19,35",https://www.minhchinh.com/xs-mega-645-ket-qua-mega-645-ngay-21-06-2024.html,21/06/2024,18108742500,
1213,Thứ 4,19/06/2024,,"8,12,17,23,26,27",https://www.minhchinh.com/xs-mega-645-ket-qua-mega-645-ngay-19-06-2024.html,19/06/2024,16583396500,
1212,Chủ Nhật,16/06/2024,,"3,16,17,18,25,37",https://www.minhchinh.com/xs-mega-645-ket-qua-mega-645-ngay-16-06-2024.html,16/06/2024,15109366500,
1211,Thứ 6,14/06/2024,,"10,24,25,26,30,41",https://www.minhchinh.com/xs-mega-645-ket-qua-mega-645-ngay-14-06-2024.html,14/06/2024,13410838000,
1210,Thứ 4,12/06/2024,,"1,2,8,13,26,34",https://www.minhchinh.com/xs-mega-645-ket-qua-mega-645-ngay-12-06-2024.html,12/06/2024,41467525000,Jackpot
1209,Chủ Nhật,09/06/2024,,"4,5,28,32,37,42",https://www.minhchinh.com/xs-mega-645-ket-qua-mega-645-ngay-09-06-2024.html,09/06/2024,36917178000,
1208,Thứ 6,07/06/2024,,"15,19,24,25,27,39",https://www.minhchinh.com/xs-mega-645-ket-qua-mega-645-ngay-07-06-2024.html,07/06/2024,32584730500,
1207,Thứ 4,05/06/2024,,"11,25,28,33,34,45",https://www.minhchinh.com/xs-mega-645-ket-qua-mega-645-ngay-05-06-2024.html,05/06/2024,28609380500,
1206,Chủ Nhật,02/06/2024,,"2,7,13,23,25,45",https://www.minhchinh.com/xs-mega-645-ket-qua-mega-645-ngay-02-06-2024.html,02/06/2024,24397894000,
1205,Thứ 6,31/05/2024,,"4,8,15,23,31,40",https://www.minhchinh.com/xs-mega-645-ket-qua-mega-645-ngay-31-05-2024.html,31/05/2024,22426387500,
1204,Thứ 4,29/05/2024,,"4,21,25,27,35,39",https://www.minhchinh.com/xs-mega-645-ket-qua-mega-645-ngay-29-05-2024.html,29/05/2024,20570219000,
1203,Chủ Nhật,26/05/2024,,"4,9,11,14,19,27",https://www.minhchinh.com/xs-mega-645-ket-qua-mega-645-ngay-26-05-2024.html,26/05/2024,18585169500,
1202,Thứ 6,24/05/2024,,"2,14,15,17,23,40",https://www.minhchinh.com/xs-mega-645-ket-qua-mega-645-ngay-24-05-2024.html,24/05/2024,16892502000,
1201,Thứ 4,22/05/2024,,"2,3,10,22,41,43",https://www.minhchinh.com/xs-mega-645-ket-qua-mega-645-ngay-22-05-2024.html,22/05/2024,15046246500,
1200,Chủ Nhật,19/05/2024,,"5,19,25,35,37,39",https://www.minhchinh.com/xs-mega-645-ket-qua-mega-645-ngay-19-05-2024.html,19/05/2024,13304746000,
1199,Thứ 6,17/05/2024,,"8,22,27,29,39,43",https://www.minhchinh.com/xs-mega-645-ket-qua-mega-645-ngay-17-05-2024.html,17/05/2024,69796747000,Jackpot
1198,Thứ 4,15/05/2024,,"3,11,13,21,24,34",https://www.minhchinh.com/xs-mega-645-ket-qua-mega-645-ngay-15-05-2024.html,15/05/2024,63000355500,
1197,Chủ Nhật,12/05/2024,,"3,5,6,9,32,45",https://www.minhchinh.com/xs-mega-645-ket-qua-mega-645-ngay-12-05-2024.html,12/05/2024,56872464500,
1196,Thứ 6,10/05/2024,,"12,13,31,38,42,43",https://www.minhchinh.com/xs-mega-645-ket-qua-mega-645-ngay-10-05-2024.html,10/05/2024,53511343500,
1195,Thứ 4,08/05/2024,,"2,10,13,22,30,34",https://www.minhchinh.com/xs-mega-645-ket-qua-mega-645-ngay-08-05-2024.html,08/05/2024,50378948500,
1194,Chủ Nhật,05/05/2024,,"10,12,14,16,21,39",https://www.minhchinh.com/xs-mega-645-ket-qua-mega-645-ngay-05-05-2024.html,05/05/2024,47438133000,
1193,Thứ 6,03/05/2024,,"1,13,14,21,27,43",https://www.minhchinh.com/xs-mega-645-ket-qua-mega-645-ngay-03-05-2024.html,03/05/2024,44647657500,
1192,Thứ 4,01/05/2024,,"7,9,17,20,25,29",https://www.minhchinh.com/xs-mega-645-ket-qua-mega-645-ngay-01-05-2024.html,01/05/2024,41717518000,
1191,Chủ Nhật,28/04/2024,,"1,13,14,22,23,37",https://www.minhchinh.com/xs-mega-645-ket-qua-mega-645-ngay-28-04-2024.html,28/04/2024,39429278000,
1190,Thứ 6,26/04/2024,,"2,3,25,34,35,38",https://www.minhchinh.com/xs-mega-645-ket-qua-mega-645-ngay-26-04-2024.html,26/04/2024,36854769000,
1189,Thứ 4,24/04/2024,,"7,21,30,33,38,39",https://www.minhchinh.com/xs-mega-645-ket-qua-mega-645-ngay-24-04-2024.html,24/04/2024,33913442500,
1188,Chủ Nhật,21/04/2024,,"7,21,36,38,40,45",https://www.minhchinh.com/xs-mega-645-ket-qua-mega-645-ngay-21-04-2024.html,21/04/2024,31115578500,
1187,Thứ 6,19/04/2024,,"2,3,20,21,32,33",https://www.minhchinh.com/xs-mega-645-ket-qua-mega-645-ngay-19-04-2024.html,19/04/2024,28496335000,
1186,Thứ 4,17/04/2024,,"9,16,26,27,32,41",https://www.minhchinh.com/xs-mega-645-ket-qua-mega-645-ngay-17-04-2024.html,17/04/2024,25900366000,
1185,Chủ Nhật,14/04/2024,,"7,12,16,29,42,45",https://www.minhchinh.com/xs-mega-645-ket-qua-mega-645-ngay-14-04-2024.html,14/04/2024,23427026500,
1184,Thứ 6,12/04/2024,,"6,17,18,26,43,45",https://www.minhchinh.com/xs-mega-645-ket-qua-mega-645-ngay-12-04-2024.html,12/04/2024,21014657500,
1183,Thứ 4,10/04/2024,,"2,10,30,33,34,40",https://www.minhchinh.com/xs-mega-645-ket-qua-mega-645-ngay-10-04-2024.html,10/04/2024,18500289500,
1182,Chủ Nhật,07/04/2024,,"3,11,15,17,24,35",https://www.minhchinh.com/xs-mega-645-ket-qua-mega-645-ngay-07-04-2024.html,07/04/2024,15945247500,
1181,Thứ 6,05/04/2024,,"14,18,22,29,36,37",https://www.minhchinh.com/xs-mega-645-ket-qua-mega-645-ngay-05-04-2024.html,05/04/2024,13802587000,
1180,Thứ 4,03/04/2024,,"7,11,14,22,29,34",https://www.minhchinh.com/xs-mega-645-ket-qua-mega-645-ngay-03-04-2024.html,03/04/2024,15715733000,Jackpot
1179,Chủ Nhật,31/03/2024,,"5,12,13,17,40,41",https://www.minhchinh.com/xs-mega-645-ket-qua-mega-645-ngay-31-03-2024.html,31/03/2024,13833689000,
1178,Thứ 6,29/03/2024,,"4,7,25,34,35,38",https://www.minhchinh.com/xs-mega-645-ket-qua-mega-645-ngay-29-03-2024.html,29/03/2024,24266327500,Jackpot
1177,Thứ 4,27/03/2024,,"6,29,31,35,42,44",https://www.minhchinh.com/xs-mega-645-ket-qua-mega-645-ngay-27-03-2024.html,27/03/2024,21920780500,
1176,Chủ Nhật,24/03/2024,,"1,14,22,28,32,42",https://www.minhchinh.com/xs-mega-645-ket-qua-mega-645-ngay-24-03-2024.html,24/03/2024,19560299000,
1175,Thứ 6,22/03/2024,,"5,6,11,20,24,45",https://www.minhchinh.com/xs-mega-645-ket-qua-mega-645-ngay-22-03-2024.html,22/03/2024,17383898500,
1174,Thứ 4,20/03/2024,,"8,14,26,28,43,45",https://www.minhchinh.com/xs-mega-645-ket-qua-mega-645-ngay-20-03-2024.html,20/03/2024,15554264500,
1173,Chủ Nhật,17/03/2024,,"1,3,5,26,30,42",https://www.minhchinh.com/xs-mega-645-ket-qua-mega-645-ngay-17-03-2024.html,17/03/2024,13712050500,
1172,Thứ 6,15/03/2024,,"9,11,16,29,31,33",https://www.minhchinh.com/xs-mega-645-ket-qua-mega-645-ngay-15-03-2024.html,15/03/2024,25152452500,Jackpot
1171,Thứ 4,13/03/2024,,"1,13,25,30,34,40",https://www.minhchinh.com/xs-mega-645-ket-qua-mega-645-ngay-13-03-2024.html,13/03/2024,23424929500,
1170,Chủ Nhật,10/03/2024,,"4,12,19,23,36,41",https://www.minhchinh.com/xs-mega-645-ket-qua-mega-645-ngay-10-03-2024.html,10/03/2024,20891137000,
1169,Thứ 6,08/03/2024,,"2,26,28,40,41,45",https://www.minhchinh.com/xs-mega-645-ket-qua-mega-645-ngay-08-03-2024.html,08/03/2024,19076425000,
1168,Thứ 4,06/03/2024,,"11,15,34,39,41,43",https://www.minhchinh.com/xs-mega-645-ket-qua-mega-645-ngay-06-03-2024.html,06/03/2024,16998337500,
1167,Chủ Nhật,03/03/2024,,"3,10,17,20,22,27",https://www.minhchinh.com/xs-mega-645-ket-qua-mega-645-ngay-03-03-2024.html,03/03/2024,15089165000,
1166,Thứ 6,01/03/2024,,"20,22,24,26,28,37",https://www.minhchinh.com/xs-mega-645-ket-qua-mega-645-ngay-01-03-2024.html,01/03/2024,13505728500,
1165,Thứ 4,28/02/2024,,"1,10,21,25,32,39",https://www.minhchinh.com/xs-mega-645-ket-qua-mega-645-ngay-28-02-2024.html,28/02/2024,13552229000,Jackpot
1164,Chủ Nhật,25/02/2024,,"5,7,10,12,15,26",https://www.minhchinh.com/xs-mega-645-ket-qua-mega-645-ngay-25-02-2024.html,25/02/2024,13116681000,Jackpot
1163,Thứ 6,23/02/2024,,"4,17,19,27,28,36",https://www.minhchinh.com/xs-mega-645-ket-qua-mega-645-ngay-23-02-2024.html,23/02/2024,55896580500,Jackpot
1162,Thứ 4,21/02/2024,,"2,8,14,19,24,42",https://www.minhchinh.com/xs-mega-645-ket-qua-mega-645-ngay-21-02-2024.html,21/02/2024,50440757500,
1161,Chủ Nhật,18/02/2024,,"5,19,20,21,24,40",https://www.minhchinh.com/xs-mega-645-ket-qua-mega-645-ngay-18-02-2024.html,18/02/2024,45166929000,
1160,Thứ 6,16/02/2024,,"6,10,16,20,40,42",https://www.minhchinh.com/xs-mega-645-ket-qua-mega-645-ngay-16-02-2024.html,16/02/2024,40113943000,
1159,Thứ 4,14/02/2024,,"8,9,11,12,40,44",https://www.minhchinh.com/xs-mega-645-ket-qua-mega-645-ngay-14-02-2024.html,14/02/2024,35490259000,
1158,Chủ Nhật,11/02/2024,,"7,18,31,33,35,41",https://www.minhchinh.com/xs-mega-645-ket-qua-mega-645-ngay-11-02-2024.html,11/02/2024,31449479500,
1157,Thứ 4,07/02/2024,,"17,21,24,25,39,42",https://www.minhchinh.com/xs-mega-645-ket-qua-mega-645-ngay-07-02-2024.html,07/02/2024,26679187500,
1156,Chủ Nhật,04/02/2024,,"9,15,21,29,33,39",https://www.minhchinh.com/xs-mega-645-ket-qua-mega-645-ngay-04-02-2024.html,04/02/2024,23589111000,
1155,Thứ 6,02/02/2024,,"1,15,29,31,32,34",https://www.minhchinh.com/xs-mega-645-ket-qua-mega-645-ngay-02-02-2024.html,02/02/2024,21772445000,
1154,Thứ 4,31/01/2024,,"9,11,15,35,38,41",https://www.minhchinh.com/xs-mega-645-ket-qua-mega-645-ngay-31-01-2024.html,31/01/2024,19563269500,
1153,Chủ Nhật,28/01/2024,,"3,23,25,29,36,41",https://www.minhchinh.com/xs-mega-645-ket-qua-mega-645-ngay-28-01-2024.html,28/01/2024,17814565000,
1152,Thứ 6,26/01/2024,,"8,19,22,27,31,35",https://www.minhchinh.com/xs-mega-645-ket-qua-mega-645-ngay-26-01-2024.html,26/01/2024,16171568000,
1151,Thứ 4,24/01/2024,,"7,27,30,36,39,45",https://www.minhchinh.com/xs-mega-645-ket-qua-mega-645-ngay-24-01-2024.html,24/01/2024,14729627500,
1150,Chủ Nhật,21/01/2024,,"11,20,22,23,26,31",https://www.minhchinh.com/xs-mega-645-ket-qua-mega-645-ngay-21-01-2024.html,21/01/2024,13390683500,
1149,Thứ 6,19/01/2024,,"8,15,20,24,43,44",https://www.minhchinh.com/xs-mega-645-ket-qua-mega-645-ngay-19-01-2024.html,19/01/2024,48351151000,Jackpot
1148,Thứ 4,17/01/2024,,"14,19,21,36,43,44",https://www.minhchinh.com/xs-mega-645-ket-qua-mega-645-ngay-17-01-2024.html,17/01/2024,43773001000,
1147,Chủ Nhật,14/01/2024,,"2,8,19,20,24,42",https://www.minhchinh.com/xs-mega-645-ket-qua-mega-645-ngay-14-01-2024.html,14/01/2024,39228755000,
1146,Thứ 6,12/01/2024,,"10,11,20,27,39,43",https://www.minhchinh.com/xs-mega-645-ket-qua-mega-645-ngay-12-01-2024.html,12/01/2024,35243823000,
1145,Thứ 4,10/01/2024,,"10,12,18,19,29,43",https://www.minhchinh.com/xs-mega-645-ket-qua-mega-645-ngay-10-01-2024.html,10/01/2024,31561758500,
1144,Chủ Nhật,07/01/2024,,"3,4,15,18,36,45",https://www.minhchinh.com/xs-mega-645-ket-qua-mega-645-ngay-07-01-2024.html,07/01/2024,27818430500,
1143,Thứ 6,05/01/2024,,"9,16,29,31,33,42",https://www.minhchinh.com/xs-mega-645-ket-qua-mega-645-ngay-05-01-2024.html,05/01/2024,24663684500,
1142,Thứ 4,03/01/2024,,"9,14,19,20,29,40",https://www.minhchinh.com/xs-mega-645-ket-qua-mega-645-ngay-03-01-2024.html,03/01/2024,22767710000,
1141,Chủ Nhật,31/12/2023,,"13,14,23,25,34,44",https://www.minhchinh.com/xs-mega-645-ket-qua-mega-645-ngay-31-12-2023.html,31/12/2023,21072294500,
1140,Thứ 6,29/12/2023,,"16,20,22,35,37,39",https://www.minhchinh.com/xs-mega-645-ket-qua-mega-645-ngay-29-12-2023.html,29/12/2023,19275775000,
1139,Thứ 4,27/12/2023,,"8,16,23,34,36,39",https://www.minhchinh.com/xs-mega-645-ket-qua-mega-645-ngay-27-12-2023.html,27/12/2023,17680939500,
1138,Chủ Nhật,24/12/2023,,"1,2,5,24,40,43",https://www.minhchinh.com/xs-mega-645-ket-qua-mega-645-ngay-24-12-2023.html,24/12/2023,16190373500,
1137,Thứ 6,22/12/2023,,"2,12,14,16,34,38",https://www.minhchinh.com/xs-mega-645-ket-qua-mega-645-ngay-22-12-2023.html,22/12/2023,14542048500,
1136,Thứ 4,20/12/2023,,"5,15,16,21,22,32",https://www.minhchinh.com/xs-mega-645-ket-qua-mega-645-ngay-20-12-2023.html,20/12/2023,13317089500,
1135,Chủ Nhật,17/12/2023,,"3,7,18,20,31,33",https://www.minhchinh.com/xs-mega-645-ket-qua-mega-645-ngay-17-12-2023.html,17/12/2023,32398072500,Jackpot
1134,Thứ 6,15/12/2023,,"1,5,10,11,20,40",https://www.minhchinh.com/xs-mega-645-ket-qua-mega-645-ngay-15-12-2023.html,15/12/2023,28627080000,
1133,Thứ 4,13/12/2023,,"3,7,11,20,28,44",https://www.minhchinh.com/xs-mega-645-ket-qua-mega-645-ngay-13-12-2023.html,13/12/2023,25402013000,
1132,Chủ Nhật,10/12/2023,,"9,10,11,17,41,44",https://www.minhchinh.com/xs-mega-645-ket-qua-mega-645-ngay-10-12-2023.html,10/12/2023,23299498500,
1131,Thứ 6,08/12/2023,,"11,15,16,17,42,43",https://www.minhchinh.com/xs-mega-645-ket-qua-mega-645-ngay-08-12-2023.html,08/12/2023,21503268500,
1130,Thứ 4,06/12/2023,,"18,19,20,29,41,42",https://www.minhchinh.com/xs-mega-645-ket-qua-mega-645-ngay-06-12-2023.html,06/12/2023,19757570500,
1129,Chủ Nhật,03/12/2023,,"12,14,16,21,29,32",https://www.minhchinh.com/xs-mega-645-ket-qua-mega-645-ngay-03-12-2023.html,03/12/2023,17845608000,
1128,Thứ 6,01/12/2023,,"5,10,14,21,27,32",https://www.minhchinh.com/xs-mega-645-ket-qua-mega-645-ngay-01-12-2023.html,01/12/2023,16300633500,
1127,Thứ 4,29/11/2023,,"9,22,24,32,38,39",https://www.minhchinh.com/xs-mega-645-ket-qua-mega-645-ngay-29-11-2023.html,29/11/2023,14760004000,
1126,Chủ Nhật,26/11/2023,,"4,6,15,23,25,36",https://www.minhchinh.com/xs-mega-645-ket-qua-mega-645-ngay-26-11-2023.html,26/11/2023,13191038000,
1125,Thứ 6,24/11/2023,,"5,18,22,34,41,45",https://www.minhchinh.com/xs-mega-645-ket-qua-mega-645-ngay-24-11-2023.html,24/11/2023,96243094000,Jackpot
1124,Thứ 4,22/11/2023,,"15,18,20,23,37,39",https://www.minhchinh.com/xs-mega-645-ket-qua-mega-645-ngay-22-11-2023.html,22/11/2023,87610138500,
1123,Chủ Nhật,19/11/2023,,"1,3,19,20,26,34",https://www.minhchinh.com/xs-mega-645-ket-qua-mega-645-ngay-19-11-2023.html,19/11/2023,79611327000,
1122,Thứ 6,17/11/2023,,"16,20,25,26,36,41",https://www.minhchinh.com/xs-mega-645-ket-qua-mega-645-ngay-17-11-2023.html,17/11/2023,71959468000,
1121,Thứ 4,15/11/2023,,"2,3,12,16,30,37",https://www.minhchinh.com/xs-mega-645-ket-qua-mega-645-ngay-15-11-2023.html,15/11/2023,64531119500,
1120,Chủ Nhật,12/11/2023,,"2,4,10,15,27,31",https://www.minhchinh.com/xs-mega-645-ket-qua-mega-645-ngay-12-11-2023.html,12/11/2023,57741013000,
1119,Thứ 6,10/11/2023,,"1,4,10,13,14,44",https://www.minhchinh.com/xs-mega-645-ket-qua-mega-645-ngay-10-11-2023.html,10/11/2023,52013662000,
1118,Thứ 4,08/11/2023,,"7,20,23,27,31,33",https://www.minhchinh.com/xs-mega-645-ket-qua-mega-645-ngay-08-11-2023.html,08/11/2023,46370024000,
1117,Chủ Nhật,05/11/2023,,"1,13,16,18,23,25",https://www.minhchinh.com/xs-mega-645-ket-qua-mega-645-ngay-05-11-2023.html,05/11/2023,41347137000,
1116,Thứ 6,03/11/2023,,"2,7,9,13,22,38",https://www.minhchinh.com/xs-mega-645-ket-qua-mega-645-ngay-03-11-2023.html,03/11/2023,36816190500,
1115,Thứ 4,01/11/2023,,"1,3,15,16,23,28",https://www.minhchinh.com/xs-mega-645-ket-qua-mega-645-ngay-01-11-2023.html,01/11/2023,34834282500,
1114,Chủ Nhật,29/10/2023,,"5,7,15,21,32,45",https://www.minhchinh.com/xs-mega-645-ket-qua-mega-645-ngay-29-10-2023.html,29/10/2023,32603524000,
1113,Thứ 6,27/10/2023,,"7,10,14,21,26,37",https://www.minhchinh.com/xs-mega-645-ket-qua-mega-645-ngay-27-10-2023.html,27/10/2023,30339644500,
1112,Thứ 4,25/10/2023,,"4,6,13,25,31,41",https://www.minhchinh.com/xs-mega-645-ket-qua-mega-645-ngay-25-10-2023.html,25/10/2023,28509002000,
1111,Chủ Nhật,22/10/2023,,"10,13,14,19,35,40",https://www.minhchinh.com/xs-mega-645-ket-qua-mega-645-ngay-22-10-2023.html,22/10/2023,26107271500,
1110,Thứ 6,20/10/2023,,"4,16,21,24,26,37",https://www.minhchinh.com/xs-mega-645-ket-qua-mega-645-ngay-20-10-2023.html,20/10/2023,24166305500,
1109,Thứ 4,18/10/2023,,"2,7,18,20,24,29",https://www.minhchinh.com/xs-mega-645-ket-qua-mega-645-ngay-18-10-2023.html,18/10/2023,22112806000,
1108,Chủ Nhật,15/10/2023,,"4,5,9,27,34,39",https://www.minhchinh.com/xs-mega-645-ket-qua-mega-645-ngay-15-10-2023.html,15/10/2023,20172156000,
1107,Thứ 6,13/10/2023,,"1,11,16,39,40,45",https://www.minhchinh.com/xs-mega-645-ket-qua-mega-645-ngay-13-10-2023.html,13/10/2023,18683183000,
1106,Thứ 4,11/10/2023,,"5,10,30,40,44,45",https://www.minhchinh.com/xs-mega-645-ket-qua-mega-645-ngay-11-10-2023.html,11/10/2023,17304235500,
1105,Chủ Nhật,08/10/2023,,"4,16,22,28,33,39",https://www.minhchinh.com/xs-mega-645-ket-qua-mega-645-ngay-08-10-2023.html,08/10/2023,15968955500,
1104,Thứ 6,06/10/2023,,"18,19,24,28,33,40",https://www.minhchinh.com/xs-mega-645-ket-qua-mega-645-ngay-06-10-2023.html,06/10/2023,14611984000,
1103,Thứ 4,04/10/2023,,"7,17,21,32,40,45",https://www.minhchinh.com/xs-mega-645-ket-qua-mega-645-ngay-04-10-2023.html,04/10/2023,13094802500,
1102,Chủ Nhật,01/10/2023,,"2,11,13,16,41,43",https://www.minhchinh.com/xs-mega-645-ket-qua-mega-645-ngay-01-10-2023.html,01/10/2023,13646085500,Jackpot
1101,Thứ 6,29/09/2023,,"2,8,24,27,30,43",https://www.minhchinh.com/xs-mega-645-ket-qua-mega-645-ngay-29-09-2023.html,29/09/2023,13077534000,
1100,Thứ 4,27/09/2023,,"3,12,22,30,37,39",https://www.minhchinh.com/xs-mega-645-ket-qua-mega-645-ngay-27-09-2023.html,27/09/2023,37479466500,Jackpot
1099,Chủ Nhật,24/09/2023,,"4,8,23,27,30,36",https://www.minhchinh.com/xs-mega-645-ket-qua-mega-645-ngay-24-09-2023.html,24/09/2023,35790940500,
1098,Thứ 6,22/09/2023,,"2,16,17,18,20,23",https://www.minhchinh.com/xs-mega-645-ket-qua-mega-645-ngay-22-09-2023.html,22/09/2023,34126014500,
1097,Thứ 4,20/09/2023,,"3,6,20,39,40,41",https://www.minhchinh.com/xs-mega-645-ket-qua-mega-645-ngay-20-09-2023.html,20/09/2023,32375490000,
1096,Chủ Nhật,17/09/2023,,"6,10,15,36,39,43",https://www.minhchinh.com/xs-mega-645-ket-qua-mega-645-ngay-17-09-2023.html,17/09/2023,30649643500,
1095,Thứ 6,15/09/2023,,"2,3,5,7,10,38",https://www.minhchinh.com/xs-mega-645-ket-qua-mega-645-ngay-15-09-2023.html,15/09/2023,29109343500,
1094,Thứ 4,13/09/2023,,"2,4,7,9,12,13",https://www.minhchinh.com/xs-mega-645-ket-qua-mega-645-ngay-13-09-2023.html,13/09/2023,27497610500,
1093,Chủ Nhật,10/09/2023,,"4,5,10,18,27,40",https://www.minhchinh.com/xs-mega-645-ket-qua-mega-645-ngay-10-09-2023.html,10/09/2023,26272334000,
1092,Thứ 6,08/09/2023,,"6,8,14,29,39,42",https://www.minhchinh.com/xs-mega-645-ket-qua-mega-645-ngay-08-09-2023.html,08/09/2023,24718436500,
1091,Thứ 4,06/09/2023,,"3,4,12,18,19,29",https://www.minhchinh.com/xs-mega-645-ket-qua-mega-645-ngay-06-09-2023.html,06/09/2023,23348795000,
1090,Chủ Nhật,03/09/2023,,"1,33,38,39,44,45",https://www.minhchinh.com/xs-mega-645-ket-qua-mega-645-ngay-03-09-2023.html,03/09/2023,22006990500,
1089,Thứ 6,01/09/2023,,"9,14,16,19,28,41",https://www.minhchinh.com/xs-mega-645-ket-qua-mega-645-ngay-01-09-2023.html,01/09/2023,20706940500,
1088,Thứ 4,30/08/2023,,"13,17,20,28,30,33",https://www.minhchinh.com/xs-mega-645-ket-qua-mega-645-ngay-30-08-2023.html,30/08/2023,19335329000,
1087,Chủ Nhật,27/08/2023,,"24,27,30,37,44,45",https://www.minhchinh.com/xs-mega-645-ket-qua-mega-645-ngay-27-08-2023.html,27/08/2023,17754370000,
1086,Thứ 6,25/08/2023,,"8,18,30,32,38,45",https://www.minhchinh.com/xs-mega-645-ket-qua-mega-645-ngay-25-08-2023.html,25/08/2023,16395939500,
1085,Thứ 4,23/08/2023,,"5,14,18,19,29,31",https://www.minhchinh.com/xs-mega-645-ket-qua-mega-645-ngay-23-08-2023.html,23/08/2023,14916257500,
1084,Chủ Nhật,20/08/2023,,"7,8,22,23,30,42",https://www.minhchinh.com/xs-mega-645-ket-qua-mega-645-ngay-20-08-2023.html,20/08/2023,13295078500,
1083,Thứ 6,18/08/2023,,"12,19,21,22,34,38",https://www.minhchinh.com/xs-mega-645-ket-qua-mega-645-ngay-18-08-2023.html,18/08/2023,14818425000,Jackpot
1082,Thứ 4,16/08/2023,,"5,7,25,31,39,41",https://www.minhchinh.com/xs-mega-645-ket-qua-mega-645-ngay-16-08-2023.html,16/08/2023,13359965500,
1081,Chủ Nhật,13/08/2023,,"9,15,23,33,35,40",https://www.minhchinh.com/xs-mega-645-ket-qua-mega-645-ngay-13-08-2023.html,13/08/2023,20257762000,Jackpot
1080,Thứ 6,11/08/2023,,"16,21,26,29,30,45",https://www.minhchinh.com/xs-mega-645-ket-qua-mega-645-ngay-11-08-2023.html,11/08/2023,18455034500,
1079,Thứ 4,09/08/2023,,"18,22,30,31,39,41",https://www.minhchinh.com/xs-mega-645-ket-qua-mega-645-ngay-09-08-2023.html,09/08/2023,16571524500,
1078,Chủ Nhật,06/08/2023,,"4,15,19,25,30,38",https://www.minhchinh.com/xs-mega-645-ket-qua-mega-645-ngay-06-08-2023.html,06/08/2023,14785414000,
1077,Thứ 6,04/08/2023,,"2,12,22,38,41,44",https://www.minhchinh.com/xs-mega-645-ket-qua-mega-645-ngay-04-08-2023.html,04/08/2023,13278988000,
1076,Thứ 4,02/08/2023,,"4,21,27,38,39,44",https://www.minhchinh.com/xs-mega-645-ket-qua-mega-645-ngay-02-08-2023.html,02/08/2023,40017756500,Jackpot
1075,Chủ Nhật,30/07/2023,,"3,17,23,33,42,45",https://www.minhchinh.com/xs-mega-645-ket-qua-mega-645-ngay-30-07-2023.html,30/07/2023,35508728000,
1074,Thứ 6,28/07/2023,,"7,27,28,30,31,35",https://www.minhchinh.com/xs-mega-645-ket-qua-mega-645-ngay-28-07-2023.html,28/07/2023,31497747500,
1073,Thứ 4,26/07/2023,,"4,13,18,21,29,37",https://www.minhchinh.com/xs-mega-645-ket-qua-mega-645-ngay-26-07-2023.html,26/07/2023,27710756500,
1072,Chủ Nhật,23/07/2023,,"14,17,23,32,33,43",https://www.minhchinh.com/xs-mega-645-ket-qua-mega-645-ngay-23-07-2023.html,23/07/2023,24294014000,
1071,Thứ 6,21/07/2023,,"9,20,31,33,36,45",https://www.minhchinh.com/xs-mega-645-ket-qua-mega-645-ngay-21-07-2023.html,21/07/2023,22442762000,
1070,Thứ 4,19/07/2023,,"6,10,19,37,43,45",https://www.minhchinh.com/xs-mega-645-ket-qua-mega-645-ngay-19-07-2023.html,19/07/2023,20583141500,
1069,Chủ Nhật,16/07/2023,,"1,7,16,18,21,29",https://www.minhchinh.com/xs-mega-645-ket-qua-mega-645-ngay-16-07-2023.html,16/07/2023,19016179500,
1068,Thứ 6,14/07/2023,,"4,5,13,19,27,37",https://www.minhchinh.com/xs-mega-645-ket-qua-mega-645-ngay-14-07-2023.html,14/07/2023,17548985500,
1067,Thứ 4,12/07/2023,,"19,24,27,31,33,43",https://www.minhchinh.com/xs-mega-645-ket-qua-mega-645-ngay-12-07-2023.html,12/07/2023,16100659000,
1066,Chủ Nhật,09/07/2023,,"14,16,27,28,33,41",https://www.minhchinh.com/xs-mega-645-ket-qua-mega-645-ngay-09-07-2023.html,09/07/2023,14604632000,
1065,Thứ 6,07/07/2023,,"5,9,12,20,37,42",https://www.minhchinh.com/xs-mega-645-ket-qua-mega-645-ngay-07-07-2023.html,07/07/2023,13189469000,
1064,Thứ 4,05/07/2023,,"1,12,24,27,36,44",https://www.minhchinh.com/xs-mega-645-ket-qua-mega-645-ngay-05-07-2023.html,05/07/2023,39273525000,Jackpot
1063,Chủ Nhật,02/07/2023,,"3,5,8,17,37,41",https://www.minhchinh.com/xs-mega-645-ket-qua-mega-645-ngay-02-07-2023.html,02/07/2023,35467876000,
1062,Thứ 6,30/06/2023,,"2,5,20,23,31,38",https://www.minhchinh.com/xs-mega-645-ket-qua-mega-645-ngay-30-06-2023.html,30/06/2023,33208130500,
1061,Thứ 4,28/06/2023,,"4,8,24,31,42,45",https://www.minhchinh.com/xs-mega-645-ket-qua-mega-645-ngay-28-06-2023.html,28/06/2023,31243389000,
1060,Chủ Nhật,25/06/2023,,"4,6,7,25,26,30",https://www.minhchinh.com/xs-mega-645-ket-qua-mega-645-ngay-25-06-2023.html,25/06/2023,28708833500,
1059,Thứ 6,23/06/2023,,"10,14,15,20,24,45",https://www.minhchinh.com/xs-mega-645-ket-qua-mega-645-ngay-23-06-2023.html,23/06/2023,26655630500,
1058,Thứ 4,21/06/2023,,"7,13,19,35,37,38",https://www.minhchinh.com/xs-mega-645-ket-qua-mega-645-ngay-21-06-2023.html,21/06/2023,24773674000,
1057,Chủ Nhật,18/06/2023,,"3,4,8,18,21,33",https://www.minhchinh.com/xs-mega-645-ket-qua-mega-645-ngay-18-06-2023.html,18/06/2023,23071734000,
1056,Thứ 6,16/06/2023,,"24,26,32,37,38,41",https://www.minhchinh.com/xs-mega-645-ket-qua-mega-645-ngay-16-06-2023.html,16/06/2023,21207310000,
1055,Thứ 4,14/06/2023,,"2,28,31,37,41,44",https://www.minhchinh.com/xs-mega-645-ket-qua-mega-645-ngay-14-06-2023.html,14/06/2023,19452645000,
1054,Chủ Nhật,11/06/2023,,"5,18,22,40,41,44",https://www.minhchinh.com/xs-mega-645-ket-qua-mega-645-ngay-11-06-2023.html,11/06/2023,17836752000,
1053,Thứ 6,09/06/2023,,"15,16,23,25,40,41",https://www.minhchinh.com/xs-mega-645-ket-qua-mega-645-ngay-09-06-2023.html,09/06/2023,16259386500,
1052,Thứ 4,07/06/2023,,"1,7,14,16,34,44",https://www.minhchinh.com/xs-mega-645-ket-qua-mega-645-ngay-07-06-2023.html,07/06/2023,14678190500,
1051,Chủ Nhật,04/06/2023,,"3,15,19,35,36,43",https://www.minhchinh.com/xs-mega-645-ket-qua-mega-645-ngay-04-06-2023.html,04/06/2023,13233555500,
1050,Thứ 6,02/06/2023,,"3,11,14,19,21,43",https://www.minhchinh.com/xs-mega-645-ket-qua-mega-645-ngay-02-06-2023.html,02/06/2023,15897330000,Jackpot
1049,Thứ 4,31/05/2023,,"4,9,10,22,41,44",https://www.minhchinh.com/xs-mega-645-ket-qua-mega-645-ngay-31-05-2023.html,31/05/2023,14537298000,
1048,Chủ Nhật,28/05/2023,,"6,13,19,20,37,44",https://www.minhchinh.com/xs-mega-645-ket-qua-mega-645-ngay-28-05-2023.html,28/05/2023,13230312000,
1047,Thứ 6,26/05/2023,,"8,10,19,25,35,44",https://www.minhchinh.com/xs-mega-645-ket-qua-mega-645-ngay-26-05-2023.html,26/05/2023,75088880001,Jackpot
1046,Thứ 4,24/05/2023,,"9,11,15,28,33,44",https://www.minhchinh.com/xs-mega-645-ket-qua-mega-645-ngay-24-05-2023.html,24/05/2023,69074823500,
1045,Chủ Nhật,21/05/2023,,"8,10,17,19,24,41",https://www.minhchinh.com/xs-mega-645-ket-qua-mega-645-ngay-21-05-2023.html,21/05/2023,62996443000,
1044,Thứ 6,19/05/2023,,"3,9,10,27,35,38",https://www.minhchinh.com/xs-mega-645-ket-qua-mega-645-ngay-19-05-2023.html,19/05/2023,57421891500,
1043,Thứ 4,17/05/2023,,"2,6,13,20,28,44",https://www.minhchinh.com/xs-mega-645-ket-qua-mega-645-ngay-17-05-2023.html,17/05/2023,52007827500,
1042,Chủ Nhật,14/05/2023,,"7,8,13,37,42,44",https://www.minhchinh.com/xs-mega-645-ket-qua-mega-645-ngay-14-05-2023.html,14/05/2023,46700646500,
1041,Thứ 6,12/05/2023,,"2,6,8,9,15,27",https://www.minhchinh.com/xs-mega-645-ket-qua-mega-645-ngay-12-05-2023.html,12/05/2023,42229126500,
1040,Thứ 4,10/05/2023,,"7,8,9,13,15,27",https://www.minhchinh.com/xs-mega-645-ket-qua-mega-645-ngay-10-05-2023.html,10/05/2023,38480580500,
1039,Chủ Nhật,07/05/2023,,"4,30,31,33,35,45",https://www.minhchinh.com/xs-mega-645-ket-qua-mega-645-ngay-07-05-2023.html,07/05/2023,34598123000,
1038,Thứ 6,05/05/2023,,"22,28,31,35,36,38",https://www.minhchinh.com/xs-mega-645-ket-qua-mega-645-ngay-05-05-2023.html,05/05/2023,30465327500,
1037,Thứ 4,03/05/2023,,"18,23,28,29,39,44",https://www.minhchinh.com/xs-mega-645-ket-qua-mega-645-ngay-03-05-2023.html,03/05/2023,26803933500,
1036,Chủ Nhật,30/04/2023,,"7,9,23,24,33,36",https://www.minhchinh.com/xs-mega-645-ket-qua-mega-645-ngay-30-04-2023.html,30/04/2023,24181232000,
1035,Thứ 6,28/04/2023,,"5,11,25,33,42,44",https://www.minhchinh.com/xs-mega-645-ket-qua-mega-645-ngay-28-04-2023.html,28/04/2023,22579217000,
1034,Thứ 4,26/04/2023,,"1,4,7,9,34,37",https://www.minhchinh.com/xs-mega-645-ket-qua-mega-645-ngay-26-04-2023.html,26/04/2023,21021341500,
1033,Chủ Nhật,23/04/2023,,"1,2,22,30,37,42",https://www.minhchinh.com/xs-mega-645-ket-qua-mega-645-ngay-23-04-2023.html,23/04/2023,19213526500,
1032,Thứ 6,21/04/2023,,"2,4,7,10,20,44",https://www.minhchinh.com/xs-mega-645-ket-qua-mega-645-ngay-21-04-2023.html,21/04/2023,17515644500,
1031,Thứ 4,19/04/2023,,"10,27,37,40,42,43",https://www.minhchinh.com/xs-mega-645-ket-qua-mega-645-ngay-19-04-2023.html,19/04/2023,16176335500,
1030,Chủ Nhật,16/04/2023,,"8,17,20,25,33,36",https://www.minhchinh.com/xs-mega-645-ket-qua-mega-645-ngay-16-04-2023.html,16/04/2023,14643306500,
1029,Thứ 6,14/04/2023,,"8,16,23,27,32,41",https://www.minhchinh.com/xs-mega-645-ket-qua-mega-645-ngay-14-04-2023.html,14/04/2023,13246272000,
1028,Thứ 4,12/04/2023,,"4,7,27,28,32,43",https://www.minhchinh.com/xs-mega-645-ket-qua-mega-645-ngay-12-04-2023.html,12/04/2023,73078715000,Jackpot
1027,Chủ Nhật,09/04/2023,,"12,15,25,30,34,39",https://www.minhchinh.com/xs-mega-645-ket-qua-mega-645-ngay-09-04-2023.html,09/04/2023,66446394500,
1026,Thứ 6,07/04/2023,,"9,14,22,29,39,41",https://www.minhchinh.com/xs-mega-645-ket-qua-mega-645-ngay-07-04-2023.html,07/04/2023,60536720500,
1025,Thứ 4,05/04/2023,,"4,8,12,15,19,43",https://www.minhchinh.com/xs-mega-645-ket-qua-mega-645-ngay-05-04-2023.html,05/04/2023,54938892500,
1024,Chủ Nhật,02/04/2023,,"2,24,36,38,42,43",https://www.minhchinh.com/xs-mega-645-ket-qua-mega-645-ngay-02-04-2023.html,02/04/2023,49214478000,
1023,Thứ 6,31/03/2023,,"1,9,10,15,30,42",https://www.minhchinh.com/xs-mega-645-ket-qua-mega-645-ngay-31-03-2023.html,31/03/2023,44269078000,
1022,Thứ 4,29/03/2023,,"3,6,12,28,29,43",https://www.minhchinh.com/xs-mega-645-ket-qua-mega-645-ngay-29-03-2023.html,29/03/2023,40039098000,
1021,Chủ Nhật,26/03/2023,,"6,16,18,25,34,45",https://www.minhchinh.com/xs-mega-645-ket-qua-mega-645-ngay-26-03-2023.html,26/03/2023,35931924500,
1020,Thứ 6,24/03/2023,,"6,14,15,18,24,41",https://www.minhchinh.com/xs-mega-645-ket-qua-mega-645-ngay-24-03-2023.html,24/03/2023,32015387000,
1019,Thứ 4,22/03/2023,,"5,8,10,15,17,41",https://www.minhchinh.com/xs-mega-645-ket-qua-mega-645-ngay-22-03-2023.html,22/03/2023,28336399500,
1018,Chủ Nhật,19/03/2023,,"2,7,10,21,28,35",https://www.minhchinh.com/xs-mega-645-ket-qua-mega-645-ngay-19-03-2023.html,19/03/2023,24811119000,
1017,Thứ 6,17/03/2023,,"5,7,12,22,26,33",https://www.minhchinh.com/xs-mega-645-ket-qua-mega-645-ngay-17-03-2023.html,17/03/2023,22922875000,
1016,Thứ 4,15/03/2023,,"11,19,23,28,34,35",https://www.minhchinh.com/xs-mega-645-ket-qua-mega-645-ngay-15-03-2023.html,15/03/2023,21319497500,
1015,Chủ Nhật,12/03/2023,,"10,28,29,31,33,37",https://www.minhchinh.com/xs-mega-645-ket-qua-mega-645-ngay-12-03-2023.html,12/03/2023,19674351500,
1014,Thứ 6,10/03/2023,,"3,5,13,22,36,44",https://www.minhchinh.com/xs-mega-645-ket-qua-mega-645-ngay-10-03-2023.html,10/03/2023,18137132500,
1013,Thứ 4,08/03/2023,,"10,13,22,25,28,36",https://www.minhchinh.com/xs-mega-645-ket-qua-mega-645-ngay-08-03-2023.html,08/03/2023,16668406500,
1012,Chủ Nhật,05/03/2023,,"9,11,24,31,36,44",https://www.minhchinh.com/xs-mega-645-ket-qua-mega-645-ngay-05-03-2023.html,05/03/2023,15021254500,
1011,Thứ 6,03/03/2023,,"10,22,26,27,33,43",https://www.minhchinh.com/xs-mega-645-ket-qua-mega-645-ngay-03-03-2023.html,03/03/2023,13518471500,
1010,Thứ 4,01/03/2023,,"13,14,29,33,38,43",https://www.minhchinh.com/xs-mega-645-ket-qua-mega-645-ngay-01-03-2023.html,01/03/2023,96767240000,Jackpot
1009,Chủ Nhật,26/02/2023,,"4,9,16,26,28,42",https://www.minhchinh.com/xs-mega-645-ket-qua-mega-645-ngay-26-02-2023.html,26/02/2023,87754341500,
1008,Thứ 6,24/02/2023,,"1,10,16,22,35,44",https://www.minhchinh.com/xs-mega-645-ket-qua-mega-645-ngay-24-02-2023.html,24/02/2023,79907120500,
1007,Thứ 4,22/02/2023,,"8,16,22,23,28,38",https://www.minhchinh.com/xs-mega-645-ket-qua-mega-645-ngay-22-02-2023.html,22/02/2023,72458330000,
1006,Chủ Nhật,19/02/2023,,"2,20,22,28,29,38",https://www.minhchinh.com/xs-mega-645-ket-qua-mega-645-ngay-19-02-2023.html,19/02/2023,65155827000,
1005,Thứ 6,17/02/2023,,"1,5,10,13,23,25",https://www.minhchinh.com/xs-mega-645-ket-qua-mega-645-ngay-17-02-2023.html,17/02/2023,58862337500,
1004,Thứ 4,15/02/2023,,"1,2,8,20,24,31",https://www.minhchinh.com/xs-mega-645-ket-qua-mega-645-ngay-15-02-2023.html,15/02/2023,52573149000,
1003,Chủ Nhật,12/02/2023,,"3,5,11,23,24,42",https://www.minhchinh.com/xs-mega-645-ket-qua-mega-645-ngay-12-02-2023.html,12/02/2023,46539623000,
1002,Thứ 6,10/02/2023,,"1,11,23,27,33,39",https://www.minhchinh.com/xs-mega-645-ket-qua-mega-645-ngay-10-02-2023.html,10/02/2023,41745505000,
1001,Thứ 4,08/02/2023,,"6,18,20,22,26,34",https://www.minhchinh.com/xs-mega-645-ket-qua-mega-645-ngay-08-02-2023.html,08/02/2023,37143174500,
1000,Chủ Nhật,05/02/2023,,"13,15,23,29,31,34",https://www.minhchinh.com/xs-mega-645-ket-qua-mega-645-ngay-05-02-2023.html,05/02/2023,32791181500,
999,Thứ 6,03/02/2023,,"4,11,16,30,33,43",https://www.minhchinh.com/xs-mega-645-ket-qua-mega-645-ngay-03-02-2023.html,03/02/2023,28986447000,
998,Thứ 4,01/02/2023,,"16,21,27,29,34,44",https://www.minhchinh.com/xs-mega-645-ket-qua-mega-645-ngay-01-02-2023.html,01/02/2023,25270714500,
997,Chủ Nhật,29/01/2023,,"5,21,26,27,32,33",https://www.minhchinh.com/xs-mega-645-ket-qua-mega-645-ngay-29-01-2023.html,29/01/2023,22873004500,
996,Thứ 6,27/01/2023,,"10,13,21,29,41,43",https://www.minhchinh.com/xs-mega-645-ket-qua-mega-645-ngay-27-01-2023.html,27/01/2023,20897525000,
995,Thứ 4,25/01/2023,,"12,14,18,22,28,31",https://www.minhchinh.com/xs-mega-645-ket-qua-mega-645-ngay-25-01-2023.html,25/01/2023,18900382500,
994,Thứ 6,20/01/2023,,"3,7,13,29,32,44",https://www.minhchinh.com/xs-mega-645-ket-qua-mega-645-ngay-20-01-2023.html,20/01/2023,17047650000,
993,Chủ Nhật,15/01/2023,,"8,9,15,21,26,45",https://www.minhchinh.com/xs-mega-645-ket-qua-mega-645-ngay-15-01-2023.html,15/01/2023,14962713000,
992,Thứ 6,13/01/2023,,"3,11,14,20,26,42",https://www.minhchinh.com/xs-mega-645-ket-qua-mega-645-ngay-13-01-2023.html,13/01/2023,13505185000,
991,Thứ 4,11/01/2023,,"1,18,22,33,34,43",https://www.minhchinh.com/xs-mega-645-ket-qua-mega-645-ngay-11-01-2023.html,11/01/2023,58214087500,Jackpot
990,Chủ Nhật,08/01/2023,,"11,29,32,39,40,43",https://www.minhchinh.com/xs-mega-645-ket-qua-mega-645-ngay-08-01-2023.html,08/01/2023,52449684000,
989,Thứ 6,06/01/2023,,"2,7,16,25,35,38",https://www.minhchinh.com/xs-mega-645-ket-qua-mega-645-ngay-06-01-2023.html,06/01/2023,47263059500,
988,Thứ 4,04/01/2023,,"3,5,7,37,39,42",https://www.minhchinh.com/xs-mega-645-ket-qua-mega-645-ngay-04-01-2023.html,04/01/2023,42607722500,
987,Chủ Nhật,01/01/2023,,"16,20,26,30,32,40",https://www.minhchinh.com/xs-mega-645-ket-qua-mega-645-ngay-01-01-2023.html,01/01/2023,38125966500,
986,Thứ 6,30/12/2022,,"3,24,31,35,39,42",https://www.minhchinh.com/xs-mega-645-ket-qua-mega-645-ngay-30-12-2022.html,30/12/2022,35588379500,
985,Thứ 4,28/12/2022,,"4,5,10,21,33,37",https://www.minhchinh.com/xs-mega-645-ket-qua-mega-645-ngay-28-12-2022.html,28/12/2022,33302021500,
984,Chủ Nhật,25/12/2022,,"15,17,21,28,37,43",https://www.minhchinh.com/xs-mega-645-ket-qua-mega-645-ngay-25-12-2022.html,25/12/2022,30681148000,
983,Thứ 6,23/12/2022,,"2,14,21,22,35,43",https://www.minhchinh.com/xs-mega-645-ket-qua-mega-645-ngay-23-12-2022.html,23/12/2022,28424712500,
982,Thứ 4,21/12/2022,,"8,12,20,26,35,37",https://www.minhchinh.com/xs-mega-645-ket-qua-mega-645-ngay-21-12-2022.html,21/12/2022,26018721000,
981,Chủ Nhật,18/12/2022,,"2,12,13,33,36,42",https://www.minhchinh.com/xs-mega-645-ket-qua-mega-645-ngay-18-12-2022.html,18/12/2022,23854749000,
980,Thứ 6,16/12/2022,,"6,19,22,26,38,39",https://www.minhchinh.com/xs-mega-645-ket-qua-mega-645-ngay-16-12-2022.html,16/12/2022,21908289000,
979,Thứ 4,14/12/2022,,"13,29,35,37,38,41",https://www.minhchinh.com/xs-mega-645-ket-qua-mega-645-ngay-14-12-2022.html,14/12/2022,20043738500,
978,Chủ Nhật,11/12/2022,,"9,11,16,17,22,33",https://www.minhchinh.com/xs-mega-645-ket-qua-mega-645-ngay-11-12-2022.html,11/12/2022,17974244000,
977,Thứ 6,09/12/2022,,"4,23,25,30,40,41",https://www.minhchinh.com/xs-mega-645-ket-qua-mega-645-ngay-09-12-2022.html,09/12/2022,16429073500,
976,Thứ 4,07/12/2022,,"8,11,19,24,26,42",https://www.minhchinh.com/xs-mega-645-ket-qua-mega-645-ngay-07-12-2022.html,07/12/2022,14667783000,
975,Chủ Nhật,04/12/2022,,"4,5,7,9,27,39",https://www.minhchinh.com/xs-mega-645-ket-qua-mega-645-ngay-04-12-2022.html,04/12/2022,13282007000,
974,Thứ 6,02/12/2022,,"2,18,21,24,38,44",https://www.minhchinh.com/xs-mega-645-ket-qua-mega-645-ngay-02-12-2022.html,02/12/2022,16514716500,Jackpot
973,Thứ 4,30/11/2022,,"7,15,20,25,32,37",https://www.minhchinh.com/xs-mega-645-ket-qua-mega-645-ngay-30-11-2022.html,30/11/2022,14921807000,
972,Chủ Nhật,27/11/2022,,"1,26,27,35,36,43",https://www.minhchinh.com/xs-mega-645-ket-qua-mega-645-ngay-27-11-2022.html,27/11/2022,13440836000,
971,Thứ 6,25/11/2022,,"14,20,24,30,35,41",https://www.minhchinh.com/xs-mega-645-ket-qua-mega-645-ngay-25-11-2022.html,25/11/2022,20737613500,Jackpot
970,Thứ 4,23/11/2022,,"4,13,15,20,37,38",https://www.minhchinh.com/xs-mega-645-ket-qua-mega-645-ngay-23-11-2022.html,23/11/2022,18822931500,
969,Chủ Nhật,20/11/2022,,"1,4,14,22,24,40",https://www.minhchinh.com/xs-mega-645-ket-qua-mega-645-ngay-20-11-2022.html,20/11/2022,16973364000,
968,Thứ 6,18/11/2022,,"15,16,22,25,29,33",https://www.minhchinh.com/xs-mega-645-ket-qua-mega-645-ngay-18-11-2022.html,18/11/2022,15234059500,
967,Thứ 4,16/11/2022,,"2,3,12,32,35,44",https://www.minhchinh.com/xs-mega-645-ket-qua-mega-645-ngay-16-11-2022.html,16/11/2022,13531338500,
966,Chủ Nhật,13/11/2022,,"3,4,27,32,40,43",https://www.minhchinh.com/xs-mega-645-ket-qua-mega-645-ngay-13-11-2022.html,13/11/2022,72397323000,Jackpot
965,Thứ 6,11/11/2022,,"2,3,9,15,17,43",https://www.minhchinh.com/xs-mega-645-ket-qua-mega-645-ngay-11-11-2022.html,11/11/2022,65752184000,
964,Thứ 4,09/11/2022,,"7,9,16,20,30,32",https://www.minhchinh.com/xs-mega-645-ket-qua-mega-645-ngay-09-11-2022.html,09/11/2022,59325037000,
963,Chủ Nhật,06/11/2022,,"8,10,12,14,17,31",https://www.minhchinh.com/xs-mega-645-ket-qua-mega-645-ngay-06-11-2022.html,06/11/2022,53746736500,
962,Thứ 6,04/11/2022,,"9,13,16,24,33,45",https://www.minhchinh.com/xs-mega-645-ket-qua-mega-645-ngay-04-11-2022.html,04/11/2022,48556175000,
961,Thứ 4,02/11/2022,,"2,17,23,27,37,42",https://www.minhchinh.com/xs-mega-645-ket-qua-mega-645-ngay-02-11-2022.html,02/11/2022,43928011000,
960,Chủ Nhật,30/10/2022,,"15,27,31,36,38,41",https://www.minhchinh.com/xs-mega-645-ket-qua-mega-645-ngay-30-10-2022.html,30/10/2022,39364640500,
959,Thứ 6,28/10/2022,,"16,21,22,33,42,45",https://www.minhchinh.com/xs-mega-645-ket-qua-mega-645-ngay-28-10-2022.html,28/10/2022,35108565500,
958,Thứ 4,26/10/2022,,"2,3,10,15,31,36",https://www.minhchinh.com/xs-mega-645-ket-qua-mega-645-ngay-26-10-2022.html,26/10/2022,31027945500,
957,Chủ Nhật,23/10/2022,,"2,11,18,33,36,45",https://www.minhchinh.com/xs-mega-645-ket-qua-mega-645-ngay-23-10-2022.html,23/10/2022,28053087500,
956,Thứ 6,21/10/2022,,"10,16,17,18,34,42",https://www.minhchinh.com/xs-mega-645-ket-qua-mega-645-ngay-21-10-2022.html,21/10/2022,26156971000,
955,Thứ 4,19/10/2022,,"1,3,7,10,21,29",https://www.minhchinh.com/xs-mega-645-ket-qua-mega-645-ngay-19-10-2022.html,19/10/2022,24040873500,
954,Chủ Nhật,16/10/2022,,"2,5,19,26,38,40",https://www.minhchinh.com/xs-mega-645-ket-qua-mega-645-ngay-16-10-2022.html,16/10/2022,22314157500,
953,Thứ 6,14/10/2022,,"1,6,22,25,30,34",https://www.minhchinh.com/xs-mega-645-ket-qua-mega-645-ngay-14-10-2022.html,14/10/2022,20562119000,
952,Thứ 4,12/10/2022,,"1,7,13,16,27,35",https://www.minhchinh.com/xs-mega-645-ket-qua-mega-645-ngay-12-10-2022.html,12/10/2022,18611883000,
951,Chủ Nhật,09/10/2022,,"13,15,20,25,35,43",https://www.minhchinh.com/xs-mega-645-ket-qua-mega-645-ngay-09-10-2022.html,09/10/2022,16803160500,
950,Thứ 6,07/10/2022,,"18,20,29,34,36,38",https://www.minhchinh.com/xs-mega-645-ket-qua-mega-645-ngay-07-10-2022.html,07/10/2022,15061056500,
949,Thứ 4,05/10/2022,,"9,18,23,24,29,34",https://www.minhchinh.com/xs-mega-645-ket-qua-mega-645-ngay-05-10-2022.html,05/10/2022,13427711000,
948,Chủ Nhật,02/10/2022,,"3,17,28,30,31,32",https://www.minhchinh.com/xs-mega-645-ket-qua-mega-645-ngay-02-10-2022.html,02/10/2022,21270243500,Jackpot
947,Thứ 6,30/09/2022,,"4,11,19,20,35,41",https://www.minhchinh.com/xs-mega-645-ket-qua-mega-645-ngay-30-09-2022.html,30/09/2022,19422090500,
946,Thứ 4,28/09/2022,,"4,5,7,24,27,30",https://www.minhchinh.com/xs-mega-645-ket-qua-mega-645-ngay-28-09-2022.html,28/09/2022,17875801500,
945,Chủ Nhật,25/09/2022,,"3,5,8,31,33,34",https://www.minhchinh.com/xs-mega-645-ket-qua-mega-645-ngay-25-09-2022.html,25/09/2022,16272183500,
944,Thứ 6,23/09/2022,,"1,12,21,28,30,44",https://www.minhchinh.com/xs-mega-645-ket-qua-mega-645-ngay-23-09-2022.html,23/09/2022,14840078500,
943,Thứ 4,21/09/2022,,"5,10,14,25,42,45",https://www.minhchinh.com/xs-mega-645-ket-qua-mega-645-ngay-21-09-2022.html,21/09/2022,13397869000,
942,Chủ Nhật,18/09/2022,,"3,5,10,17,25,29",https://www.minhchinh.com/xs-mega-645-ket-qua-mega-645-ngay-18-09-2022.html,18/09/2022,43132025000,Jackpot
941,Thứ 6,16/09/2022,,"2,26,35,41,42,43",https://www.minhchinh.com/xs-mega-645-ket-qua-mega-645-ngay-16-09-2022.html,16/09/2022,39062754000,
940,Thứ 4,14/09/2022,,"3,12,15,20,24,45",https://www.minhchinh.com/xs-mega-645-ket-qua-mega-645-ngay-14-09-2022.html,14/09/2022,34942394000,
939,Chủ Nhật,11/09/2022,,"4,15,20,31,43,44",https://www.minhchinh.com/xs-mega-645-ket-qua-mega-645-ngay-11-09-2022.html,11/09/2022,30720902000,
938,Thứ 6,09/09/2022,,"4,6,13,14,28,39",https://www.minhchinh.com/xs-mega-645-ket-qua-mega-645-ngay-09-09-2022.html,09/09/2022,27126697500,
937,Thứ 4,07/09/2022,,"8,9,10,20,35,38",https://www.minhchinh.com/xs-mega-645-ket-qua-mega-645-ngay-07-09-2022.html,07/09/2022,24136566500,
936,Chủ Nhật,04/09/2022,,"5,17,19,27,35,39",https://www.minhchinh.com/xs-mega-645-ket-qua-mega-645-ngay-04-09-2022.html,04/09/2022,22380171500,
935,Thứ 6,02/09/2022,,"2,3,14,21,31,33",https://www.minhchinh.com/xs-mega-645-ket-qua-mega-645-ngay-02-09-2022.html,02/09/2022,21055715000,
934,Thứ 4,31/08/2022,,"4,10,28,29,31,34",https://www.minhchinh.com/xs-mega-645-ket-qua-mega-645-ngay-31-08-2022.html,31/08/2022,19404163000,
933,Chủ Nhật,28/08/2022,,"8,16,31,37,39,41",https://www.minhchinh.com/xs-mega-645-ket-qua-mega-645-ngay-28-08-2022.html,28/08/2022,17727644000,
932,Thứ 6,26/08/2022,,"3,30,31,32,36,45",https://www.minhchinh.com/xs-mega-645-ket-qua-mega-645-ngay-26-08-2022.html,26/08/2022,16154250500,
931,Thứ 4,24/08/2022,,"12,20,21,23,27,34",https://www.minhchinh.com/xs-mega-645-ket-qua-mega-645-ngay-24-08-2022.html,24/08/2022,14664625000,
930,Chủ Nhật,21/08/2022,,"5,19,21,23,28,36",https://www.minhchinh.com/xs-mega-645-ket-qua-mega-645-ngay-21-08-2022.html,21/08/2022,13332771500,
929,Thứ 6,19/08/2022,,"25,26,33,39,41,43",https://www.minhchinh.com/xs-mega-645-ket-qua-mega-645-ngay-19-08-2022.html,19/08/2022,48127997000,Jackpot
928,Thứ 4,17/08/2022,,"23,29,35,37,39,45",https://www.minhchinh.com/xs-mega-645-ket-qua-mega-645-ngay-17-08-2022.html,17/08/2022,44200260000,
927,Chủ Nhật,14/08/2022,,"9,13,21,24,34,35",https://www.minhchinh.com/xs-mega-645-ket-qua-mega-645-ngay-14-08-2022.html,14/08/2022,39833936500,
926,Thứ 6,12/08/2022,,"5,7,16,20,36,41",https://www.minhchinh.com/xs-mega-645-ket-qua-mega-645-ngay-12-08-2022.html,12/08/2022,35660319500,
925,Thứ 4,10/08/2022,,"4,8,10,15,26,31",https://www.minhchinh.com/xs-mega-645-ket-qua-mega-645-ngay-10-08-2022.html,10/08/2022,32328305000,
924,Chủ Nhật,07/08/2022,,"6,9,10,13,24,27",https://www.minhchinh.com/xs-mega-645-ket-qua-mega-645-ngay-07-08-2022.html,07/08/2022,30408294000,
923,Thứ 6,05/08/2022,,"10,13,14,32,37,42",https://www.minhchinh.com/xs-mega-645-ket-qua-mega-645-ngay-05-08-2022.html,05/08/2022,28638819500,
922,Thứ 4,03/08/2022,,"5,14,30,36,38,42",https://www.minhchinh.com/xs-mega-645-ket-qua-mega-645-ngay-03-08-2022.html,03/08/2022,26577005500,
921,Chủ Nhật,31/07/2022,,"3,8,15,16,40,42",https://www.minhchinh.com/xs-mega-645-ket-qua-mega-645-ngay-31-07-2022.html,31/07/2022,24608526000,
920,Thứ 6,29/07/2022,,"5,7,11,20,31,37",https://www.minhchinh.com/xs-mega-645-ket-qua-mega-645-ngay-29-07-2022.html,29/07/2022,22900672000,
919,Thứ 4,27/07/2022,,"9,15,18,22,32,41",https://www.minhchinh.com/xs-mega-645-ket-qua-mega-645-ngay-27-07-2022.html,27/07/2022,21311501500,
918,Chủ Nhật,24/07/2022,,"4,11,17,29,30,44",https://www.minhchinh.com/xs-mega-645-ket-qua-mega-645-ngay-24-07-2022.html,24/07/2022,19644682500,
917,Thứ 6,22/07/2022,,"4,10,18,22,31,37",https://www.minhchinh.com/xs-mega-645-ket-qua-mega-645-ngay-22-07-2022.html,22/07/2022,17983538500,
916,Thứ 4,20/07/2022,,"5,6,20,22,26,39",https://www.minhchinh.com/xs-mega-645-ket-qua-mega-645-ngay-20-07-2022.html,20/07/2022,16450587000,
915,Chủ Nhật,17/07/2022,,"7,13,20,23,27,29",https://www.minhchinh.com/xs-mega-645-ket-qua-mega-645-ngay-17-07-2022.html,17/07/2022,15129926500,
914,Thứ 6,15/07/2022,,"4,30,35,39,42,43",https://www.minhchinh.com/xs-mega-645-ket-qua-mega-645-ngay-15-07-2022.html,15/07/2022,13568382000,
913,Thứ 4,13/07/2022,,"4,9,21,28,35,37",https://www.minhchinh.com/xs-mega-645-ket-qua-mega-645-ngay-13-07-2022.html,13/07/2022,16263765000,Jackpot
912,Chủ Nhật,10/07/2022,,"12,23,29,36,37,41",https://www.minhchinh.com/xs-mega-645-ket-qua-mega-645-ngay-10-07-2022.html,10/07/2022,14744806000,
911,Thứ 6,08/07/2022,,"6,7,12,18,21,43",https://www.minhchinh.com/xs-mega-645-ket-qua-mega-645-ngay-08-07-2022.html,08/07/2022,13152583000,
910,Thứ 4,06/07/2022,,"4,12,14,15,41,42",https://www.minhchinh.com/xs-mega-645-ket-qua-mega-645-ngay-06-07-2022.html,06/07/2022,66844435000,Jackpot
909,Chủ Nhật,03/07/2022,,"8,14,17,20,21,40",https://www.minhchinh.com/xs-mega-645-ket-qua-mega-645-ngay-03-07-2022.html,03/07/2022,60754135000,
908,Thứ 6,01/07/2022,,"17,26,30,31,33,39",https://www.minhchinh.com/xs-mega-645-ket-qua-mega-645-ngay-01-07-2022.html,01/07/2022,55416491000,
907,Thứ 4,29/06/2022,,"1,19,20,27,30,32",https://www.minhchinh.com/xs-mega-645-ket-qua-mega-645-ngay-29-06-2022.html,29/06/2022,50036747000,
906,Chủ Nhật,26/06/2022,,"3,7,8,18,27,36",https://www.minhchinh.com/xs-mega-645-ket-qua-mega-645-ngay-26-06-2022.html,26/06/2022,44984697500,
905,Thứ 6,24/06/2022,,"7,16,18,32,34,44",https://www.minhchinh.com/xs-mega-645-ket-qua-mega-645-ngay-24-06-2022.html,24/06/2022,40655214000,
904,Thứ 4,22/06/2022,,"3,20,23,30,33,35",https://www.minhchinh.com/xs-mega-645-ket-qua-mega-645-ngay-22-06-2022.html,22/06/2022,36830904000,
903,Chủ Nhật,19/06/2022,,"1,24,25,31,39,40",https://www.minhchinh.com/xs-mega-645-ket-qua-mega-645-ngay-19-06-2022.html,19/06/2022,32798069000,
902,Thứ 6,17/06/2022,,"5,8,26,29,35,44",https://www.minhchinh.com/xs-mega-645-ket-qua-mega-645-ngay-17-06-2022.html,17/06/2022,28961809500,
901,Thứ 4,15/06/2022,,"1,6,12,20,36,39",https://www.minhchinh.com/xs-mega-645-ket-qua-mega-645-ngay-15-06-2022.html,15/06/2022,25773380500,
900,Chủ Nhật,12/06/2022,,"6,14,19,22,40,42",https://www.minhchinh.com/xs-mega-645-ket-qua-mega-645-ngay-12-06-2022.html,12/06/2022,23453316000,
899,Thứ 6,10/06/2022,,"10,23,25,26,30,41",https://www.minhchinh.com/xs-mega-645-ket-qua-mega-645-ngay-10-06-2022.html,10/06/2022,21682925500,
898,Thứ 4,08/06/2022,,"2,10,13,15,22,36",https://www.minhchinh.com/xs-mega-645-ket-qua-mega-645-ngay-08-06-2022.html,08/06/2022,19988694000,
897,Chủ Nhật,05/06/2022,,"6,8,21,28,30,35",https://www.minhchinh.com/xs-mega-645-ket-qua-mega-645-ngay-05-06-2022.html,05/06/2022,18393789500,
896,Thứ 6,03/06/2022,,"5,8,34,38,39,41",https://www.minhchinh.com/xs-mega-645-ket-qua-mega-645-ngay-03-06-2022.html,03/06/2022,16907266000,
895,Thứ 4,01/06/2022,,"6,10,21,23,28,39",https://www.minhchinh.com/xs-mega-645-ket-qua-mega-645-ngay-01-06-2022.html,01/06/2022,15582586500,
894,Chủ Nhật,29/05/2022,,"2,6,19,24,30,42",https://www.minhchinh.com/xs-mega-645-ket-qua-mega-645-ngay-29-05-2022.html,29/05/2022,14256983000,
893,Thứ 6,27/05/2022,,"16,21,23,27,35,41",https://www.minhchinh.com/xs-mega-645-ket-qua-mega-645-ngay-27-05-2022.html,27/05/2022,13079045500,
892,Thứ 4,25/05/2022,,"19,26,27,39,44,45",https://www.minhchinh.com/xs-mega-645-ket-qua-mega-645-ngay-25-05-2022.html,25/05/2022,37336878000,Jackpot
891,Chủ Nhật,22/05/2022,,"1,7,10,24,33,40",https://www.minhchinh.com/xs-mega-645-ket-qua-mega-645-ngay-22-05-2022.html,22/05/2022,33635682500,
890,Thứ 6,20/05/2022,,"12,17,34,39,44,45",https://www.minhchinh.com/xs-mega-645-ket-qua-mega-645-ngay-20-05-2022.html,20/05/2022,30055438000,
889,Thứ 4,18/05/2022,,"3,17,23,37,40,42",https://www.minhchinh.com/xs-mega-645-ket-qua-mega-645-ngay-18-05-2022.html,18/05/2022,26804142000,
888,Chủ Nhật,15/05/2022,,"5,20,21,31,34,37",https://www.minhchinh.com/xs-mega-645-ket-qua-mega-645-ngay-15-05-2022.html,15/05/2022,24169204000,
887,Thứ 6,13/05/2022,,"7,8,18,29,41,44",https://www.minhchinh.com/xs-mega-645-ket-qua-mega-645-ngay-13-05-2022.html,13/05/2022,22293891500,
886,Thứ 4,11/05/2022,,"2,6,7,18,34,41",https://www.minhchinh.com/xs-mega-645-ket-qua-mega-645-ngay-11-05-2022.html,11/05/2022,20622299500,
885,Chủ Nhật,08/05/2022,,"4,12,20,25,35,37",https://www.minhchinh.com/xs-mega-645-ket-qua-mega-645-ngay-08-05-2022.html,08/05/2022,19023068000,
884,Thứ 6,06/05/2022,,"1,3,15,16,34,43",https://www.minhchinh.com/xs-mega-645-ket-qua-mega-645-ngay-06-05-2022.html,06/05/2022,17465051000,
883,Thứ 4,04/05/2022,,"1,4,23,28,33,38",https://www.minhchinh.com/xs-mega-645-ket-qua-mega-645-ngay-04-05-2022.html,04/05/2022,15915138500,
882,Chủ Nhật,01/05/2022,,"8,21,26,35,37,42",https://www.minhchinh.com/xs-mega-645-ket-qua-mega-645-ngay-01-05-2022.html,01/05/2022,14476477000,
881,Thứ 6,29/04/2022,,"5,12,16,25,26,32",https://www.minhchinh.com/xs-mega-645-ket-qua-mega-645-ngay-29-04-2022.html,29/04/2022,13161021000,
880,Thứ 4,27/04/2022,,"3,9,14,17,27,32",https://www.minhchinh.com/xs-mega-645-ket-qua-mega-645-ngay-27-04-2022.html,27/04/2022,36546933000,Jackpot
879,Chủ Nhật,24/04/2022,,"9,12,23,30,32,40",https://www.minhchinh.com/xs-mega-645-ket-qua-mega-645-ngay-24-04-2022.html,24/04/2022,32384289000,
878,Thứ 6,22/04/2022,,"11,13,15,18,24,36",https://www.minhchinh.com/xs-mega-645-ket-qua-mega-645-ngay-22-04-2022.html,22/04/2022,28476669500,
877,Thứ 4,20/04/2022,,"1,8,17,21,27,37",https://www.minhchinh.com/xs-mega-645-ket-qua-mega-645-ngay-20-04-2022.html,20/04/2022,26148270500,
876,Chủ Nhật,17/04/2022,,"5,13,15,28,38,40",https://www.minhchinh.com/xs-mega-645-ket-qua-mega-645-ngay-17-04-2022.html,17/04/2022,24256968000,
875,Thứ 6,15/04/2022,,"9,18,21,25,35,44",https://www.minhchinh.com/xs-mega-645-ket-qua-mega-645-ngay-15-04-2022.html,15/04/2022,22501089500,
874,Thứ 4,13/04/2022,,"1,7,20,25,40,41",https://www.minhchinh.com/xs-mega-645-ket-qua-mega-645-ngay-13-04-2022.html,13/04/2022,20906620000,
873,Chủ Nhật,10/04/2022,,"4,17,28,30,38,42",https://www.minhchinh.com/xs-mega-645-ket-qua-mega-645-ngay-10-04-2022.html,10/04/2022,19102705000,
872,Thứ 6,08/04/2022,,"2,13,16,19,20,36",https://www.minhchinh.com/xs-mega-645-ket-qua-mega-645-ngay-08-04-2022.html,08/04/2022,17611855000,
871,Thứ 4,06/04/2022,,"13,17,19,25,32,45",https://www.minhchinh.com/xs-mega-645-ket-qua-mega-645-ngay-06-04-2022.html,06/04/2022,16086020000,
870,Chủ Nhật,03/04/2022,,"5,11,20,26,40,43",https://www.minhchinh.com/xs-mega-645-ket-qua-mega-645-ngay-03-04-2022.html,03/04/2022,14573466500,
869,Thứ 6,01/04/2022,,"2,19,25,32,41,44",https://www.minhchinh.com/xs-mega-645-ket-qua-mega-645-ngay-01-04-2022.html,01/04/2022,13219566000,
868,Thứ 4,30/03/2022,,"1,12,26,28,39,45",https://www.minhchinh.com/xs-mega-645-ket-qua-mega-645-ngay-30-03-2022.html,30/03/2022,22422244500,Jackpot
867,Chủ Nhật,27/03/2022,,"8,17,21,39,44,45",https://www.minhchinh.com/xs-mega-645-ket-qua-mega-645-ngay-27-03-2022.html,27/03/2022,20912630500,
866,Thứ 6,25/03/2022,,"1,12,13,27,29,35",https://www.minhchinh.com/xs-mega-645-ket-qua-mega-645-ngay-25-03-2022.html,25/03/2022,19431284000,
865,Thứ 4,23/03/2022,,"2,9,37,38,40,43",https://www.minhchinh.com/xs-mega-645-ket-qua-mega-645-ngay-23-03-2022.html,23/03/2022,17867079000,
864,Chủ Nhật,20/03/2022,,"1,9,10,12,22,44",https://www.minhchinh.com/xs-mega-645-ket-qua-mega-645-ngay-20-03-2022.html,20/03/2022,16182991000,
863,Thứ 6,18/03/2022,,"6,10,15,29,41,42",https://www.minhchinh.com/xs-mega-645-ket-qua-mega-645-ngay-18-03-2022.html,18/03/2022,14843907500,
862,Thứ 4,16/03/2022,,"10,11,14,24,31,45",https://www.minhchinh.com/xs-mega-645-ket-qua-mega-645-ngay-16-03-2022.html,16/03/2022,13414721000,
861,Chủ Nhật,13/03/2022,,"1,5,19,20,23,38",https://www.minhchinh.com/xs-mega-645-ket-qua-mega-645-ngay-13-03-2022.html,13/03/2022,36253032000,Jackpot
860,Thứ 6,11/03/2022,,"6,20,23,29,34,45",https://www.minhchinh.com/xs-mega-645-ket-qua-mega-645-ngay-11-03-2022.html,11/03/2022,32340443500,
859,Thứ 4,09/03/2022,,"3,15,35,39,40,43",https://www.minhchinh.com/xs-mega-645-ket-qua-mega-645-ngay-09-03-2022.html,09/03/2022,28814538500,
858,Chủ Nhật,06/03/2022,,"11,16,21,33,34,42",https://www.minhchinh.com/xs-mega-645-ket-qua-mega-645-ngay-06-03-2022.html,06/03/2022,25072243500,
857,Thứ 6,04/03/2022,,"3,19,21,24,27,38",https://www.minhchinh.com/xs-mega-645-ket-qua-mega-645-ngay-04-03-2022.html,04/03/2022,23151086500,
856,Thứ 4,02/03/2022,,"7,10,13,20,21,34",https://www.minhchinh.com/xs-mega-645-ket-qua-mega-645-ngay-02-03-2022.html,02/03/2022,21457475500,
855,Chủ Nhật,27/02/2022,,"10,20,25,27,38,45",https://www.minhchinh.com/xs-mega-645-ket-qua-mega-645-ngay-27-02-2022.html,27/02/2022,19617776000,
854,Thứ 6,25/02/2022,,"10,13,30,33,39,41",https://www.minhchinh.com/xs-mega-645-ket-qua-mega-645-ngay-25-02-2022.html,25/02/2022,18128463500,
853,Thứ 4,23/02/2022,,"2,16,18,19,24,29",https://www.minhchinh.com/xs-mega-645-ket-qua-mega-645-ngay-23-02-2022.html,23/02/2022,16542911000,
852,Chủ Nhật,20/02/2022,,"4,6,16,30,43,44",https://www.minhchinh.com/xs-mega-645-ket-qua-mega-645-ngay-20-02-2022.html,20/02/2022,14939869500,
851,Thứ 6,18/02/2022,,"3,14,20,26,28,36",https://www.minhchinh.com/xs-mega-645-ket-qua-mega-645-ngay-18-02-2022.html,18/02/2022,13446070000,
850,Thứ 4,16/02/2022,,"2,5,8,16,22,42",https://www.minhchinh.com/xs-mega-645-ket-qua-mega-645-ngay-16-02-2022.html,16/02/2022,43057471000,Jackpot
849,Chủ Nhật,13/02/2022,,"14,21,22,24,28,45",https://www.minhchinh.com/xs-mega-645-ket-qua-mega-645-ngay-13-02-2022.html,13/02/2022,38734645000,
848,Thứ 6,11/02/2022,,"10,11,19,38,41,44",https://www.minhchinh.com/xs-mega-645-ket-qua-mega-645-ngay-11-02-2022.html,11/02/2022,36100164000,
847,Thứ 4,09/02/2022,,"3,20,27,37,44,45",https://www.minhchinh.com/xs-mega-645-ket-qua-mega-645-ngay-09-02-2022.html,09/02/2022,34007667500,
846,Chủ Nhật,06/02/2022,,"5,9,21,24,34,39",https://www.minhchinh.com/xs-mega-645-ket-qua-mega-645-ngay-06-02-2022.html,06/02/2022,31614479500,
845,Thứ 6,04/02/2022,,"11,16,18,38,40,43",https://www.minhchinh.com/xs-mega-645-ket-qua-mega-645-ngay-04-02-2022.html,04/02/2022,29607165500,
844,Thứ 4,02/02/2022,,"5,6,14,20,31,38",https://www.minhchinh.com/xs-mega-645-ket-qua-mega-645-ngay-02-02-2022.html,02/02/2022,27709922500,
843,Chủ Nhật,30/01/2022,,"1,7,22,26,28,41",https://www.minhchinh.com/xs-mega-645-ket-qua-mega-645-ngay-30-01-2022.html,30/01/2022,25769631000,
842,Thứ 6,28/01/2022,,"4,6,12,26,27,39",https://www.minhchinh.com/xs-mega-645-ket-qua-mega-645-ngay-28-01-2022.html,28/01/2022,23684465000,
841,Thứ 4,26/01/2022,,"5,11,15,18,27,43",https://www.minhchinh.com/xs-mega-645-ket-qua-mega-645-ngay-26-01-2022.html,26/01/2022,21964946000,
840,Chủ Nhật,23/01/2022,,"13,20,24,32,34,40",https://www.minhchinh.com/xs-mega-645-ket-qua-mega-645-ngay-23-01-2022.html,23/01/2022,20275298500,
839,Thứ 6,21/01/2022,,"1,13,17,24,27,42",https://www.minhchinh.com/xs-mega-645-ket-qua-mega-645-ngay-21-01-2022.html,21/01/2022,18432653000,
838,Thứ 4,19/01/2022,,"14,21,25,34,37,39",https://www.minhchinh.com/xs-mega-645-ket-qua-mega-645-ngay-19-01-2022.html,19/01/2022,16793959500,
837,Chủ Nhật,16/01/2022,,"1,3,4,5,32,33",https://www.minhchinh.com/xs-mega-645-ket-qua-mega-645-ngay-16-01-2022.html,16/01/2022,15005629500,
836,Thứ 6,14/01/2022,,"5,14,27,30,38,45",https://www.minhchinh.com/xs-mega-645-ket-qua-mega-645-ngay-14-01-2022.html,14/01/2022,13303467000,
835,Thứ 4,12/01/2022,,"3,6,13,15,36,44",https://www.minhchinh.com/xs-mega-645-ket-qua-mega-645-ngay-12-01-2022.html,12/01/2022,23657658500,Jackpot
834,Chủ Nhật,09/01/2022,,"6,7,11,22,35,41",https://www.minhchinh.com/xs-mega-645-ket-qua-mega-645-ngay-09-01-2022.html,09/01/2022,21975994000,
833,Thứ 6,07/01/2022,,"10,13,24,28,38,44",https://www.minhchinh.com/xs-mega-645-ket-qua-mega-645-ngay-07-01-2022.html,07/01/2022,20272931500,
832,Thứ 4,05/01/2022,,"1,3,8,9,35,40",https://www.minhchinh.com/xs-mega-645-ket-qua-mega-645-ngay-05-01-2022.html,05/01/2022,18547498500,
831,Chủ Nhật,02/01/2022,,"11,17,30,36,41,45",https://www.minhchinh.com/xs-mega-645-ket-qua-mega-645-ngay-02-01-2022.html,02/01/2022,16699523500,
830,Thứ 6,31/12/2021,,"2,5,12,33,41,45",https://www.minhchinh.com/xs-mega-645-ket-qua-mega-645-ngay-31-12-2021.html,31/12/2021,15087497500,
829,Thứ 4,29/12/2021,,"5,27,33,34,38,40",https://www.minhchinh.com/xs-mega-645-ket-qua-mega-645-ngay-29-12-2021.html,29/12/2021,13578555500,
828,Chủ Nhật,26/12/2021,,"4,11,16,24,35,44",https://www.minhchinh.com/xs-mega-645-ket-qua-mega-645-ngay-26-12-2021.html,26/12/2021,16762864500,Jackpot
827,Thứ 6,24/12/2021,,"3,17,25,26,36,38",https://www.minhchinh.com/xs-mega-645-ket-qua-mega-645-ngay-24-12-2021.html,24/12/2021,15138833000,
826,Thứ 4,22/12/2021,,"8,16,17,23,28,38",https://www.minhchinh.com/xs-mega-645-ket-qua-mega-645-ngay-22-12-2021.html,22/12/2021,13485049000,
825,Chủ Nhật,19/12/2021,,"12,15,24,30,36,45",https://www.minhchinh.com/xs-mega-645-ket-qua-mega-645-ngay-19-12-2021.html,19/12/2021,20636521000,Jackpot
824,Thứ 6,17/12/2021,,"8,15,16,21,25,33",https://www.minhchinh.com/xs-mega-645-ket-qua-mega-645-ngay-17-12-2021.html,17/12/2021,18887000500,
823,Thứ 4,15/12/2021,,"3,18,29,30,39,41",https://www.minhchinh.com/xs-mega-645-ket-qua-mega-645-ngay-15-12-2021.html,15/12/2021,17097562500,
822,Chủ Nhật,12/12/2021,,"16,21,29,40,41,43",https://www.minhchinh.com/xs-mega-645-ket-qua-mega-645-ngay-12-12-2021.html,12/12/2021,15281516500,
821,Thứ 6,10/12/2021,,"1,4,17,19,24,42",https://www.minhchinh.com/xs-mega-645-ket-qua-mega-645-ngay-10-12-2021.html,10/12/2021,13578476000,
820,Thứ 4,08/12/2021,,"2,3,16,19,22,34",https://www.minhchinh.com/xs-mega-645-ket-qua-mega-645-ngay-08-12-2021.html,08/12/2021,98295409000,Jackpot
819,Chủ Nhật,05/12/2021,,"3,5,6,31,34,35",https://www.minhchinh.com/xs-mega-645-ket-qua-mega-645-ngay-05-12-2021.html,05/12/2021,90627189000,
818,Thứ 6,03/12/2021,,"10,14,29,37,38,40",https://www.minhchinh.com/xs-mega-645-ket-qua-mega-645-ngay-03-12-2021.html,03/12/2021,83634807000,
817,Thứ 4,01/12/2021,,"8,9,30,31,38,45",https://www.minhchinh.com/xs-mega-645-ket-qua-mega-645-ngay-01-12-2021.html,01/12/2021,77215625000,
816,Chủ Nhật,28/11/2021,,"13,17,26,27,31,37",https://www.minhchinh.com/xs-mega-645-ket-qua-mega-645-ngay-28-11-2021.html,28/11/2021,71075874500,
815,Thứ 6,26/11/2021,,"4,18,25,29,32,34",https://www.minhchinh.com/xs-mega-645-ket-qua-mega-645-ngay-26-11-2021.html,26/11/2021,65028430500,
814,Thứ 4,24/11/2021,,"2,10,18,23,34,36",https://www.minhchinh.com/xs-mega-645-ket-qua-mega-645-ngay-24-11-2021.html,24/11/2021,59369630000,
813,Chủ Nhật,21/11/2021,,"1,12,29,40,44,45",https://www.minhchinh.com/xs-mega-645-ket-qua-mega-645-ngay-21-11-2021.html,21/11/2021,53981901500,
812,Thứ 6,19/11/2021,,"9,10,26,28,39,43",https://www.minhchinh.com/xs-mega-645-ket-qua-mega-645-ngay-19-11-2021.html,19/11/2021,49093217500,
811,Thứ 4,17/11/2021,,"4,15,25,26,32,35",https://www.minhchinh.com/xs-mega-645-ket-qua-mega-645-ngay-17-11-2021.html,17/11/2021,44760096500,
810,Chủ Nhật,14/11/2021,,"3,5,18,28,42,43",https://www.minhchinh.com/xs-mega-645-ket-qua-mega-645-ngay-14-11-2021.html,14/11/2021,40056685000,
809,Thứ 6,12/11/2021,,"11,14,18,24,35,37",https://www.minhchinh.com/xs-mega-645-ket-qua-mega-645-ngay-12-11-2021.html,12/11/2021,35913676000,
808,Thứ 4,10/11/2021,,"17,18,19,20,27,44",https://www.minhchinh.com/xs-mega-645-ket-qua-mega-645-ngay-10-11-2021.html,10/11/2021,32121468500,
807,Chủ Nhật,07/11/2021,,"5,20,24,25,35,36",https://www.minhchinh.com/xs-mega-645-ket-qua-mega-645-ngay-07-11-2021.html,07/11/2021,28473605000,
806,Thứ 6,05/11/2021,,"10,16,36,40,41,42",https://www.minhchinh.com/xs-mega-645-ket-qua-mega-645-ngay-05-11-2021.html,05/11/2021,24823862000,
805,Thứ 4,03/11/2021,,"3,13,15,23,24,44",https://www.minhchinh.com/xs-mega-645-ket-qua-mega-645-ngay-03-11-2021.html,03/11/2021,23137555500,
804,Chủ Nhật,31/10/2021,,"9,14,17,18,36,41",https://www.minhchinh.com/xs-mega-645-ket-qua-mega-645-ngay-31-10-2021.html,31/10/2021,21433245500,
803,Thứ 6,29/10/2021,,"17,19,22,31,32,34",https://www.minhchinh.com/xs-mega-645-ket-qua-mega-645-ngay-29-10-2021.html,29/10/2021,19914830000,
802,Thứ 4,27/10/2021,,"13,17,26,29,33,39",https://www.minhchinh.com/xs-mega-645-ket-qua-mega-645-ngay-27-10-2021.html,27/10/2021,18378377000,
801,Chủ Nhật,24/10/2021,,"6,29,31,32,39,44",https://www.minhchinh.com/xs-mega-645-ket-qua-mega-645-ngay-24-10-2021.html,24/10/2021,17106173500,
800,Thứ 6,22/10/2021,,"3,5,6,9,28,43",https://www.minhchinh.com/xs-mega-645-ket-qua-mega-645-ngay-22-10-2021.html,22/10/2021,15801269000,
799,Thứ 4,20/10/2021,,"5,9,33,40,41,45",https://www.minhchinh.com/xs-mega-645-ket-qua-mega-645-ngay-20-10-2021.html,20/10/2021,14504128500,
798,Chủ Nhật,17/10/2021,,"4,12,21,22,27,40",https://www.minhchinh.com/xs-mega-645-ket-qua-mega-645-ngay-17-10-2021.html,17/10/2021,13176319000,
797,Thứ 6,15/10/2021,,"5,13,17,20,29,45",https://www.minhchinh.com/xs-mega-645-ket-qua-mega-645-ngay-15-10-2021.html,15/10/2021,30980331000,Jackpot
796,Thứ 4,13/10/2021,,"20,34,37,39,41,42",https://www.minhchinh.com/xs-mega-645-ket-qua-mega-645-ngay-13-10-2021.html,13/10/2021,27804912500,
795,Chủ Nhật,10/10/2021,,"3,25,26,29,40,42",https://www.minhchinh.com/xs-mega-645-ket-qua-mega-645-ngay-10-10-2021.html,10/10/2021,24429731000,
794,Thứ 6,08/10/2021,,"4,13,18,23,33,43",https://www.minhchinh.com/xs-mega-645-ket-qua-mega-645-ngay-08-10-2021.html,08/10/2021,22803507000,
793,Thứ 4,06/10/2021,,"9,11,15,20,32,36",https://www.minhchinh.com/xs-mega-645-ket-qua-mega-645-ngay-06-10-2021.html,06/10/2021,21685002000,
792,Chủ Nhật,03/10/2021,,"6,12,28,30,39,42",https://www.minhchinh.com/xs-mega-645-ket-qua-mega-645-ngay-03-10-2021.html,03/10/2021,20403874500,
791,Thứ 6,01/10/2021,,"11,15,17,27,28,45",https://www.minhchinh.com/xs-mega-645-ket-qua-mega-645-ngay-01-10-2021.html,01/10/2021,19241396000,
790,Thứ 4,29/09/2021,,"6,15,16,27,36,42",https://www.minhchinh.com/xs-mega-645-ket-qua-mega-645-ngay-29-09-2021.html,29/09/2021,18375874000,
789,Chủ Nhật,26/09/2021,,"13,27,34,35,36,41",https://www.minhchinh.com/xs-mega-645-ket-qua-mega-645-ngay-26-09-2021.html,26/09/2021,17252470500,
788,Thứ 6,24/09/2021,,"1,4,7,14,16,41",https://www.minhchinh.com/xs-mega-645-ket-qua-mega-645-ngay-24-09-2021.html,24/09/2021,16086062000,
787,Thứ 4,22/09/2021,,"5,10,19,22,36,45",https://www.minhchinh.com/xs-mega-645-ket-qua-mega-645-ngay-22-09-2021.html,22/09/2021,15141186500,
786,Chủ Nhật,19/09/2021,,"6,24,28,31,36,43",https://www.minhchinh.com/xs-mega-645-ket-qua-mega-645-ngay-19-09-2021.html,19/09/2021,14451502500,
785,Thứ 6,17/09/2021,,"6,10,15,37,39,44",https://www.minhchinh.com/xs-mega-645-ket-qua-mega-645-ngay-17-09-2021.html,17/09/2021,13530158500,
784,Thứ 4,15/09/2021,,"11,14,17,24,29,35",https://www.minhchinh.com/xs-mega-645-ket-qua-mega-645-ngay-15-09-2021.html,15/09/2021,12731541500,
783,Chủ Nhật,12/09/2021,,"4,8,21,29,33,45",https://www.minhchinh.com/xs-mega-645-ket-qua-mega-645-ngay-12-09-2021.html,12/09/2021,28279182500,Jackpot
782,Thứ 6,10/09/2021,,"10,16,22,36,43,44",https://www.minhchinh.com/xs-mega-645-ket-qua-mega-645-ngay-10-09-2021.html,10/09/2021,26526202500,
781,Thứ 4,08/09/2021,,"4,18,28,32,36,40",https://www.minhchinh.com/xs-mega-645-ket-qua-mega-645-ngay-08-09-2021.html,08/09/2021,24753445000,
780,Chủ Nhật,05/09/2021,,"15,18,25,27,29,34",https://www.minhchinh.com/xs-mega-645-ket-qua-mega-645-ngay-05-09-2021.html,05/09/2021,23703678500,
779,Thứ 6,03/09/2021,,"6,11,18,23,32,44",https://www.minhchinh.com/xs-mega-645-ket-qua-mega-645-ngay-03-09-2021.html,03/09/2021,22852645000,
778,Thứ 4,01/09/2021,,"6,13,33,34,40,45",https://www.minhchinh.com/xs-mega-645-ket-qua-mega-645-ngay-01-09-2021.html,01/09/2021,22155215500,
777,Chủ Nhật,29/08/2021,,"1,18,21,25,27,35",https://www.minhchinh.com/xs-mega-645-ket-qua-mega-645-ngay-29-08-2021.html,29/08/2021,21293308500,
776,Thứ 6,27/08/2021,,"4,10,11,15,24,37",https://www.minhchinh.com/xs-mega-645-ket-qua-mega-645-ngay-27-08-2021.html,27/08/2021,20426007500,
775,Thứ 4,25/08/2021,,"1,3,5,17,22,33",https://www.minhchinh.com/xs-mega-645-ket-qua-mega-645-ngay-25-08-2021.html,25/08/2021,19773149500,
774,Chủ Nhật,22/08/2021,,"6,7,18,25,40,43",https://www.minhchinh.com/xs-mega-645-ket-qua-mega-645-ngay-22-08-2021.html,22/08/2021,19055917000,
773,Thứ 6,20/08/2021,,"4,8,17,27,32,36",https://www.minhchinh.com/xs-mega-645-ket-qua-mega-645-ngay-20-08-2021.html,20/08/2021,18472892000,
772,Thứ 4,18/08/2021,,"10,16,19,27,28,36",https://www.minhchinh.com/xs-mega-645-ket-qua-mega-645-ngay-18-08-2021.html,18/08/2021,17869440500,
771,Thứ 6,23/07/2021,,"19,26,31,33,41,42",https://www.minhchinh.com/xs-mega-645-ket-qua-mega-645-ngay-23-07-2021.html,23/07/2021,17106759000,
770,Thứ 4,21/07/2021,,"8,10,12,29,34,37",https://www.minhchinh.com/xs-mega-645-ket-qua-mega-645-ngay-21-07-2021.html,21/07/2021,16087964500,
769,Chủ Nhật,18/07/2021,,"3,8,19,21,25,36",https://www.minhchinh.com/xs-mega-645-ket-qua-mega-645-ngay-18-07-2021.html,18/07/2021,15017833500,
768,Thứ 6,16/07/2021,,"1,9,18,26,41,45",https://www.minhchinh.com/xs-mega-645-ket-qua-mega-645-ngay-16-07-2021.html,16/07/2021,13992056500,
767,Thứ 4,14/07/2021,,"4,11,22,29,37,43",https://www.minhchinh.com/xs-mega-645-ket-qua-mega-645-ngay-14-07-2021.html,14/07/2021,13052822500,
766,Chủ Nhật,11/07/2021,,"2,8,15,17,19,30",https://www.minhchinh.com/xs-mega-645-ket-qua-mega-645-ngay-11-07-2021.html,11/07/2021,35050968000,Jackpot
765,Thứ 6,09/07/2021,,"4,9,17,18,28,32",https://www.minhchinh.com/xs-mega-645-ket-qua-mega-645-ngay-09-07-2021.html,09/07/2021,32309994000,
764,Thứ 4,07/07/2021,,"1,6,13,30,34,43",https://www.minhchinh.com/xs-mega-645-ket-qua-mega-645-ngay-07-07-2021.html,07/07/2021,30668735000,
763,Chủ Nhật,04/07/2021,,"3,14,15,21,26,37",https://www.minhchinh.com/xs-mega-645-ket-qua-mega-645-ngay-04-07-2021.html,04/07/2021,28743212000,
762,Thứ 6,02/07/2021,,"1,14,15,18,32,45",https://www.minhchinh.com/xs-mega-645-ket-qua-mega-645-ngay-02-07-2021.html,02/07/2021,27110872500,
761,Thứ 4,30/06/2021,,"2,5,6,8,10,32",https://www.minhchinh.com/xs-mega-645-ket-qua-mega-645-ngay-30-06-2021.html,30/06/2021,25400284500,
760,Chủ Nhật,27/06/2021,,"5,10,29,37,42,44",https://www.minhchinh.com/xs-mega-645-ket-qua-mega-645-ngay-27-06-2021.html,27/06/2021,23704232000,
759,Thứ 6,25/06/2021,,"3,5,6,23,24,39",https://www.minhchinh.com/xs-mega-645-ket-qua-mega-645-ngay-25-06-2021.html,25/06/2021,22185507500,
758,Thứ 4,23/06/2021,,"4,7,20,28,33,41",https://www.minhchinh.com/xs-mega-645-ket-qua-mega-645-ngay-23-06-2021.html,23/06/2021,20526628000,
757,Chủ Nhật,20/06/2021,,"10,24,27,42,43,45",https://www.minhchinh.com/xs-mega-645-ket-qua-mega-645-ngay-20-06-2021.html,20/06/2021,18982427000,
756,Thứ 6,18/06/2021,,"10,11,28,29,40,42",https://www.minhchinh.com/xs-mega-645-ket-qua-mega-645-ngay-18-06-2021.html,18/06/2021,17563534000,
755,Thứ 4,16/06/2021,,"11,19,24,28,31,39",https://www.minhchinh.com/xs-mega-645-ket-qua-mega-645-ngay-16-06-2021.html,16/06/2021,16164413000,
754,Chủ Nhật,13/06/2021,,"3,10,12,13,36,44",https://www.minhchinh.com/xs-mega-645-ket-qua-mega-645-ngay-13-06-2021.html,13/06/2021,14815632000,
753,Thứ 6,11/06/2021,,"8,12,13,14,32,40",https://www.minhchinh.com/xs-mega-645-ket-qua-mega-645-ngay-11-06-2021.html,11/06/2021,13438632000,
752,Thứ 4,09/06/2021,,"2,7,18,20,24,36",https://www.minhchinh.com/xs-mega-645-ket-qua-mega-645-ngay-09-06-2021.html,09/06/2021,29292855500,Jackpot
751,Chủ Nhật,06/06/2021,,"5,7,10,13,14,42",https://www.minhchinh.com/xs-mega-645-ket-qua-mega-645-ngay-06-06-2021.html,06/06/2021,27467427500,
750,Thứ 6,04/06/2021,,"19,24,31,32,35,36",https://www.minhchinh.com/xs-mega-645-ket-qua-mega-645-ngay-04-06-2021.html,04/06/2021,25695873500,
749,Thứ 4,02/06/2021,,"10,20,22,26,31,42",https://www.minhchinh.com/xs-mega-645-ket-qua-mega-645-ngay-02-06-2021.html,02/06/2021,23915617500,
748,Chủ Nhật,30/05/2021,,"7,10,19,30,40,45",https://www.minhchinh.com/xs-mega-645-ket-qua-mega-645-ngay-30-05-2021.html,30/05/2021,22221494500,
747,Thứ 6,28/05/2021,,"2,15,33,41,44,45",https://www.minhchinh.com/xs-mega-645-ket-qua-mega-645-ngay-28-05-2021.html,28/05/2021,20863349000,
746,Thứ 4,26/05/2021,,"1,10,22,36,38,45",https://www.minhchinh.com/xs-mega-645-ket-qua-mega-645-ngay-26-05-2021.html,26/05/2021,19252692500,
745,Chủ Nhật,23/05/2021,,"11,14,22,26,29,44",https://www.minhchinh.com/xs-mega-645-ket-qua-mega-645-ngay-23-05-2021.html,23/05/2021,17658371500,
744,Thứ 6,21/05/2021,,"4,28,37,38,40,42",https://www.minhchinh.com/xs-mega-645-ket-qua-mega-645-ngay-21-05-2021.html,21/05/2021,16169239000,
743,Thứ 4,19/05/2021,,"3,12,23,29,33,34",https://www.minhchinh.com/xs-mega-645-ket-qua-mega-645-ngay-19-05-2021.html,19/05/2021,14639616500,
742,Chủ Nhật,16/05/2021,,"13,23,33,37,40,43",https://www.minhchinh.com/xs-mega-645-ket-qua-mega-645-ngay-16-05-2021.html,16/05/2021,13202141000,
741,Thứ 6,14/05/2021,,"3,11,16,20,24,30",https://www.minhchinh.com/xs-mega-645-ket-qua-mega-645-ngay-14-05-2021.html,14/05/2021,13242112000,Jackpot
740,Thứ 4,12/05/2021,,"9,15,22,27,34,42",https://www.minhchinh.com/xs-mega-645-ket-qua-mega-645-ngay-12-05-2021.html,12/05/2021,70068418000,Jackpot
739,Chủ Nhật,09/05/2021,,"1,7,16,24,27,37",https://www.minhchinh.com/xs-mega-645-ket-qua-mega-645-ngay-09-05-2021.html,09/05/2021,63700477500,
738,Thứ 6,07/05/2021,,"10,20,21,27,33,34",https://www.minhchinh.com/xs-mega-645-ket-qua-mega-645-ngay-07-05-2021.html,07/05/2021,58038778500,
737,Thứ 4,05/05/2021,,"3,14,20,22,37,44",https://www.minhchinh.com/xs-mega-645-ket-qua-mega-645-ngay-05-05-2021.html,05/05/2021,52338709000,
736,Chủ Nhật,02/05/2021,,"7,8,30,35,40,44",https://www.minhchinh.com/xs-mega-645-ket-qua-mega-645-ngay-02-05-2021.html,02/05/2021,47209898500,
735,Thứ 6,30/04/2021,,"3,4,20,21,36,41",https://www.minhchinh.com/xs-mega-645-ket-qua-mega-645-ngay-30-04-2021.html,30/04/2021,42764126500,
734,Thứ 4,28/04/2021,,"21,39,40,41,43,45",https://www.minhchinh.com/xs-mega-645-ket-qua-mega-645-ngay-28-04-2021.html,28/04/2021,38903466000,
733,Chủ Nhật,25/04/2021,,"8,19,21,28,32,44",https://www.minhchinh.com/xs-mega-645-ket-qua-mega-645-ngay-25-04-2021.html,25/04/2021,34931499000,
732,Thứ 6,23/04/2021,,"13,16,18,22,34,39",https://www.minhchinh.com/xs-mega-645-ket-qua-mega-645-ngay-23-04-2021.html,23/04/2021,31264325500,
731,Thứ 4,21/04/2021,,"3,12,19,27,32,35",https://www.minhchinh.com/xs-mega-645-ket-qua-mega-645-ngay-21-04-2021.html,21/04/2021,27861050500,
730,Chủ Nhật,18/04/2021,,"7,9,15,23,26,27",https://www.minhchinh.com/xs-mega-645-ket-qua-mega-645-ngay-18-04-2021.html,18/04/2021,26021983000,
729,Thứ 6,16/04/2021,,"8,9,11,28,30,39",https://www.minhchinh.com/xs-mega-645-ket-qua-mega-645-ngay-16-04-2021.html,16/04/2021,24454960500,
728,Thứ 4,14/04/2021,,"11,12,16,18,33,35",https://www.minhchinh.com/xs-mega-645-ket-qua-mega-645-ngay-14-04-2021.html,14/04/2021,22996078000,
727,Chủ Nhật,11/04/2021,,"3,23,27,32,34,39",https://www.minhchinh.com/xs-mega-645-ket-qua-mega-645-ngay-11-04-2021.html,11/04/2021,21251858000,
726,Thứ 6,09/04/2021,,"3,4,8,17,19,37",https://www.minhchinh.com/xs-mega-645-ket-qua-mega-645-ngay-09-04-2021.html,09/04/2021,19524873000,
725,Thứ 4,07/04/2021,,"13,15,19,25,33,34",https://www.minhchinh.com/xs-mega-645-ket-qua-mega-645-ngay-07-04-2021.html,07/04/2021,18118581500,
724,Chủ Nhật,04/04/2021,,"5,20,27,30,38,43",https://www.minhchinh.com/xs-mega-645-ket-qua-mega-645-ngay-04-04-2021.html,04/04/2021,16652715000,
723,Thứ 6,02/04/2021,,"1,5,9,16,42,44",https://www.minhchinh.com/xs-mega-645-ket-qua-mega-645-ngay-02-04-2021.html,02/04/2021,15060673000,
722,Thứ 4,31/03/2021,,"2,4,6,36,41,42",https://www.minhchinh.com/xs-mega-645-ket-qua-mega-645-ngay-31-03-2021.html,31/03/2021,13536495500,
721,Chủ Nhật,28/03/2021,,"23,26,40,41,43,44",https://www.minhchinh.com/xs-mega-645-ket-qua-mega-645-ngay-28-03-2021.html,28/03/2021,23503378500,Jackpot
720,Thứ 6,26/03/2021,,"2,11,15,18,23,42",https://www.minhchinh.com/xs-mega-645-ket-qua-mega-645-ngay-26-03-2021.html,26/03/2021,21504845500,
719,Thứ 4,24/03/2021,,"7,14,23,26,37,39",https://www.minhchinh.com/xs-mega-645-ket-qua-mega-645-ngay-24-03-2021.html,24/03/2021,19644598000,
718,Chủ Nhật,21/03/2021,,"8,9,11,31,36,39",https://www.minhchinh.com/xs-mega-645-ket-qua-mega-645-ngay-21-03-2021.html,21/03/2021,17995687000,
717,Thứ 6,19/03/2021,,"5,6,24,34,36,37",https://www.minhchinh.com/xs-mega-645-ket-qua-mega-645-ngay-19-03-2021.html,19/03/2021,16456035000,
716,Thứ 4,17/03/2021,,"6,11,26,28,36,41",https://www.minhchinh.com/xs-mega-645-ket-qua-mega-645-ngay-17-03-2021.html,17/03/2021,14817761000,
715,Chủ Nhật,14/03/2021,,"1,9,11,32,34,42",https://www.minhchinh.com/xs-mega-645-ket-qua-mega-645-ngay-14-03-2021.html,14/03/2021,13364217000,
714,Thứ 6,12/03/2021,,"5,11,17,34,38,42",https://www.minhchinh.com/xs-mega-645-ket-qua-mega-645-ngay-12-03-2021.html,12/03/2021,40180868000,Jackpot
713,Thứ 4,10/03/2021,,"5,14,15,19,25,33",https://www.minhchinh.com/xs-mega-645-ket-qua-mega-645-ngay-10-03-2021.html,10/03/2021,37799084500,
712,Chủ Nhật,07/03/2021,,"4,12,25,28,33,45",https://www.minhchinh.com/xs-mega-645-ket-qua-mega-645-ngay-07-03-2021.html,07/03/2021,35534020000,
711,Thứ 6,05/03/2021,,"9,11,13,21,27,41",https://www.minhchinh.com/xs-mega-645-ket-qua-mega-645-ngay-05-03-2021.html,05/03/2021,33427077500,
710,Thứ 4,03/03/2021,,"1,20,28,37,40,44",https://www.minhchinh.com/xs-mega-645-ket-qua-mega-645-ngay-03-03-2021.html,03/03/2021,31633445000,
709,Chủ Nhật,28/02/2021,,"4,5,25,28,29,42",https://www.minhchinh.com/xs-mega-645-ket-qua-mega-645-ngay-28-02-2021.html,28/02/2021,29467504000,
708,Thứ 6,26/02/2021,,"11,13,19,27,37,41",https://www.minhchinh.com/xs-mega-645-ket-qua-mega-645-ngay-26-02-2021.html,26/02/2021,27697196500,
707,Thứ 4,24/02/2021,,"2,13,19,33,40,43",https://www.minhchinh.com/xs-mega-645-ket-qua-mega-645-ngay-24-02-2021.html,24/02/2021,25868493000,
706,Chủ Nhật,21/02/2021,,"6,7,22,24,27,37",https://www.minhchinh.com/xs-mega-645-ket-qua-mega-645-ngay-21-02-2021.html,21/02/2021,23887950500,
705,Thứ 6,19/02/2021,,"12,19,22,23,34,44",https://www.minhchinh.com/xs-mega-645-ket-qua-mega-645-ngay-19-02-2021.html,19/02/2021,21767678000,
704,Thứ 4,17/02/2021,,"3,18,21,22,36,44",https://www.minhchinh.com/xs-mega-645-ket-qua-mega-645-ngay-17-02-2021.html,17/02/2021,20047161500,
703,Chủ Nhật,14/02/2021,,"3,13,18,21,39,44",https://www.minhchinh.com/xs-mega-645-ket-qua-mega-645-ngay-14-02-2021.html,14/02/2021,18057569500,
702,Thứ 4,10/02/2021,,"8,13,18,19,21,24",https://www.minhchinh.com/xs-mega-645-ket-qua-mega-645-ngay-10-02-2021.html,10/02/2021,16640737500,
701,Chủ Nhật,07/02/2021,,"1,4,7,15,41,42",https://www.minhchinh.com/xs-mega-645-ket-qua-mega-645-ngay-07-02-2021.html,07/02/2021,14949740500,
700,Thứ 6,05/02/2021,,"2,8,31,32,42,44",https://www.minhchinh.com/xs-mega-645-ket-qua-mega-645-ngay-05-02-2021.html,05/02/2021,13433505000,
699,Thứ 4,03/02/2021,,"7,9,14,23,35,41",https://www.minhchinh.com/xs-mega-645-ket-qua-mega-645-ngay-03-02-2021.html,03/02/2021,24820198500,Jackpot
698,Chủ Nhật,31/01/2021,,"4,6,7,11,34,41",https://www.minhchinh.com/xs-mega-645-ket-qua-mega-645-ngay-31-01-2021.html,31/01/2021,23187996000,
697,Thứ 6,29/01/2021,,"6,7,8,29,35,39",https://www.minhchinh.com/xs-mega-645-ket-qua-mega-645-ngay-29-01-2021.html,29/01/2021,21357120500,
696,Thứ 4,27/01/2021,,"1,7,11,28,41,44",https://www.minhchinh.com/xs-mega-645-ket-qua-mega-645-ngay-27-01-2021.html,27/01/2021,19736887000,
695,Chủ Nhật,24/01/2021,,"8,9,23,25,31,32",https://www.minhchinh.com/xs-mega-645-ket-qua-mega-645-ngay-24-01-2021.html,24/01/2021,17985612000,
694,Thứ 6,22/01/2021,,"1,6,7,20,28,43",https://www.minhchinh.com/xs-mega-645-ket-qua-mega-645-ngay-22-01-2021.html,22/01/2021,16469103000,
693,Thứ 4,20/01/2021,,"7,20,29,30,40,45",https://www.minhchinh.com/xs-mega-645-ket-qua-mega-645-ngay-20-01-2021.html,20/01/2021,14904372000,
692,Chủ Nhật,17/01/2021,,"4,5,32,39,40,42",https://www.minhchinh.com/xs-mega-645-ket-qua-mega-645-ngay-17-01-2021.html,17/01/2021,13432888000,
691,Thứ 6,15/01/2021,,"4,6,10,13,26,43",https://www.minhchinh.com/xs-mega-645-ket-qua-mega-645-ngay-15-01-2021.html,15/01/2021,13284139000,Jackpot
690,Thứ 4,13/01/2021,,"19,20,21,28,33,41",https://www.minhchinh.com/xs-mega-645-ket-qua-mega-645-ngay-13-01-2021.html,13/01/2021,19778012000,Jackpot
689,Chủ Nhật,10/01/2021,,"10,11,22,32,38,43",https://www.minhchinh.com/xs-mega-645-ket-qua-mega-645-ngay-10-01-2021.html,10/01/2021,18016946500,
688,Thứ 6,08/01/2021,,"8,19,22,25,32,35",https://www.minhchinh.com/xs-mega-645-ket-qua-mega-645-ngay-08-01-2021.html,08/01/2021,16509836500,
687,Thứ 4,06/01/2021,,"22,27,30,35,40,45",https://www.minhchinh.com/xs-mega-645-ket-qua-mega-645-ngay-06-01-2021.html,06/01/2021,15043389000,
686,Chủ Nhật,03/01/2021,,"4,31,34,36,40,43",https://www.minhchinh.com/xs-mega-645-ket-qua-mega-645-ngay-03-01-2021.html,03/01/2021,13599620500,
685,Thứ 6,01/01/2021,,"10,16,24,26,30,32",https://www.minhchinh.com/xs-mega-645-ket-qua-mega-645-ngay-01-01-2021.html,01/01/2021,100379870000,Jackpot
684,Thứ 4,30/12/2020,,"1,13,20,26,35,37",https://www.minhchinh.com/xs-mega-645-ket-qua-mega-645-ngay-30-12-2020.html,30/12/2020,93092703500,
683,Chủ Nhật,27/12/2020,,"3,11,17,19,34,39",https://www.minhchinh.com/xs-mega-645-ket-qua-mega-645-ngay-27-12-2020.html,27/12/2020,85542628500,
682,Thứ 6,25/12/2020,,"6,12,15,22,33,39",https://www.minhchinh.com/xs-mega-645-ket-qua-mega-645-ngay-25-12-2020.html,25/12/2020,79257983500,
681,Thứ 4,23/12/2020,,"7,11,17,31,35,40",https://www.minhchinh.com/xs-mega-645-ket-qua-mega-645-ngay-23-12-2020.html,23/12/2020,73587193000,
680,Chủ Nhật,20/12/2020,,"15,18,28,30,34,44",https://www.minhchinh.com/xs-mega-645-ket-qua-mega-645-ngay-20-12-2020.html,20/12/2020,67862170500,
679,Thứ 6,18/12/2020,,"4,9,14,23,32,38",https://www.minhchinh.com/xs-mega-645-ket-qua-mega-645-ngay-18-12-2020.html,18/12/2020,62918148000,
678,Thứ 4,16/12/2020,,"10,11,22,27,36,41",https://www.minhchinh.com/xs-mega-645-ket-qua-mega-645-ngay-16-12-2020.html,16/12/2020,58449750000,
677,Chủ Nhật,13/12/2020,,"10,12,20,36,41,44",https://www.minhchinh.com/xs-mega-645-ket-qua-mega-645-ngay-13-12-2020.html,13/12/2020,53778716000,
676,Thứ 6,11/12/2020,,"23,24,25,35,37,39",https://www.minhchinh.com/xs-mega-645-ket-qua-mega-645-ngay-11-12-2020.html,11/12/2020,49475568500,
675,Thứ 4,09/12/2020,,"16,24,27,31,36,43",https://www.minhchinh.com/xs-mega-645-ket-qua-mega-645-ngay-09-12-2020.html,09/12/2020,45377214000,
674,Chủ Nhật,06/12/2020,,"11,21,24,27,29,37",https://www.minhchinh.com/xs-mega-645-ket-qua-mega-645-ngay-06-12-2020.html,06/12/2020,41344297000,
673,Thứ 6,04/12/2020,,"3,5,33,37,41,43",https://www.minhchinh.com/xs-mega-645-ket-qua-mega-645-ngay-04-12-2020.html,04/12/2020,37621514500,
672,Thứ 4,02/12/2020,,"4,5,7,10,25,39",https://www.minhchinh.com/xs-mega-645-ket-qua-mega-645-ngay-02-12-2020.html,02/12/2020,34216388000,
671,Chủ Nhật,29/11/2020,,"6,7,14,18,37,43",https://www.minhchinh.com/xs-mega-645-ket-qua-mega-645-ngay-29-11-2020.html,29/11/2020,32487853000,
670,Thứ 6,27/11/2020,,"1,9,12,13,37,43",https://www.minhchinh.com/xs-mega-645-ket-qua-mega-645-ngay-27-11-2020.html,27/11/2020,30862326500,
669,Thứ 4,25/11/2020,,"1,5,7,8,25,40",https://www.minhchinh.com/xs-mega-645-ket-qua-mega-645-ngay-25-11-2020.html,25/11/2020,29360095000,
668,Chủ Nhật,22/11/2020,,"9,16,17,24,32,40",https://www.minhchinh.com/xs-mega-645-ket-qua-mega-645-ngay-22-11-2020.html,22/11/2020,27655191500,
667,Thứ 6,20/11/2020,,"2,17,24,29,31,37",https://www.minhchinh.com/xs-mega-645-ket-qua-mega-645-ngay-20-11-2020.html,20/11/2020,26126425000,
666,Thứ 4,18/11/2020,,"18,19,21,31,39,44",https://www.minhchinh.com/xs-mega-645-ket-qua-mega-645-ngay-18-11-2020.html,18/11/2020,24618929000,
665,Chủ Nhật,15/11/2020,,"14,16,21,29,40,41",https://www.minhchinh.com/xs-mega-645-ket-qua-mega-645-ngay-15-11-2020.html,15/11/2020,23148689500,
664,Thứ 6,13/11/2020,,"8,22,23,33,34,36",https://www.minhchinh.com/xs-mega-645-ket-qua-mega-645-ngay-13-11-2020.html,13/11/2020,21632894500,
663,Thứ 4,11/11/2020,,"4,10,12,17,20,35",https://www.minhchinh.com/xs-mega-645-ket-qua-mega-645-ngay-11-11-2020.html,11/11/2020,20122882500,
662,Chủ Nhật,08/11/2020,,"3,12,14,16,23,33",https://www.minhchinh.com/xs-mega-645-ket-qua-mega-645-ngay-08-11-2020.html,08/11/2020,18724109500,
661,Thứ 6,06/11/2020,,"19,24,30,32,36,37",https://www.minhchinh.com/xs-mega-645-ket-qua-mega-645-ngay-06-11-2020.html,06/11/2020,17496992000,
660,Thứ 4,04/11/2020,,"3,8,11,13,26,38",https://www.minhchinh.com/xs-mega-645-ket-qua-mega-645-ngay-04-11-2020.html,04/11/2020,16175474000,
659,Chủ Nhật,01/11/2020,,"6,21,27,30,32,44",https://www.minhchinh.com/xs-mega-645-ket-qua-mega-645-ngay-01-11-2020.html,01/11/2020,15227119000,
658,Thứ 6,30/10/2020,,"4,5,14,18,23,43",https://www.minhchinh.com/xs-mega-645-ket-qua-mega-645-ngay-30-10-2020.html,30/10/2020,14044809000,
657,Thứ 4,28/10/2020,,"1,4,7,15,35,45",https://www.minhchinh.com/xs-mega-645-ket-qua-mega-645-ngay-28-10-2020.html,28/10/2020,13017582500,
656,Chủ Nhật,25/10/2020,,"11,19,30,38,41,45",https://www.minhchinh.com/xs-mega-645-ket-qua-mega-645-ngay-25-10-2020.html,25/10/2020,15469693500,Jackpot
655,Thứ 6,23/10/2020,,"5,10,16,23,34,45",https://www.minhchinh.com/xs-mega-645-ket-qua-mega-645-ngay-23-10-2020.html,23/10/2020,14262597000,
654,Thứ 4,21/10/2020,,"4,11,26,36,38,41",https://www.minhchinh.com/xs-mega-645-ket-qua-mega-645-ngay-21-10-2020.html,21/10/2020,13214173000,
653,Chủ Nhật,18/10/2020,,"1,14,25,26,30,40",https://www.minhchinh.com/xs-mega-645-ket-qua-mega-645-ngay-18-10-2020.html,18/10/2020,24736948000,Jackpot
652,Thứ 6,16/10/2020,,"4,14,16,23,24,27",https://www.minhchinh.com/xs-mega-645-ket-qua-mega-645-ngay-16-10-2020.html,16/10/2020,23175596500,
651,Thứ 4,14/10/2020,,"4,7,23,32,43,44",https://www.minhchinh.com/xs-mega-645-ket-qua-mega-645-ngay-14-10-2020.html,14/10/2020,21714617500,
650,Chủ Nhật,11/10/2020,,"12,18,28,31,40,45",https://www.minhchinh.com/xs-mega-645-ket-qua-mega-645-ngay-11-10-2020.html,11/10/2020,20556242500,
649,Thứ 6,09/10/2020,,"15,19,23,30,33,39",https://www.minhchinh.com/xs-mega-645-ket-qua-mega-645-ngay-09-10-2020.html,09/10/2020,19233191500,
648,Thứ 4,07/10/2020,,"13,15,25,26,28,34",https://www.minhchinh.com/xs-mega-645-ket-qua-mega-645-ngay-07-10-2020.html,07/10/2020,17933889000,
647,Chủ Nhật,04/10/2020,,"9,16,19,25,26,39",https://www.minhchinh.com/xs-mega-645-ket-qua-mega-645-ngay-04-10-2020.html,04/10/2020,16586431000,
646,Thứ 6,02/10/2020,,"9,11,21,31,32,37",https://www.minhchinh.com/xs-mega-645-ket-qua-mega-645-ngay-02-10-2020.html,02/10/2020,15499943500,
645,Thứ 4,30/09/2020,,"2,5,31,32,42,44",https://www.minhchinh.com/xs-mega-645-ket-qua-mega-645-ngay-30-09-2020.html,30/09/2020,14253385000,
644,Chủ Nhật,27/09/2020,,"1,12,26,31,37,38",https://www.minhchinh.com/xs-mega-645-ket-qua-mega-645-ngay-27-09-2020.html,27/09/2020,13062466000,
643,Thứ 6,25/09/2020,,"14,20,22,35,44,45",https://www.minhchinh.com/xs-mega-645-ket-qua-mega-645-ngay-25-09-2020.html,25/09/2020,39137122000,Jackpot
642,Thứ 4,23/09/2020,,"2,8,17,23,30,41",https://www.minhchinh.com/xs-mega-645-ket-qua-mega-645-ngay-23-09-2020.html,23/09/2020,35907292500,
641,Chủ Nhật,20/09/2020,,"5,7,9,13,15,16",https://www.minhchinh.com/xs-mega-645-ket-qua-mega-645-ngay-20-09-2020.html,20/09/2020,32667127000,
640,Thứ 6,18/09/2020,,"10,19,21,23,27,33",https://www.minhchinh.com/xs-mega-645-ket-qua-mega-645-ngay-18-09-2020.html,18/09/2020,31378564000,
639,Thứ 4,16/09/2020,,"5,20,29,30,38,40",https://www.minhchinh.com/xs-mega-645-ket-qua-mega-645-ngay-16-09-2020.html,16/09/2020,29847296500,
638,Chủ Nhật,13/09/2020,,"20,23,28,37,40,44",https://www.minhchinh.com/xs-mega-645-ket-qua-mega-645-ngay-13-09-2020.html,13/09/2020,28258554000,
637,Thứ 6,11/09/2020,,"4,11,13,16,17,33",https://www.minhchinh.com/xs-mega-645-ket-qua-mega-645-ngay-11-09-2020.html,11/09/2020,26560368000,
636,Thứ 4,09/09/2020,,"19,21,34,35,36,39",https://www.minhchinh.com/xs-mega-645-ket-qua-mega-645-ngay-09-09-2020.html,09/09/2020,25062356000,
635,Chủ Nhật,06/09/2020,,"1,6,19,29,31,44",https://www.minhchinh.com/xs-mega-645-ket-qua-mega-645-ngay-06-09-2020.html,06/09/2020,23500560000,
634,Thứ 6,04/09/2020,,"7,16,20,30,40,41",https://www.minhchinh.com/xs-mega-645-ket-qua-mega-645-ngay-04-09-2020.html,04/09/2020,22097628000,
633,Thứ 4,02/09/2020,,"8,10,14,16,18,24",https://www.minhchinh.com/xs-mega-645-ket-qua-mega-645-ngay-02-09-2020.html,02/09/2020,20638279000,
632,Chủ Nhật,30/08/2020,,"6,8,18,19,29,33",https://www.minhchinh.com/xs-mega-645-ket-qua-mega-645-ngay-30-08-2020.html,30/08/2020,19318430000,
631,Thứ 6,28/08/2020,,"10,11,14,23,27,37",https://www.minhchinh.com/xs-mega-645-ket-qua-mega-645-ngay-28-08-2020.html,28/08/2020,18106010500,
630,Thứ 4,26/08/2020,,"2,18,24,28,35,42",https://www.minhchinh.com/xs-mega-645-ket-qua-mega-645-ngay-26-08-2020.html,26/08/2020,16963660000,
629,Chủ Nhật,23/08/2020,,"10,14,19,25,36,39",https://www.minhchinh.com/xs-mega-645-ket-qua-mega-645-ngay-23-08-2020.html,23/08/2020,15667908000,
628,Thứ 6,21/08/2020,,"7,8,26,30,37,43",https://www.minhchinh.com/xs-mega-645-ket-qua-mega-645-ngay-21-08-2020.html,21/08/2020,14448262000,
627,Thứ 4,19/08/2020,,"7,20,36,37,43,45",https://www.minhchinh.com/xs-mega-645-ket-qua-mega-645-ngay-19-08-2020.html,19/08/2020,13211329500,
626,Chủ Nhật,16/08/2020,,"2,5,6,20,33,39",https://www.minhchinh.com/xs-mega-645-ket-qua-mega-645-ngay-16-08-2020.html,16/08/2020,17198203500,Jackpot
625,Thứ 6,14/08/2020,,"9,18,21,24,34,41",https://www.minhchinh.com/xs-mega-645-ket-qua-mega-645-ngay-14-08-2020.html,14/08/2020,15762353000,
624,Thứ 4,12/08/2020,,"7,21,34,38,43,44",https://www.minhchinh.com/xs-mega-645-ket-qua-mega-645-ngay-12-08-2020.html,12/08/2020,14457721000,
623,Chủ Nhật,09/08/2020,,"11,13,14,43,44,45",https://www.minhchinh.com/xs-mega-645-ket-qua-mega-645-ngay-09-08-2020.html,09/08/2020,13221947500,
622,Thứ 6,07/08/2020,,"17,26,35,40,43,44",https://www.minhchinh.com/xs-mega-645-ket-qua-mega-645-ngay-07-08-2020.html,07/08/2020,70360287500,Jackpot
621,Thứ 4,05/08/2020,,"14,18,19,32,33,38",https://www.minhchinh.com/xs-mega-645-ket-qua-mega-645-ngay-05-08-2020.html,05/08/2020,65070796000,
620,Chủ Nhật,02/08/2020,,"6,9,12,17,41,42",https://www.minhchinh.com/xs-mega-645-ket-qua-mega-645-ngay-02-08-2020.html,02/08/2020,60108410500,
619,Thứ 6,31/07/2020,,"4,9,19,29,36,41",https://www.minhchinh.com/xs-mega-645-ket-qua-mega-645-ngay-31-07-2020.html,31/07/2020,55804881000,
618,Thứ 4,29/07/2020,,"6,14,26,41,42,43",https://www.minhchinh.com/xs-mega-645-ket-qua-mega-645-ngay-29-07-2020.html,29/07/2020,51471624500,
617,Chủ Nhật,26/07/2020,,"5,15,21,39,43,45",https://www.minhchinh.com/xs-mega-645-ket-qua-mega-645-ngay-26-07-2020.html,26/07/2020,47551547500,
616,Thứ 6,24/07/2020,,"4,25,31,35,39,41",https://www.minhchinh.com/xs-mega-645-ket-qua-mega-645-ngay-24-07-2020.html,24/07/2020,44043448000,
615,Thứ 4,22/07/2020,,"9,13,18,24,26,42",https://www.minhchinh.com/xs-mega-645-ket-qua-mega-645-ngay-22-07-2020.html,22/07/2020,40417844000,
614,Chủ Nhật,19/07/2020,,"1,13,14,19,42,45",https://www.minhchinh.com/xs-mega-645-ket-qua-mega-645-ngay-19-07-2020.html,19/07/2020,36823607000,
613,Thứ 6,17/07/2020,,"4,10,18,20,32,45",https://www.minhchinh.com/xs-mega-645-ket-qua-mega-645-ngay-17-07-2020.html,17/07/2020,33354961500,
612,Thứ 4,15/07/2020,,"10,11,18,19,20,45",https://www.minhchinh.com/xs-mega-645-ket-qua-mega-645-ngay-15-07-2020.html,15/07/2020,30337936500,
611,Chủ Nhật,12/07/2020,,"2,15,21,27,31,35",https://www.minhchinh.com/xs-mega-645-ket-qua-mega-645-ngay-12-07-2020.html,12/07/2020,27309454000,
610,Thứ 6,10/07/2020,,"18,20,22,33,35,39",https://www.minhchinh.com/xs-mega-645-ket-qua-mega-645-ngay-10-07-2020.html,10/07/2020,24662886500,
609,Thứ 4,08/07/2020,,"14,15,17,21,31,38",https://www.minhchinh.com/xs-mega-645-ket-qua-mega-645-ngay-08-07-2020.html,08/07/2020,23096788500,
608,Chủ Nhật,05/07/2020,,"5,8,10,17,22,31",https://www.minhchinh.com/xs-mega-645-ket-qua-mega-645-ngay-05-07-2020.html,05/07/2020,21412184000,
607,Thứ 6,03/07/2020,,"4,5,17,18,22,36",https://www.minhchinh.com/xs-mega-645-ket-qua-mega-645-ngay-03-07-2020.html,03/07/2020,19920010500,
606,Thứ 4,01/07/2020,,"10,13,14,26,32,33",https://www.minhchinh.com/xs-mega-645-ket-qua-mega-645-ngay-01-07-2020.html,01/07/2020,18717334500,
605,Chủ Nhật,28/06/2020,,"4,15,24,36,37,41",https://www.minhchinh.com/xs-mega-645-ket-qua-mega-645-ngay-28-06-2020.html,28/06/2020,17173729000,
604,Thứ 6,26/06/2020,,"9,23,27,30,38,41",https://www.minhchinh.com/xs-mega-645-ket-qua-mega-645-ngay-26-06-2020.html,26/06/2020,15917912500,
603,Thứ 4,24/06/2020,,"7,17,18,32,39,40",https://www.minhchinh.com/xs-mega-645-ket-qua-mega-645-ngay-24-06-2020.html,24/06/2020,14614719000,
602,Chủ Nhật,21/06/2020,,"7,9,13,33,40,44",https://www.minhchinh.com/xs-mega-645-ket-qua-mega-645-ngay-21-06-2020.html,21/06/2020,13220130500,
601,Thứ 6,19/06/2020,,"4,12,17,19,32,45",https://www.minhchinh.com/xs-mega-645-ket-qua-mega-645-ngay-19-06-2020.html,19/06/2020,91368222000,Jackpot
600,Thứ 4,17/06/2020,,"7,16,28,33,34,45",https://www.minhchinh.com/xs-mega-645-ket-qua-mega-645-ngay-17-06-2020.html,17/06/2020,84946818500,
599,Chủ Nhật,14/06/2020,,"19,22,24,41,44,45",https://www.minhchinh.com/xs-mega-645-ket-qua-mega-645-ngay-14-06-2020.html,14/06/2020,78571404000,
598,Thứ 6,12/06/2020,,"5,16,22,27,30,31",https://www.minhchinh.com/xs-mega-645-ket-qua-mega-645-ngay-12-06-2020.html,12/06/2020,73475094000,
597,Thứ 4,10/06/2020,,"2,11,23,25,26,35",https://www.minhchinh.com/xs-mega-645-ket-qua-mega-645-ngay-10-06-2020.html,10/06/2020,68049543000,
596,Chủ Nhật,07/06/2020,,"6,7,11,16,23,44",https://www.minhchinh.com/xs-mega-645-ket-qua-mega-645-ngay-07-06-2020.html,07/06/2020,62815156500,
595,Thứ 6,05/06/2020,,"10,13,22,28,38,43",https://www.minhchinh.com/xs-mega-645-ket-qua-mega-645-ngay-05-06-2020.html,05/06/2020,58798582000,
594,Thứ 4,03/06/2020,,"1,15,17,19,40,43",https://www.minhchinh.com/xs-mega-645-ket-qua-mega-645-ngay-03-06-2020.html,03/06/2020,54279268000,
593,Chủ Nhật,31/05/2020,,"1,6,13,27,35,40",https://www.minhchinh.com/xs-mega-645-ket-qua-mega-645-ngay-31-05-2020.html,31/05/2020,49640083000,
592,Thứ 6,29/05/2020,,"4,10,23,26,35,37",https://www.minhchinh.com/xs-mega-645-ket-qua-mega-645-ngay-29-05-2020.html,29/05/2020,45537563500,
591,Thứ 4,27/05/2020,,"6,15,29,30,37,42",https://www.minhchinh.com/xs-mega-645-ket-qua-mega-645-ngay-27-05-2020.html,27/05/2020,41676491500,
590,Chủ Nhật,24/05/2020,,"1,29,30,32,34,35",https://www.minhchinh.com/xs-mega-645-ket-qua-mega-645-ngay-24-05-2020.html,24/05/2020,37678580500,
589,Thứ 6,22/05/2020,,"3,8,19,28,35,41",https://www.minhchinh.com/xs-mega-645-ket-qua-mega-645-ngay-22-05-2020.html,22/05/2020,33938516000,
588,Thứ 4,20/05/2020,,"1,8,15,23,25,39",https://www.minhchinh.com/xs-mega-645-ket-qua-mega-645-ngay-20-05-2020.html,20/05/2020,32194354500,
587,Chủ Nhật,17/05/2020,,"2,4,21,30,33,37",https://www.minhchinh.com/xs-mega-645-ket-qua-mega-645-ngay-17-05-2020.html,17/05/2020,30660959000,
586,Thứ 6,15/05/2020,,"3,12,13,28,33,36",https://www.minhchinh.com/xs-mega-645-ket-qua-mega-645-ngay-15-05-2020.html,15/05/2020,28926318500,
585,Thứ 4,13/05/2020,,"6,20,21,35,40,45",https://www.minhchinh.com/xs-mega-645-ket-qua-mega-645-ngay-13-05-2020.html,13/05/2020,27388276500,
584,Chủ Nhật,10/05/2020,,"7,9,23,32,33,37",https://www.minhchinh.com/xs-mega-645-ket-qua-mega-645-ngay-10-05-2020.html,10/05/2020,25796746500,
583,Thứ 6,08/05/2020,,"1,3,7,12,22,25",https://www.minhchinh.com/xs-mega-645-ket-qua-mega-645-ngay-08-05-2020.html,08/05/2020,24151984500,
582,Thứ 4,06/05/2020,,"3,18,25,29,30,44",https://www.minhchinh.com/xs-mega-645-ket-qua-mega-645-ngay-06-05-2020.html,06/05/2020,22721676000,
581,Chủ Nhật,03/05/2020,,"5,18,29,32,38,44",https://www.minhchinh.com/xs-mega-645-ket-qua-mega-645-ngay-03-05-2020.html,03/05/2020,21141122000,
580,Thứ 6,01/05/2020,,"6,7,16,37,40,44",https://www.minhchinh.com/xs-mega-645-ket-qua-mega-645-ngay-01-05-2020.html,01/05/2020,19664130500,
579,Thứ 4,29/04/2020,,"1,8,11,13,15,32",https://www.minhchinh.com/xs-mega-645-ket-qua-mega-645-ngay-29-04-2020.html,29/04/2020,18366851000,
578,Chủ Nhật,26/04/2020,,"5,25,30,36,37,41",https://www.minhchinh.com/xs-mega-645-ket-qua-mega-645-ngay-26-04-2020.html,26/04/2020,16901292000,
577,Thứ 6,24/04/2020,,"10,31,37,39,40,43",https://www.minhchinh.com/xs-mega-645-ket-qua-mega-645-ngay-24-04-2020.html,24/04/2020,15554413500,
576,Chủ Nhật,29/03/2020,,"7,10,23,36,39,44",https://www.minhchinh.com/xs-mega-645-ket-qua-mega-645-ngay-29-03-2020.html,29/03/2020,14287347500,
575,Thứ 6,27/03/2020,,"1,6,10,35,36,45",https://www.minhchinh.com/xs-mega-645-ket-qua-mega-645-ngay-27-03-2020.html,27/03/2020,13089171500,
574,Thứ 4,25/03/2020,,"26,31,33,37,38,45",https://www.minhchinh.com/xs-mega-645-ket-qua-mega-645-ngay-25-03-2020.html,25/03/2020,15800249000,Jackpot
573,Chủ Nhật,22/03/2020,,"2,10,19,22,24,29",https://www.minhchinh.com/xs-mega-645-ket-qua-mega-645-ngay-22-03-2020.html,22/03/2020,14394846500,
572,Thứ 6,20/03/2020,,"8,23,29,37,39,44",https://www.minhchinh.com/xs-mega-645-ket-qua-mega-645-ngay-20-03-2020.html,20/03/2020,13176623000,
571,Thứ 4,18/03/2020,,"6,21,30,37,38,45",https://www.minhchinh.com/xs-mega-645-ket-qua-mega-645-ngay-18-03-2020.html,18/03/2020,62684211000,Jackpot
570,Chủ Nhật,15/03/2020,,"4,7,11,17,19,31",https://www.minhchinh.com/xs-mega-645-ket-qua-mega-645-ngay-15-03-2020.html,15/03/2020,57959783500,
569,Thứ 6,13/03/2020,,"8,13,20,28,35,45",https://www.minhchinh.com/xs-mega-645-ket-qua-mega-645-ngay-13-03-2020.html,13/03/2020,53983116000,
568,Thứ 4,11/03/2020,,"12,16,29,35,37,44",https://www.minhchinh.com/xs-mega-645-ket-qua-mega-645-ngay-11-03-2020.html,11/03/2020,50186438500,
567,Chủ Nhật,08/03/2020,,"3,13,17,19,21,43",https://www.minhchinh.com/xs-mega-645-ket-qua-mega-645-ngay-08-03-2020.html,08/03/2020,46265120000,
566,Thứ 6,06/03/2020,,"6,9,10,16,26,42",https://www.minhchinh.com/xs-mega-645-ket-qua-mega-645-ngay-06-03-2020.html,06/03/2020,42660497500,
565,Thứ 4,04/03/2020,,"1,7,17,24,35,41",https://www.minhchinh.com/xs-mega-645-ket-qua-mega-645-ngay-04-03-2020.html,04/03/2020,39345173500,
564,Chủ Nhật,01/03/2020,,"1,6,7,13,26,39",https://www.minhchinh.com/xs-mega-645-ket-qua-mega-645-ngay-01-03-2020.html,01/03/2020,36055064000,
563,Thứ 6,28/02/2020,,"2,19,23,27,29,38",https://www.minhchinh.com/xs-mega-645-ket-qua-mega-645-ngay-28-02-2020.html,28/02/2020,32941839000,
562,Thứ 4,26/02/2020,,"2,10,12,20,24,39",https://www.minhchinh.com/xs-mega-645-ket-qua-mega-645-ngay-26-02-2020.html,26/02/2020,29761306500,
561,Chủ Nhật,23/02/2020,,"1,6,16,23,34,42",https://www.minhchinh.com/xs-mega-645-ket-qua-mega-645-ngay-23-02-2020.html,23/02/2020,26980902000,
560,Thứ 6,21/02/2020,,"13,15,22,28,29,41",https://www.minhchinh.com/xs-mega-645-ket-qua-mega-645-ngay-21-02-2020.html,21/02/2020,24507303500,
559,Thứ 4,19/02/2020,,"1,16,23,25,30,38",https://www.minhchinh.com/xs-mega-645-ket-qua-mega-645-ngay-19-02-2020.html,19/02/2020,22971905500,
558,Chủ Nhật,16/02/2020,,"1,4,14,36,37,41",https://www.minhchinh.com/xs-mega-645-ket-qua-mega-645-ngay-16-02-2020.html,16/02/2020,21451490000,
557,Thứ 6,14/02/2020,,"4,14,24,32,36,43",https://www.minhchinh.com/xs-mega-645-ket-qua-mega-645-ngay-14-02-2020.html,14/02/2020,19896006000,
556,Thứ 4,12/02/2020,,"5,13,16,20,24,35",https://www.minhchinh.com/xs-mega-645-ket-qua-mega-645-ngay-12-02-2020.html,12/02/2020,18686469000,
555,Chủ Nhật,09/02/2020,,"1,4,18,22,26,35",https://www.minhchinh.com/xs-mega-645-ket-qua-mega-645-ngay-09-02-2020.html,09/02/2020,17272512500,
554,Thứ 6,07/02/2020,,"6,11,15,33,40,44",https://www.minhchinh.com/xs-mega-645-ket-qua-mega-645-ngay-07-02-2020.html,07/02/2020,15894979500,
553,Thứ 4,05/02/2020,,"9,19,24,37,38,45",https://www.minhchinh.com/xs-mega-645-ket-qua-mega-645-ngay-05-02-2020.html,05/02/2020,14716702500,
552,Chủ Nhật,02/02/2020,,"1,4,16,32,35,38",https://www.minhchinh.com/xs-mega-645-ket-qua-mega-645-ngay-02-02-2020.html,02/02/2020,13410590500,
551,Thứ 6,31/01/2020,,"8,9,20,25,30,40",https://www.minhchinh.com/xs-mega-645-ket-qua-mega-645-ngay-31-01-2020.html,31/01/2020,39393760000,Jackpot
550,Thứ 4,29/01/2020,,"3,10,16,24,39,44",https://www.minhchinh.com/xs-mega-645-ket-qua-mega-645-ngay-29-01-2020.html,29/01/2020,35767812500,
549,Chủ Nhật,26/01/2020,,"4,5,9,25,33,37",https://www.minhchinh.com/xs-mega-645-ket-qua-mega-645-ngay-26-01-2020.html,26/01/2020,32663745000,
548,Thứ 4,22/01/2020,,"1,15,16,34,36,42",https://www.minhchinh.com/xs-mega-645-ket-qua-mega-645-ngay-22-01-2020.html,22/01/2020,29298454500,
547,Chủ Nhật,19/01/2020,,"1,4,19,25,35,39",https://www.minhchinh.com/xs-mega-645-ket-qua-mega-645-ngay-19-01-2020.html,19/01/2020,25510108000,
546,Thứ 6,17/01/2020,,"8,26,28,37,40,42",https://www.minhchinh.com/xs-mega-645-ket-qua-mega-645-ngay-17-01-2020.html,17/01/2020,23200768000,
545,Thứ 4,15/01/2020,,"2,8,19,31,38,44",https://www.minhchinh.com/xs-mega-645-ket-qua-mega-645-ngay-15-01-2020.html,15/01/2020,21510758000,
544,Chủ Nhật,12/01/2020,,"7,12,17,21,35,45",https://www.minhchinh.com/xs-mega-645-ket-qua-mega-645-ngay-12-01-2020.html,12/01/2020,19872112500,
543,Thứ 6,10/01/2020,,"10,18,24,35,41,43",https://www.minhchinh.com/xs-mega-645-ket-qua-mega-645-ngay-10-01-2020.html,10/01/2020,18509904500,
542,Thứ 4,08/01/2020,,"2,4,10,21,25,43",https://www.minhchinh.com/xs-mega-645-ket-qua-mega-645-ngay-08-01-2020.html,08/01/2020,17008985000,
541,Chủ Nhật,05/01/2020,,"5,11,12,26,44,45",https://www.minhchinh.com/xs-mega-645-ket-qua-mega-645-ngay-05-01-2020.html,05/01/2020,15550849500,
540,Thứ 6,03/01/2020,,"1,15,17,26,32,44",https://www.minhchinh.com/xs-mega-645-ket-qua-mega-645-ngay-03-01-2020.html,03/01/2020,14655615000,
539,Thứ 4,01/01/2020,,"8,10,23,26,37,38",https://www.minhchinh.com/xs-mega-645-ket-qua-mega-645-ngay-01-01-2020.html,01/01/2020,13312067500,
538,Chủ Nhật,29/12/2019,,"7,12,21,24,35,43",https://www.minhchinh.com/xs-mega-645-ket-qua-mega-645-ngay-29-12-2019.html,29/12/2019,57045118500,Jackpot
537,Thứ 6,27/12/2019,,"2,7,10,12,33,43",https://www.minhchinh.com/xs-mega-645-ket-qua-mega-645-ngay-27-12-2019.html,27/12/2019,52865508000,
536,Thứ 4,25/12/2019,,"10,18,25,26,36,43",https://www.minhchinh.com/xs-mega-645-ket-qua-mega-645-ngay-25-12-2019.html,25/12/2019,48452999500,
535,Chủ Nhật,22/12/2019,,"9,10,11,18,22,36",https://www.minhchinh.com/xs-mega-645-ket-qua-mega-645-ngay-22-12-2019.html,22/12/2019,44243846500,
534,Thứ 6,20/12/2019,,"1,9,16,27,38,45",https://www.minhchinh.com/xs-mega-645-ket-qua-mega-645-ngay-20-12-2019.html,20/12/2019,40443194000,
533,Thứ 4,18/12/2019,,"8,9,12,19,22,25",https://www.minhchinh.com/xs-mega-645-ket-qua-mega-645-ngay-18-12-2019.html,18/12/2019,37173295000,
532,Chủ Nhật,15/12/2019,,"3,13,15,16,22,36",https://www.minhchinh.com/xs-mega-645-ket-qua-mega-645-ngay-15-12-2019.html,15/12/2019,35603542000,
531,Thứ 6,13/12/2019,,"2,8,9,25,26,40",https://www.minhchinh.com/xs-mega-645-ket-qua-mega-645-ngay-13-12-2019.html,13/12/2019,33790460500,
530,Thứ 4,11/12/2019,,"1,2,8,27,29,39",https://www.minhchinh.com/xs-mega-645-ket-qua-mega-645-ngay-11-12-2019.html,11/12/2019,32090856500,
529,Chủ Nhật,08/12/2019,,"12,20,30,31,34,44",https://www.minhchinh.com/xs-mega-645-ket-qua-mega-645-ngay-08-12-2019.html,08/12/2019,30329123500,
528,Thứ 6,06/12/2019,,"2,20,26,35,43,45",https://www.minhchinh.com/xs-mega-645-ket-qua-mega-645-ngay-06-12-2019.html,06/12/2019,28546624000,
527,Thứ 4,04/12/2019,,"16,19,24,30,32,35",https://www.minhchinh.com/xs-mega-645-ket-qua-mega-645-ngay-04-12-2019.html,04/12/2019,26950480500,
526,Chủ Nhật,01/12/2019,,"3,14,16,27,31,35",https://www.minhchinh.com/xs-mega-645-ket-qua-mega-645-ngay-01-12-2019.html,01/12/2019,25377089500,
525,Thứ 6,29/11/2019,,"14,15,16,17,19,34",https://www.minhchinh.com/xs-mega-645-ket-qua-mega-645-ngay-29-11-2019.html,29/11/2019,23737598500,
524,Thứ 4,27/11/2019,,"3,5,13,19,20,33",https://www.minhchinh.com/xs-mega-645-ket-qua-mega-645-ngay-27-11-2019.html,27/11/2019,22213329000,
523,Chủ Nhật,24/11/2019,,"5,21,24,28,29,34",https://www.minhchinh.com/xs-mega-645-ket-qua-mega-645-ngay-24-11-2019.html,24/11/2019,20885667500,
522,Thứ 6,22/11/2019,,"1,9,10,19,30,38",https://www.minhchinh.com/xs-mega-645-ket-qua-mega-645-ngay-22-11-2019.html,22/11/2019,19423681500,
521,Thứ 4,20/11/2019,,"10,21,22,24,43,44",https://www.minhchinh.com/xs-mega-645-ket-qua-mega-645-ngay-20-11-2019.html,20/11/2019,18300224000,
520,Chủ Nhật,17/11/2019,,"6,7,14,31,39,44",https://www.minhchinh.com/xs-mega-645-ket-qua-mega-645-ngay-17-11-2019.html,17/11/2019,16908131500,
519,Thứ 6,15/11/2019,,"2,13,27,33,40,41",https://www.minhchinh.com/xs-mega-645-ket-qua-mega-645-ngay-15-11-2019.html,15/11/2019,15604919500,
518,Thứ 4,13/11/2019,,"17,19,24,30,31,40",https://www.minhchinh.com/xs-mega-645-ket-qua-mega-645-ngay-13-11-2019.html,13/11/2019,14424595500,
517,Chủ Nhật,10/11/2019,,"4,14,21,28,32,36",https://www.minhchinh.com/xs-mega-645-ket-qua-mega-645-ngay-10-11-2019.html,10/11/2019,13211095000,
516,Thứ 6,08/11/2019,,"4,16,19,30,32,44",https://www.minhchinh.com/xs-mega-645-ket-qua-mega-645-ngay-08-11-2019.html,08/11/2019,13105822000,Jackpot
515,Thứ 4,06/11/2019,,"3,15,22,23,38,43",https://www.minhchinh.com/xs-mega-645-ket-qua-mega-645-ngay-06-11-2019.html,06/11/2019,25973365000,Jackpot
514,Chủ Nhật,03/11/2019,,"28,30,32,38,44,45",https://www.minhchinh.com/xs-mega-645-ket-qua-mega-645-ngay-03-11-2019.html,03/11/2019,24662089000,
513,Thứ 6,01/11/2019,,"6,11,20,30,37,40",https://www.minhchinh.com/xs-mega-645-ket-qua-mega-645-ngay-01-11-2019.html,01/11/2019,23289402000,
512,Thứ 4,30/10/2019,,"2,5,8,12,29,38",https://www.minhchinh.com/xs-mega-645-ket-qua-mega-645-ngay-30-10-2019.html,30/10/2019,21917627500,
511,Chủ Nhật,27/10/2019,,"1,19,29,30,40,42",https://www.minhchinh.com/xs-mega-645-ket-qua-mega-645-ngay-27-10-2019.html,27/10/2019,20715497000,
510,Thứ 6,25/10/2019,,"4,7,9,22,32,37",https://www.minhchinh.com/xs-mega-645-ket-qua-mega-645-ngay-25-10-2019.html,25/10/2019,19294833000,
509,Thứ 4,23/10/2019,,"2,9,21,23,32,41",https://www.minhchinh.com/xs-mega-645-ket-qua-mega-645-ngay-23-10-2019.html,23/10/2019,18002864000,
508,Chủ Nhật,20/10/2019,,"1,3,8,15,38,40",https://www.minhchinh.com/xs-mega-645-ket-qua-mega-645-ngay-20-10-2019.html,20/10/2019,16793980000,
507,Thứ 6,18/10/2019,,"4,14,15,22,28,39",https://www.minhchinh.com/xs-mega-645-ket-qua-mega-645-ngay-18-10-2019.html,18/10/2019,15557260500,
506,Thứ 4,16/10/2019,,"1,4,23,28,41,42",https://www.minhchinh.com/xs-mega-645-ket-qua-mega-645-ngay-16-10-2019.html,16/10/2019,14327867000,
505,Chủ Nhật,13/10/2019,,"6,22,28,31,37,40",https://www.minhchinh.com/xs-mega-645-ket-qua-mega-645-ngay-13-10-2019.html,13/10/2019,13134526000,
504,Thứ 6,11/10/2019,,"6,12,14,27,28,36",https://www.minhchinh.com/xs-mega-645-ket-qua-mega-645-ngay-11-10-2019.html,11/10/2019,22740613000,Jackpot
503,Thứ 4,09/10/2019,,"3,12,21,24,28,32",https://www.minhchinh.com/xs-mega-645-ket-qua-mega-645-ngay-09-10-2019.html,09/10/2019,21389955500,
502,Chủ Nhật,06/10/2019,,"1,6,17,30,44,45",https://www.minhchinh.com/xs-mega-645-ket-qua-mega-645-ngay-06-10-2019.html,06/10/2019,20224441000,
501,Thứ 6,04/10/2019,,"2,9,24,25,30,36",https://www.minhchinh.com/xs-mega-645-ket-qua-mega-645-ngay-04-10-2019.html,04/10/2019,18949662000,
500,Thứ 4,02/10/2019,,"2,6,7,25,28,41",https://www.minhchinh.com/xs-mega-645-ket-qua-mega-645-ngay-02-10-2019.html,02/10/2019,17753510000,
499,Chủ Nhật,29/09/2019,,"2,9,12,18,21,23",https://www.minhchinh.com/xs-mega-645-ket-qua-mega-645-ngay-29-09-2019.html,29/09/2019,16530261500,
498,Thứ 6,27/09/2019,,"6,9,11,28,37,44",https://www.minhchinh.com/xs-mega-645-ket-qua-mega-645-ngay-27-09-2019.html,27/09/2019,15393271500,
497,Thứ 4,25/09/2019,,"9,14,22,26,44,45",https://www.minhchinh.com/xs-mega-645-ket-qua-mega-645-ngay-25-09-2019.html,25/09/2019,14415927500,
496,Chủ Nhật,22/09/2019,,"3,6,21,36,38,39",https://www.minhchinh.com/xs-mega-645-ket-qua-mega-645-ngay-22-09-2019.html,22/09/2019,13255293000,
495,Thứ 6,20/09/2019,,"7,12,24,29,31,45",https://www.minhchinh.com/xs-mega-645-ket-qua-mega-645-ngay-20-09-2019.html,20/09/2019,99453004500,Jackpot
494,Thứ 4,18/09/2019,,"3,9,13,17,19,20",https://www.minhchinh.com/xs-mega-645-ket-qua-mega-645-ngay-18-09-2019.html,18/09/2019,94535082000,
493,Chủ Nhật,15/09/2019,,"8,9,28,33,35,43",https://www.minhchinh.com/xs-mega-645-ket-qua-mega-645-ngay-15-09-2019.html,15/09/2019,89344198000,
492,Thứ 6,13/09/2019,,"2,15,17,25,30,38",https://www.minhchinh.com/xs-mega-645-ket-qua-mega-645-ngay-13-09-2019.html,13/09/2019,84031956000,
491,Thứ 4,11/09/2019,,"21,25,29,32,34,35",https://www.minhchinh.com/xs-mega-645-ket-qua-mega-645-ngay-11-09-2019.html,11/09/2019,78841975000,
490,Chủ Nhật,08/09/2019,,"6,9,11,26,28,36",https://www.minhchinh.com/xs-mega-645-ket-qua-mega-645-ngay-08-09-2019.html,08/09/2019,73447486500,
489,Thứ 6,06/09/2019,,"2,4,13,15,26,31",https://www.minhchinh.com/xs-mega-645-ket-qua-mega-645-ngay-06-09-2019.html,06/09/2019,69609684500,
488,Thứ 4,04/09/2019,,"1,9,11,23,30,37",https://www.minhchinh.com/xs-mega-645-ket-qua-mega-645-ngay-04-09-2019.html,04/09/2019,65623409000,
487,Chủ Nhật,01/09/2019,,"5,7,14,16,29,40",https://www.minhchinh.com/xs-mega-645-ket-qua-mega-645-ngay-01-09-2019.html,01/09/2019,61531051000,
486,Thứ 6,30/08/2019,,"5,6,22,23,25,44",https://www.minhchinh.com/xs-mega-645-ket-qua-mega-645-ngay-30-08-2019.html,30/08/2019,57561110500,
485,Thứ 4,28/08/2019,,"1,4,12,14,19,30",https://www.minhchinh.com/xs-mega-645-ket-qua-mega-645-ngay-28-08-2019.html,28/08/2019,53879797500,
484,Chủ Nhật,25/08/2019,,"7,8,15,20,24,31",https://www.minhchinh.com/xs-mega-645-ket-qua-mega-645-ngay-25-08-2019.html,25/08/2019,50256177000,
483,Thứ 6,23/08/2019,,"6,7,12,17,19,24",https://www.minhchinh.com/xs-mega-645-ket-qua-mega-645-ngay-23-08-2019.html,23/08/2019,46911829000,
482,Thứ 4,21/08/2019,,"6,8,17,20,21,31",https://www.minhchinh.com/xs-mega-645-ket-qua-mega-645-ngay-21-08-2019.html,21/08/2019,43784877000,
481,Chủ Nhật,18/08/2019,,"2,7,18,21,24,33",https://www.minhchinh.com/xs-mega-645-ket-qua-mega-645-ngay-18-08-2019.html,18/08/2019,40626087000,
480,Thứ 6,16/08/2019,,"6,14,15,19,31,39",https://www.minhchinh.com/xs-mega-645-ket-qua-mega-645-ngay-16-08-2019.html,16/08/2019,37492523500,
479,Thứ 4,14/08/2019,,"13,20,22,24,33,34",https://www.minhchinh.com/xs-mega-645-ket-qua-mega-645-ngay-14-08-2019.html,14/08/2019,34518894000,
478,Chủ Nhật,11/08/2019,,"1,4,7,9,25,31",https://www.minhchinh.com/xs-mega-645-ket-qua-mega-645-ngay-11-08-2019.html,11/08/2019,31428258500,
477,Thứ 6,09/08/2019,,"11,19,26,28,30,42",https://www.minhchinh.com/xs-mega-645-ket-qua-mega-645-ngay-09-08-2019.html,09/08/2019,28478574500,
476,Thứ 4,07/08/2019,,"1,5,13,31,32,43",https://www.minhchinh.com/xs-mega-645-ket-qua-mega-645-ngay-07-08-2019.html,07/08/2019,26578394000,
475,Chủ Nhật,04/08/2019,,"6,10,21,30,43,45",https://www.minhchinh.com/xs-mega-645-ket-qua-mega-645-ngay-04-08-2019.html,04/08/2019,25016702000,
474,Thứ 6,02/08/2019,,"11,18,20,22,25,26",https://www.minhchinh.com/xs-mega-645-ket-qua-mega-645-ngay-02-08-2019.html,02/08/2019,23471032000,
473,Thứ 4,31/07/2019,,"6,12,15,19,25,45",https://www.minhchinh.com/xs-mega-645-ket-qua-mega-645-ngay-31-07-2019.html,31/07/2019,22199548000,
472,Chủ Nhật,28/07/2019,,"5,14,16,24,42,43",https://www.minhchinh.com/xs-mega-645-ket-qua-mega-645-ngay-28-07-2019.html,28/07/2019,21025187500,
471,Thứ 6,26/07/2019,,"5,14,16,22,25,33",https://www.minhchinh.com/xs-mega-645-ket-qua-mega-645-ngay-26-07-2019.html,26/07/2019,19673771500,
470,Thứ 4,24/07/2019,,"20,22,25,39,44,45",https://www.minhchinh.com/xs-mega-645-ket-qua-mega-645-ngay-24-07-2019.html,24/07/2019,18405343500,
469,Chủ Nhật,21/07/2019,,"7,8,10,24,33,44",https://www.minhchinh.com/xs-mega-645-ket-qua-mega-645-ngay-21-07-2019.html,21/07/2019,17128970000,
468,Thứ 6,19/07/2019,,"9,12,23,26,28,43",https://www.minhchinh.com/xs-mega-645-ket-qua-mega-645-ngay-19-07-2019.html,19/07/2019,16041728500,
467,Thứ 4,17/07/2019,,"10,11,16,22,28,35",https://www.minhchinh.com/xs-mega-645-ket-qua-mega-645-ngay-17-07-2019.html,17/07/2019,15023456000,
466,Chủ Nhật,14/07/2019,,"2,3,7,25,33,34",https://www.minhchinh.com/xs-mega-645-ket-qua-mega-645-ngay-14-07-2019.html,14/07/2019,14014911500,
465,Thứ 6,12/07/2019,,"16,18,24,26,40,44",https://www.minhchinh.com/xs-mega-645-ket-qua-mega-645-ngay-12-07-2019.html,12/07/2019,12982557500,
464,Thứ 4,10/07/2019,,"1,2,6,7,16,27",https://www.minhchinh.com/xs-mega-645-ket-qua-mega-645-ngay-10-07-2019.html,10/07/2019,29119908000,Jackpot
463,Chủ Nhật,07/07/2019,,"2,18,21,23,30,31",https://www.minhchinh.com/xs-mega-645-ket-qua-mega-645-ngay-07-07-2019.html,07/07/2019,27560799500,
462,Thứ 6,05/07/2019,,"19,21,30,31,37,43",https://www.minhchinh.com/xs-mega-645-ket-qua-mega-645-ngay-05-07-2019.html,05/07/2019,25923998500,
461,Thứ 4,03/07/2019,,"2,7,25,29,39,45",https://www.minhchinh.com/xs-mega-645-ket-qua-mega-645-ngay-03-07-2019.html,03/07/2019,24476352500,
460,Chủ Nhật,30/06/2019,,"5,20,22,25,28,32",https://www.minhchinh.com/xs-mega-645-ket-qua-mega-645-ngay-30-06-2019.html,30/06/2019,23161203000,
459,Thứ 6,28/06/2019,,"11,25,37,40,41,45",https://www.minhchinh.com/xs-mega-645-ket-qua-mega-645-ngay-28-06-2019.html,28/06/2019,21710623500,
458,Thứ 4,26/06/2019,,"1,5,9,10,33,41",https://www.minhchinh.com/xs-mega-645-ket-qua-mega-645-ngay-26-06-2019.html,26/06/2019,20418360500,
457,Chủ Nhật,23/06/2019,,"3,8,11,27,32,36",https://www.minhchinh.com/xs-mega-645-ket-qua-mega-645-ngay-23-06-2019.html,23/06/2019,19041263000,
456,Thứ 6,21/06/2019,,"1,4,19,21,23,39",https://www.minhchinh.com/xs-mega-645-ket-qua-mega-645-ngay-21-06-2019.html,21/06/2019,17771417500,
455,Thứ 4,19/06/2019,,"2,4,11,15,35,40",https://www.minhchinh.com/xs-mega-645-ket-qua-mega-645-ngay-19-06-2019.html,19/06/2019,16557487500,
454,Chủ Nhật,16/06/2019,,"6,7,19,29,31,36",https://www.minhchinh.com/xs-mega-645-ket-qua-mega-645-ngay-16-06-2019.html,16/06/2019,15332578500,
453,Thứ 6,14/06/2019,,"2,12,16,36,37,45",https://www.minhchinh.com/xs-mega-645-ket-qua-mega-645-ngay-14-06-2019.html,14/06/2019,14177934500,
452,Thứ 4,12/06/2019,,"10,11,21,23,26,37",https://www.minhchinh.com/xs-mega-645-ket-qua-mega-645-ngay-12-06-2019.html,12/06/2019,13115937000,
451,Chủ Nhật,09/06/2019,,"2,6,22,25,35,36",https://www.minhchinh.com/xs-mega-645-ket-qua-mega-645-ngay-09-06-2019.html,09/06/2019,34381055000,Jackpot
450,Thứ 6,07/06/2019,,"11,13,15,26,27,41",https://www.minhchinh.com/xs-mega-645-ket-qua-mega-645-ngay-07-06-2019.html,07/06/2019,32742356500,
449,Thứ 4,05/06/2019,,"4,8,22,25,37,39",https://www.minhchinh.com/xs-mega-645-ket-qua-mega-645-ngay-05-06-2019.html,05/06/2019,31263883000,
448,Chủ Nhật,02/06/2019,,"2,5,12,35,41,43",https://www.minhchinh.com/xs-mega-645-ket-qua-mega-645-ngay-02-06-2019.html,02/06/2019,29782077000,
447,Thứ 6,31/05/2019,,"5,6,7,12,23,30",https://www.minhchinh.com/xs-mega-645-ket-qua-mega-645-ngay-31-05-2019.html,31/05/2019,28327703000,
446,Thứ 4,29/05/2019,,"12,18,19,27,35,42",https://www.minhchinh.com/xs-mega-645-ket-qua-mega-645-ngay-29-05-2019.html,29/05/2019,26999524500,
445,Chủ Nhật,26/05/2019,,"11,12,14,23,29,32",https://www.minhchinh.com/xs-mega-645-ket-qua-mega-645-ngay-26-05-2019.html,26/05/2019,25583062000,
444,Thứ 6,24/05/2019,,"2,3,31,33,35,40",https://www.minhchinh.com/xs-mega-645-ket-qua-mega-645-ngay-24-05-2019.html,24/05/2019,24272614500,
443,Thứ 4,22/05/2019,,"1,13,16,22,23,35",https://www.minhchinh.com/xs-mega-645-ket-qua-mega-645-ngay-22-05-2019.html,22/05/2019,22677291500,
442,Chủ Nhật,19/05/2019,,"2,11,19,27,30,42",https://www.minhchinh.com/xs-mega-645-ket-qua-mega-645-ngay-19-05-2019.html,19/05/2019,21220151500,
441,Thứ 6,17/05/2019,,"6,16,18,29,39,43",https://www.minhchinh.com/xs-mega-645-ket-qua-mega-645-ngay-17-05-2019.html,17/05/2019,19892566500,
440,Thứ 4,15/05/2019,,"17,28,29,33,34,35",https://www.minhchinh.com/xs-mega-645-ket-qua-mega-645-ngay-15-05-2019.html,15/05/2019,18642166500,
439,Chủ Nhật,12/05/2019,,"1,8,13,17,21,43",https://www.minhchinh.com/xs-mega-645-ket-qua-mega-645-ngay-12-05-2019.html,12/05/2019,17230884500,
438,Thứ 6,10/05/2019,,"5,23,25,30,35,38",https://www.minhchinh.com/xs-mega-645-ket-qua-mega-645-ngay-10-05-2019.html,10/05/2019,15860858500,
437,Thứ 4,08/05/2019,,"1,7,8,31,34,45",https://www.minhchinh.com/xs-mega-645-ket-qua-mega-645-ngay-08-05-2019.html,08/05/2019,14557802000,
436,Chủ Nhật,05/05/2019,,"13,27,30,38,39,41",https://www.minhchinh.com/xs-mega-645-ket-qua-mega-645-ngay-05-05-2019.html,05/05/2019,13321559500,
435,Thứ 6,03/05/2019,,"1,6,14,31,35,44",https://www.minhchinh.com/xs-mega-645-ket-qua-mega-645-ngay-03-05-2019.html,03/05/2019,20603254000,Jackpot
434,Thứ 4,01/05/2019,,"18,23,24,27,33,41",https://www.minhchinh.com/xs-mega-645-ket-qua-mega-645-ngay-01-05-2019.html,01/05/2019,19167212000,
433,Chủ Nhật,28/04/2019,,"4,24,28,30,33,43",https://www.minhchinh.com/xs-mega-645-ket-qua-mega-645-ngay-28-04-2019.html,28/04/2019,17974733000,
432,Thứ 6,26/04/2019,,"1,2,14,15,16,30",https://www.minhchinh.com/xs-mega-645-ket-qua-mega-645-ngay-26-04-2019.html,26/04/2019,16734191500,
431,Thứ 4,24/04/2019,,"4,7,12,13,20,45",https://www.minhchinh.com/xs-mega-645-ket-qua-mega-645-ngay-24-04-2019.html,24/04/2019,15460909500,
430,Chủ Nhật,21/04/2019,,"8,11,13,20,41,43",https://www.minhchinh.com/xs-mega-645-ket-qua-mega-645-ngay-21-04-2019.html,21/04/2019,14253836000,
429,Thứ 6,19/04/2019,,"1,4,5,12,17,21",https://www.minhchinh.com/xs-mega-645-ket-qua-mega-645-ngay-19-04-2019.html,19/04/2019,13042826000,
428,Thứ 4,17/04/2019,,"7,11,21,25,30,44",https://www.minhchinh.com/xs-mega-645-ket-qua-mega-645-ngay-17-04-2019.html,17/04/2019,13225173500,Jackpot
427,Chủ Nhật,14/04/2019,,"4,13,20,34,35,37",https://www.minhchinh.com/xs-mega-645-ket-qua-mega-645-ngay-14-04-2019.html,14/04/2019,44071252500,Jackpot
426,Thứ 6,12/04/2019,,"3,12,15,16,17,44",https://www.minhchinh.com/xs-mega-645-ket-qua-mega-645-ngay-12-04-2019.html,12/04/2019,40141316500,
425,Thứ 4,10/04/2019,,"7,11,14,30,35,42",https://www.minhchinh.com/xs-mega-645-ket-qua-mega-645-ngay-10-04-2019.html,10/04/2019,36441477000,
424,Chủ Nhật,07/04/2019,,"8,10,26,28,32,34",https://www.minhchinh.com/xs-mega-645-ket-qua-mega-645-ngay-07-04-2019.html,07/04/2019,32688405500,
423,Thứ 6,05/04/2019,,"2,7,25,36,38,43",https://www.minhchinh.com/xs-mega-645-ket-qua-mega-645-ngay-05-04-2019.html,05/04/2019,29177213000,
422,Thứ 4,03/04/2019,,"4,11,18,33,34,45",https://www.minhchinh.com/xs-mega-645-ket-qua-mega-645-ngay-03-04-2019.html,03/04/2019,26129369500,
421,Chủ Nhật,31/03/2019,,"3,5,19,28,31,38",https://www.minhchinh.com/xs-mega-645-ket-qua-mega-645-ngay-31-03-2019.html,31/03/2019,24437276000,
420,Thứ 6,29/03/2019,,"2,19,26,27,30,37",https://www.minhchinh.com/xs-mega-645-ket-qua-mega-645-ngay-29-03-2019.html,29/03/2019,22765342000,
419,Thứ 4,27/03/2019,,"9,12,22,24,30,42",https://www.minhchinh.com/xs-mega-645-ket-qua-mega-645-ngay-27-03-2019.html,27/03/2019,21055913000,
418,Chủ Nhật,24/03/2019,,"5,17,21,27,34,40",https://www.minhchinh.com/xs-mega-645-ket-qua-mega-645-ngay-24-03-2019.html,24/03/2019,19595469000,
417,Thứ 6,22/03/2019,,"1,3,6,13,18,41",https://www.minhchinh.com/xs-mega-645-ket-qua-mega-645-ngay-22-03-2019.html,22/03/2019,18010166000,
416,Thứ 4,20/03/2019,,"2,7,17,24,29,37",https://www.minhchinh.com/xs-mega-645-ket-qua-mega-645-ngay-20-03-2019.html,20/03/2019,16559719000,
415,Chủ Nhật,17/03/2019,,"5,6,16,18,24,42",https://www.minhchinh.com/xs-mega-645-ket-qua-mega-645-ngay-17-03-2019.html,17/03/2019,15253753500,
414,Thứ 6,15/03/2019,,"5,10,15,19,38,42",https://www.minhchinh.com/xs-mega-645-ket-qua-mega-645-ngay-15-03-2019.html,15/03/2019,14180566000,
413,Thứ 4,13/03/2019,,"5,16,24,26,34,44",https://www.minhchinh.com/xs-mega-645-ket-qua-mega-645-ngay-13-03-2019.html,13/03/2019,13014844500,
412,Chủ Nhật,10/03/2019,,"5,24,31,32,42,45",https://www.minhchinh.com/xs-mega-645-ket-qua-mega-645-ngay-10-03-2019.html,10/03/2019,24935729000,Jackpot
411,Thứ 6,08/03/2019,,"4,14,20,27,32,43",https://www.minhchinh.com/xs-mega-645-ket-qua-mega-645-ngay-08-03-2019.html,08/03/2019,23311659500,
410,Thứ 4,06/03/2019,,"2,7,14,24,40,41",https://www.minhchinh.com/xs-mega-645-ket-qua-mega-645-ngay-06-03-2019.html,06/03/2019,21651509000,
409,Chủ Nhật,03/03/2019,,"1,13,17,20,30,45",https://www.minhchinh.com/xs-mega-645-ket-qua-mega-645-ngay-03-03-2019.html,03/03/2019,20020723000,
408,Thứ 6,01/03/2019,,"15,23,29,31,38,43",https://www.minhchinh.com/xs-mega-645-ket-qua-mega-645-ngay-01-03-2019.html,01/03/2019,18395685000,
407,Thứ 4,27/02/2019,,"5,12,15,16,25,35",https://www.minhchinh.com/xs-mega-645-ket-qua-mega-645-ngay-27-02-2019.html,27/02/2019,16899838500,
406,Chủ Nhật,24/02/2019,,"1,7,13,23,32,42",https://www.minhchinh.com/xs-mega-645-ket-qua-mega-645-ngay-24-02-2019.html,24/02/2019,15777343000,
405,Thứ 6,22/02/2019,,"7,10,18,25,44,45",https://www.minhchinh.com/xs-mega-645-ket-qua-mega-645-ngay-22-02-2019.html,22/02/2019,14477636500,
404,Thứ 4,20/02/2019,,"1,10,15,24,37,45",https://www.minhchinh.com/xs-mega-645-ket-qua-mega-645-ngay-20-02-2019.html,20/02/2019,13180421500,
403,Chủ Nhật,17/02/2019,,"11,12,14,25,29,31",https://www.minhchinh.com/xs-mega-645-ket-qua-mega-645-ngay-17-02-2019.html,17/02/2019,21973928500,Jackpot
402,Thứ 6,15/02/2019,,"3,22,26,27,30,44",https://www.minhchinh.com/xs-mega-645-ket-qua-mega-645-ngay-15-02-2019.html,15/02/2019,20754252000,
401,Thứ 4,13/02/2019,,"5,11,18,33,37,41",https://www.minhchinh.com/xs-mega-645-ket-qua-mega-645-ngay-13-02-2019.html,13/02/2019,19147983000,
400,Chủ Nhật,10/02/2019,,"1,11,17,25,29,35",https://www.minhchinh.com/xs-mega-645-ket-qua-mega-645-ngay-10-02-2019.html,10/02/2019,17338772000,
399,Thứ 6,08/02/2019,,"11,12,33,36,39,43",https://www.minhchinh.com/xs-mega-645-ket-qua-mega-645-ngay-08-02-2019.html,08/02/2019,15924776500,
398,Thứ 4,06/02/2019,,"22,24,25,30,33,38",https://www.minhchinh.com/xs-mega-645-ket-qua-mega-645-ngay-06-02-2019.html,06/02/2019,14851632000,
397,Chủ Nhật,03/02/2019,,"1,2,5,9,23,24",https://www.minhchinh.com/xs-mega-645-ket-qua-mega-645-ngay-03-02-2019.html,03/02/2019,13563140000,
396,Thứ 6,01/02/2019,,"3,4,6,38,39,43",https://www.minhchinh.com/xs-mega-645-ket-qua-mega-645-ngay-01-02-2019.html,01/02/2019,75388996000,Jackpot
395,Thứ 4,30/01/2019,,"1,4,6,13,37,41",https://www.minhchinh.com/xs-mega-645-ket-qua-mega-645-ngay-30-01-2019.html,30/01/2019,70202846500,
394,Chủ Nhật,27/01/2019,,"9,11,12,22,27,29",https://www.minhchinh.com/xs-mega-645-ket-qua-mega-645-ngay-27-01-2019.html,27/01/2019,64238800500,
393,Thứ 6,25/01/2019,,"11,13,14,22,30,38",https://www.minhchinh.com/xs-mega-645-ket-qua-mega-645-ngay-25-01-2019.html,25/01/2019,59381811000,
392,Thứ 4,23/01/2019,,"2,9,13,29,33,40",https://www.minhchinh.com/xs-mega-645-ket-qua-mega-645-ngay-23-01-2019.html,23/01/2019,54675909000,
391,Chủ Nhật,20/01/2019,,"8,16,21,31,35,38",https://www.minhchinh.com/xs-mega-645-ket-qua-mega-645-ngay-20-01-2019.html,20/01/2019,49631995000,
390,Thứ 6,18/01/2019,,"12,15,19,38,40,45",https://www.minhchinh.com/xs-mega-645-ket-qua-mega-645-ngay-18-01-2019.html,18/01/2019,45228539500,
389,Thứ 4,16/01/2019,,"1,8,14,24,31,40",https://www.minhchinh.com/xs-mega-645-ket-qua-mega-645-ngay-16-01-2019.html,16/01/2019,41145812500,
388,Chủ Nhật,13/01/2019,,"1,20,21,23,26,33",https://www.minhchinh.com/xs-mega-645-ket-qua-mega-645-ngay-13-01-2019.html,13/01/2019,37819245500,
387,Thứ 6,11/01/2019,,"19,21,22,23,25,44",https://www.minhchinh.com/xs-mega-645-ket-qua-mega-645-ngay-11-01-2019.html,11/01/2019,35699076500,
386,Thứ 4,09/01/2019,,"17,27,28,30,33,41",https://www.minhchinh.com/xs-mega-645-ket-qua-mega-645-ngay-09-01-2019.html,09/01/2019,33794171000,
385,Chủ Nhật,06/01/2019,,"9,22,33,34,35,44",https://www.minhchinh.com/xs-mega-645-ket-qua-mega-645-ngay-06-01-2019.html,06/01/2019,31809761500,
384,Thứ 6,04/01/2019,,"1,8,14,16,19,22",https://www.minhchinh.com/xs-mega-645-ket-qua-mega-645-ngay-04-01-2019.html,04/01/2019,29906609000,
383,Thứ 4,02/01/2019,,"4,14,32,35,36,40",https://www.minhchinh.com/xs-mega-645-ket-qua-mega-645-ngay-02-01-2019.html,02/01/2019,28121934500,
382,Chủ Nhật,30/12/2018,,"10,19,31,35,42,44",https://www.minhchinh.com/xs-mega-645-ket-qua-mega-645-ngay-30-12-2018.html,30/12/2018,26321218500,
381,Thứ 6,28/12/2018,,"3,22,24,25,31,37",https://www.minhchinh.com/xs-mega-645-ket-qua-mega-645-ngay-28-12-2018.html,28/12/2018,24652572000,
380,Thứ 4,26/12/2018,,"21,28,34,35,41,44",https://www.minhchinh.com/xs-mega-645-ket-qua-mega-645-ngay-26-12-2018.html,26/12/2018,23123394000,
379,Chủ Nhật,23/12/2018,,"1,3,10,11,16,44",https://www.minhchinh.com/xs-mega-645-ket-qua-mega-645-ngay-23-12-2018.html,23/12/2018,21428428500,
378,Thứ 6,21/12/2018,,"1,7,16,27,29,34",https://www.minhchinh.com/xs-mega-645-ket-qua-mega-645-ngay-21-12-2018.html,21/12/2018,19992770500,
377,Thứ 4,19/12/2018,,"2,10,11,32,40,44",https://www.minhchinh.com/xs-mega-645-ket-qua-mega-645-ngay-19-12-2018.html,19/12/2018,18623341500,
376,Chủ Nhật,16/12/2018,,"1,14,22,26,35,42",https://www.minhchinh.com/xs-mega-645-ket-qua-mega-645-ngay-16-12-2018.html,16/12/2018,17211916500,
375,Thứ 6,14/12/2018,,"7,16,20,26,30,34",https://www.minhchinh.com/xs-mega-645-ket-qua-mega-645-ngay-14-12-2018.html,14/12/2018,15853774500,
374,Thứ 4,12/12/2018,,"1,3,11,15,27,30",https://www.minhchinh.com/xs-mega-645-ket-qua-mega-645-ngay-12-12-2018.html,12/12/2018,14424640000,
373,Chủ Nhật,09/12/2018,,"6,8,26,34,40,41",https://www.minhchinh.com/xs-mega-645-ket-qua-mega-645-ngay-09-12-2018.html,09/12/2018,13234739000,
372,Thứ 6,07/12/2018,,"1,6,7,22,31,39",https://www.minhchinh.com/xs-mega-645-ket-qua-mega-645-ngay-07-12-2018.html,07/12/2018,13327206000,Jackpot
371,Thứ 4,05/12/2018,,"7,28,29,39,42,45",https://www.minhchinh.com/xs-mega-645-ket-qua-mega-645-ngay-05-12-2018.html,05/12/2018,22811729000,Jackpot
370,Chủ Nhật,02/12/2018,,"2,4,12,23,37,45",https://www.minhchinh.com/xs-mega-645-ket-qua-mega-645-ngay-02-12-2018.html,02/12/2018,21297938500,
369,Thứ 6,30/11/2018,,"11,18,23,25,28,35",https://www.minhchinh.com/xs-mega-645-ket-qua-mega-645-ngay-30-11-2018.html,30/11/2018,19833902000,
368,Thứ 4,28/11/2018,,"8,13,20,21,25,28",https://www.minhchinh.com/xs-mega-645-ket-qua-mega-645-ngay-28-11-2018.html,28/11/2018,18659638000,
367,Chủ Nhật,25/11/2018,,"3,5,11,18,24,29",https://www.minhchinh.com/xs-mega-645-ket-qua-mega-645-ngay-25-11-2018.html,25/11/2018,17059686000,
366,Thứ 6,23/11/2018,,"8,10,12,21,25,40",https://www.minhchinh.com/xs-mega-645-ket-qua-mega-645-ngay-23-11-2018.html,23/11/2018,16179431500,
365,Thứ 4,21/11/2018,,"7,9,16,19,24,33",https://www.minhchinh.com/xs-mega-645-ket-qua-mega-645-ngay-21-11-2018.html,21/11/2018,14759709000,
364,Chủ Nhật,18/11/2018,,"6,27,28,30,37,44",https://www.minhchinh.com/xs-mega-645-ket-qua-mega-645-ngay-18-11-2018.html,18/11/2018,13453897000,
363,Thứ 6,16/11/2018,,"4,12,18,21,25,41",https://www.minhchinh.com/xs-mega-645-ket-qua-mega-645-ngay-16-11-2018.html,16/11/2018,52258801500,Jackpot
362,Thứ 4,14/11/2018,,"12,14,24,26,30,40",https://www.minhchinh.com/xs-mega-645-ket-qua-mega-645-ngay-14-11-2018.html,14/11/2018,48159309000,
361,Chủ Nhật,11/11/2018,,"20,23,26,27,32,34",https://www.minhchinh.com/xs-mega-645-ket-qua-mega-645-ngay-11-11-2018.html,11/11/2018,43902022000,
360,Thứ 6,09/11/2018,,"6,18,28,32,34,35",https://www.minhchinh.com/xs-mega-645-ket-qua-mega-645-ngay-09-11-2018.html,09/11/2018,39864238000,
359,Thứ 4,07/11/2018,,"6,18,22,25,31,37",https://www.minhchinh.com/xs-mega-645-ket-qua-mega-645-ngay-07-11-2018.html,07/11/2018,36379047500,
358,Chủ Nhật,04/11/2018,,"7,12,13,17,25,30",https://www.minhchinh.com/xs-mega-645-ket-qua-mega-645-ngay-04-11-2018.html,04/11/2018,32794682000,
357,Thứ 6,02/11/2018,,"4,6,11,18,24,25",https://www.minhchinh.com/xs-mega-645-ket-qua-mega-645-ngay-02-11-2018.html,02/11/2018,29460748500,
356,Thứ 4,31/10/2018,,"17,22,26,30,33,35",https://www.minhchinh.com/xs-mega-645-ket-qua-mega-645-ngay-31-10-2018.html,31/10/2018,26288813500,
355,Chủ Nhật,28/10/2018,,"9,18,19,20,31,45",https://www.minhchinh.com/xs-mega-645-ket-qua-mega-645-ngay-28-10-2018.html,28/10/2018,23707191500,
354,Thứ 6,26/10/2018,,"2,18,31,33,36,41",https://www.minhchinh.com/xs-mega-645-ket-qua-mega-645-ngay-26-10-2018.html,26/10/2018,22250368000,
353,Thứ 4,24/10/2018,,"6,26,34,35,39,42",https://www.minhchinh.com/xs-mega-645-ket-qua-mega-645-ngay-24-10-2018.html,24/10/2018,20507870500,
352,Chủ Nhật,21/10/2018,,"6,22,24,28,30,37",https://www.minhchinh.com/xs-mega-645-ket-qua-mega-645-ngay-21-10-2018.html,21/10/2018,18963930500,
351,Thứ 6,19/10/2018,,"2,14,30,38,39,45",https://www.minhchinh.com/xs-mega-645-ket-qua-mega-645-ngay-19-10-2018.html,19/10/2018,17473946000,
350,Thứ 4,17/10/2018,,"1,12,14,36,39,43",https://www.minhchinh.com/xs-mega-645-ket-qua-mega-645-ngay-17-10-2018.html,17/10/2018,15978847000,
349,Chủ Nhật,14/10/2018,,"7,8,9,34,40,43",https://www.minhchinh.com/xs-mega-645-ket-qua-mega-645-ngay-14-10-2018.html,14/10/2018,14531727000,
348,Thứ 6,12/10/2018,,"11,12,20,26,28,42",https://www.minhchinh.com/xs-mega-645-ket-qua-mega-645-ngay-12-10-2018.html,12/10/2018,13314551500,
347,Thứ 4,10/10/2018,,"18,19,22,28,41,42",https://www.minhchinh.com/xs-mega-645-ket-qua-mega-645-ngay-10-10-2018.html,10/10/2018,66629405000,Jackpot
346,Chủ Nhật,07/10/2018,,"14,18,31,34,39,44",https://www.minhchinh.com/xs-mega-645-ket-qua-mega-645-ngay-07-10-2018.html,07/10/2018,61781541000,
345,Thứ 6,05/10/2018,,"4,12,17,29,35,44",https://www.minhchinh.com/xs-mega-645-ket-qua-mega-645-ngay-05-10-2018.html,05/10/2018,57081586000,
344,Thứ 4,03/10/2018,,"6,12,19,21,25,45",https://www.minhchinh.com/xs-mega-645-ket-qua-mega-645-ngay-03-10-2018.html,03/10/2018,52932632500,
343,Chủ Nhật,30/09/2018,,"1,20,24,36,43,45",https://www.minhchinh.com/xs-mega-645-ket-qua-mega-645-ngay-30-09-2018.html,30/09/2018,48950540000,
342,Thứ 6,28/09/2018,,"2,6,11,13,15,38",https://www.minhchinh.com/xs-mega-645-ket-qua-mega-645-ngay-28-09-2018.html,28/09/2018,44806838500,
341,Thứ 4,26/09/2018,,"12,19,27,39,42,45",https://www.minhchinh.com/xs-mega-645-ket-qua-mega-645-ngay-26-09-2018.html,26/09/2018,40998275000,
340,Chủ Nhật,23/09/2018,,"18,27,32,35,41,44",https://www.minhchinh.com/xs-mega-645-ket-qua-mega-645-ngay-23-09-2018.html,23/09/2018,38869967500,
339,Thứ 6,21/09/2018,,"1,3,11,14,23,29",https://www.minhchinh.com/xs-mega-645-ket-qua-mega-645-ngay-21-09-2018.html,21/09/2018,36885341000,
338,Thứ 4,19/09/2018,,"10,20,22,24,27,42",https://www.minhchinh.com/xs-mega-645-ket-qua-mega-645-ngay-19-09-2018.html,19/09/2018,34913441500,
337,Chủ Nhật,16/09/2018,,"3,13,17,18,23,34",https://www.minhchinh.com/xs-mega-645-ket-qua-mega-645-ngay-16-09-2018.html,16/09/2018,33027155000,
336,Thứ 6,14/09/2018,,"12,16,17,18,26,34",https://www.minhchinh.com/xs-mega-645-ket-qua-mega-645-ngay-14-09-2018.html,14/09/2018,31118111500,
335,Thứ 4,12/09/2018,,"11,12,13,16,29,31",https://www.minhchinh.com/xs-mega-645-ket-qua-mega-645-ngay-12-09-2018.html,12/09/2018,29419428500,
334,Chủ Nhật,09/09/2018,,"8,14,18,21,44,45",https://www.minhchinh.com/xs-mega-645-ket-qua-mega-645-ngay-09-09-2018.html,09/09/2018,27522500500,
333,Thứ 6,07/09/2018,,"8,10,11,28,42,45",https://www.minhchinh.com/xs-mega-645-ket-qua-mega-645-ngay-07-09-2018.html,07/09/2018,25630550500,
332,Thứ 4,05/09/2018,,"5,6,22,27,34,37",https://www.minhchinh.com/xs-mega-645-ket-qua-mega-645-ngay-05-09-2018.html,05/09/2018,24112702500,
331,Chủ Nhật,02/09/2018,,"10,12,13,22,26,40",https://www.minhchinh.com/xs-mega-645-ket-qua-mega-645-ngay-02-09-2018.html,02/09/2018,22424074500,
330,Thứ 6,31/08/2018,,"11,19,30,36,38,40",https://www.minhchinh.com/xs-mega-645-ket-qua-mega-645-ngay-31-08-2018.html,31/08/2018,20898326500,
329,Thứ 4,29/08/2018,,"16,17,24,28,30,36",https://www.minhchinh.com/xs-mega-645-ket-qua-mega-645-ngay-29-08-2018.html,29/08/2018,19222545000,
328,Chủ Nhật,26/08/2018,,"1,3,11,12,22,36",https://www.minhchinh.com/xs-mega-645-ket-qua-mega-645-ngay-26-08-2018.html,26/08/2018,17774665500,
327,Thứ 6,24/08/2018,,"3,22,25,29,33,40",https://www.minhchinh.com/xs-mega-645-ket-qua-mega-645-ngay-24-08-2018.html,24/08/2018,16218356500,
326,Thứ 4,22/08/2018,,"15,17,18,33,34,44",https://www.minhchinh.com/xs-mega-645-ket-qua-mega-645-ngay-22-08-2018.html,22/08/2018,14666550500,
325,Chủ Nhật,19/08/2018,,"16,18,28,36,37,45",https://www.minhchinh.com/xs-mega-645-ket-qua-mega-645-ngay-19-08-2018.html,19/08/2018,13176212000,
324,Thứ 6,17/08/2018,,"3,8,22,28,33,42",https://www.minhchinh.com/xs-mega-645-ket-qua-mega-645-ngay-17-08-2018.html,17/08/2018,16109307500,Jackpot
323,Thứ 4,15/08/2018,,"12,24,25,33,40,44",https://www.minhchinh.com/xs-mega-645-ket-qua-mega-645-ngay-15-08-2018.html,15/08/2018,14830706500,
322,Chủ Nhật,12/08/2018,,"5,16,17,28,31,38",https://www.minhchinh.com/xs-mega-645-ket-qua-mega-645-ngay-12-08-2018.html,12/08/2018,13334071500,
321,Thứ 6,10/08/2018,,"18,22,24,29,41,45",https://www.minhchinh.com/xs-mega-645-ket-qua-mega-645-ngay-10-08-2018.html,10/08/2018,31813307500,Jackpot
320,Thứ 4,08/08/2018,,"19,34,37,39,41,44",https://www.minhchinh.com/xs-mega-645-ket-qua-mega-645-ngay-08-08-2018.html,08/08/2018,29901465000,
319,Chủ Nhật,05/08/2018,,"7,10,18,31,39,43",https://www.minhchinh.com/xs-mega-645-ket-qua-mega-645-ngay-05-08-2018.html,05/08/2018,27963487000,
318,Thứ 6,03/08/2018,,"3,8,10,24,27,28",https://www.minhchinh.com/xs-mega-645-ket-qua-mega-645-ngay-03-08-2018.html,03/08/2018,26281515500,
317,Thứ 4,01/08/2018,,"5,6,29,30,37,38",https://www.minhchinh.com/xs-mega-645-ket-qua-mega-645-ngay-01-08-2018.html,01/08/2018,24731858000,
316,Chủ Nhật,29/07/2018,,"26,31,32,37,43,45",https://www.minhchinh.com/xs-mega-645-ket-qua-mega-645-ngay-29-07-2018.html,29/07/2018,22925351500,
315,Thứ 6,27/07/2018,,"2,21,32,37,38,42",https://www.minhchinh.com/xs-mega-645-ket-qua-mega-645-ngay-27-07-2018.html,27/07/2018,21031963500,
314,Thứ 4,25/07/2018,,"9,16,18,38,41,45",https://www.minhchinh.com/xs-mega-645-ket-qua-mega-645-ngay-25-07-2018.html,25/07/2018,19477380000,
313,Chủ Nhật,22/07/2018,,"8,9,24,27,40,45",https://www.minhchinh.com/xs-mega-645-ket-qua-mega-645-ngay-22-07-2018.html,22/07/2018,17791807000,
312,Thứ 6,20/07/2018,,"13,14,16,19,20,23",https://www.minhchinh.com/xs-mega-645-ket-qua-mega-645-ngay-20-07-2018.html,20/07/2018,16218909000,
311,Thứ 4,18/07/2018,,"8,10,14,19,26,34",https://www.minhchinh.com/xs-mega-645-ket-qua-mega-645-ngay-18-07-2018.html,18/07/2018,14699373500,
310,Chủ Nhật,15/07/2018,,"7,15,20,29,31,38",https://www.minhchinh.com/xs-mega-645-ket-qua-mega-645-ngay-15-07-2018.html,15/07/2018,13380902000,
309,Thứ 6,13/07/2018,,"3,8,9,25,27,28",https://www.minhchinh.com/xs-mega-645-ket-qua-mega-645-ngay-13-07-2018.html,13/07/2018,16334968000,Jackpot
308,Thứ 4,11/07/2018,,"12,26,28,29,39,43",https://www.minhchinh.com/xs-mega-645-ket-qua-mega-645-ngay-11-07-2018.html,11/07/2018,14804193500,
307,Chủ Nhật,08/07/2018,,"2,7,8,10,28,44",https://www.minhchinh.com/xs-mega-645-ket-qua-mega-645-ngay-08-07-2018.html,08/07/2018,13398681000,
306,Thứ 6,06/07/2018,,"22,26,33,34,38,42",https://www.minhchinh.com/xs-mega-645-ket-qua-mega-645-ngay-06-07-2018.html,06/07/2018,19552700000,Jackpot
305,Thứ 4,04/07/2018,,"2,3,27,28,34,43",https://www.minhchinh.com/xs-mega-645-ket-qua-mega-645-ngay-04-07-2018.html,04/07/2018,17914040000,
304,Chủ Nhật,01/07/2018,,"4,7,15,28,34,37",https://www.minhchinh.com/xs-mega-645-ket-qua-mega-645-ngay-01-07-2018.html,01/07/2018,16261589000,
303,Thứ 6,29/06/2018,,"6,18,22,24,36,39",https://www.minhchinh.com/xs-mega-645-ket-qua-mega-645-ngay-29-06-2018.html,29/06/2018,14740422500,
302,Thứ 4,27/06/2018,,"25,27,29,33,37,38",https://www.minhchinh.com/xs-mega-645-ket-qua-mega-645-ngay-27-06-2018.html,27/06/2018,13503491000,
301,Chủ Nhật,24/06/2018,,"6,8,23,32,33,41",https://www.minhchinh.com/xs-mega-645-ket-qua-mega-645-ngay-24-06-2018.html,24/06/2018,45425875500,Jackpot
300,Thứ 6,22/06/2018,,"15,19,20,26,34,39",https://www.minhchinh.com/xs-mega-645-ket-qua-mega-645-ngay-22-06-2018.html,22/06/2018,41341594500,
299,Thứ 4,20/06/2018,,"2,18,22,30,32,43",https://www.minhchinh.com/xs-mega-645-ket-qua-mega-645-ngay-20-06-2018.html,20/06/2018,37468041000,
298,Chủ Nhật,17/06/2018,,"3,5,6,7,34,40",https://www.minhchinh.com/xs-mega-645-ket-qua-mega-645-ngay-17-06-2018.html,17/06/2018,33489990000,
297,Thứ 6,15/06/2018,,"8,11,13,23,24,28",https://www.minhchinh.com/xs-mega-645-ket-qua-mega-645-ngay-15-06-2018.html,15/06/2018,29482556000,
296,Thứ 4,13/06/2018,,"2,4,17,24,31,40",https://www.minhchinh.com/xs-mega-645-ket-qua-mega-645-ngay-13-06-2018.html,13/06/2018,27102742000,
295,Chủ Nhật,10/06/2018,,"22,25,35,36,38,39",https://www.minhchinh.com/xs-mega-645-ket-qua-mega-645-ngay-10-06-2018.html,10/06/2018,24921544500,
294,Thứ 6,08/06/2018,,"4,13,32,35,40,42",https://www.minhchinh.com/xs-mega-645-ket-qua-mega-645-ngay-08-06-2018.html,08/06/2018,23018484500,
293,Thứ 4,06/06/2018,,"6,20,22,26,43,44",https://www.minhchinh.com/xs-mega-645-ket-qua-mega-645-ngay-06-06-2018.html,06/06/2018,21075967500,
292,Chủ Nhật,03/06/2018,,"18,20,24,40,42,45",https://www.minhchinh.com/xs-mega-645-ket-qua-mega-645-ngay-03-06-2018.html,03/06/2018,19111078500,
291,Thứ 6,01/06/2018,,"6,14,19,38,43,44",https://www.minhchinh.com/xs-mega-645-ket-qua-mega-645-ngay-01-06-2018.html,01/06/2018,17365309000,
290,Thứ 4,30/05/2018,,"2,17,19,27,31,36",https://www.minhchinh.com/xs-mega-645-ket-qua-mega-645-ngay-30-05-2018.html,30/05/2018,15627431500,
289,Chủ Nhật,27/05/2018,,"5,9,17,18,19,22",https://www.minhchinh.com/xs-mega-645-ket-qua-mega-645-ngay-27-05-2018.html,27/05/2018,13683452000,
288,Thứ 6,25/05/2018,,"5,14,22,26,29,39",https://www.minhchinh.com/xs-mega-645-ket-qua-mega-645-ngay-25-05-2018.html,25/05/2018,21696294500,Jackpot
287,Thứ 4,23/05/2018,,"13,16,25,34,37,41",https://www.minhchinh.com/xs-mega-645-ket-qua-mega-645-ngay-23-05-2018.html,23/05/2018,19682837500,
286,Chủ Nhật,20/05/2018,,"18,19,25,26,29,39",https://www.minhchinh.com/xs-mega-645-ket-qua-mega-645-ngay-20-05-2018.html,20/05/2018,17623253000,
285,Thứ 6,18/05/2018,,"3,18,24,29,30,35",https://www.minhchinh.com/xs-mega-645-ket-qua-mega-645-ngay-18-05-2018.html,18/05/2018,15871546000,
284,Thứ 4,16/05/2018,,"10,21,23,25,35,38",https://www.minhchinh.com/xs-mega-645-ket-qua-mega-645-ngay-16-05-2018.html,16/05/2018,13942069000,
283,Chủ Nhật,13/05/2018,,"6,11,16,18,27,41",https://www.minhchinh.com/xs-mega-645-ket-qua-mega-645-ngay-13-05-2018.html,13/05/2018,24928178500,Jackpot
282,Thứ 6,11/05/2018,,"10,11,26,29,33,38",https://www.minhchinh.com/xs-mega-645-ket-qua-mega-645-ngay-11-05-2018.html,11/05/2018,22525075500,
281,Thứ 4,09/05/2018,,"9,15,20,30,31,33",https://www.minhchinh.com/xs-mega-645-ket-qua-mega-645-ngay-09-05-2018.html,09/05/2018,20418869500,
280,Chủ Nhật,06/05/2018,,"11,26,28,34,36,37",https://www.minhchinh.com/xs-mega-645-ket-qua-mega-645-ngay-06-05-2018.html,06/05/2018,18190592000,
279,Thứ 6,04/05/2018,,"9,18,25,26,27,29",https://www.minhchinh.com/xs-mega-645-ket-qua-mega-645-ngay-04-05-2018.html,04/05/2018,16001414000,
278,Thứ 4,02/05/2018,,"10,11,22,29,37,40",https://www.minhchinh.com/xs-mega-645-ket-qua-mega-645-ngay-02-05-2018.html,02/05/2018,13991781000,
277,Chủ Nhật,29/04/2018,,"3,10,22,23,25,43",https://www.minhchinh.com/xs-mega-645-ket-qua-mega-645-ngay-29-04-2018.html,29/04/2018,43167500500,Jackpot
276,Thứ 6,27/04/2018,,"10,20,24,27,28,29",https://www.minhchinh.com/xs-mega-645-ket-qua-mega-645-ngay-27-04-2018.html,27/04/2018,38250538000,
275,Thứ 4,25/04/2018,,"4,15,17,23,29,43",https://www.minhchinh.com/xs-mega-645-ket-qua-mega-645-ngay-25-04-2018.html,25/04/2018,32795426500,
274,Chủ Nhật,22/04/2018,,"6,7,22,32,36,39",https://www.minhchinh.com/xs-mega-645-ket-qua-mega-645-ngay-22-04-2018.html,22/04/2018,29520435500,
273,Thứ 6,20/04/2018,,"6,9,14,30,33,42",https://www.minhchinh.com/xs-mega-645-ket-qua-mega-645-ngay-20-04-2018.html,20/04/2018,26951035500,
272,Thứ 4,18/04/2018,,"6,16,28,29,39,44",https://www.minhchinh.com/xs-mega-645-ket-qua-mega-645-ngay-18-04-2018.html,18/04/2018,24283540000,
271,Chủ Nhật,15/04/2018,,"3,9,13,20,30,34",https://www.minhchinh.com/xs-mega-645-ket-qua-mega-645-ngay-15-04-2018.html,15/04/2018,21625367000,
270,Thứ 6,13/04/2018,,"11,22,24,33,38,43",https://www.minhchinh.com/xs-mega-645-ket-qua-mega-645-ngay-13-04-2018.html,13/04/2018,19208849500,
269,Thứ 4,11/04/2018,,"7,20,23,25,26,39",https://www.minhchinh.com/xs-mega-645-ket-qua-mega-645-ngay-11-04-2018.html,11/04/2018,16698808500,
268,Chủ Nhật,08/04/2018,,"2,5,11,16,30,34",https://www.minhchinh.com/xs-mega-645-ket-qua-mega-645-ngay-08-04-2018.html,08/04/2018,14181136500,
267,Thứ 6,06/04/2018,,"1,7,8,9,36,40",https://www.minhchinh.com/xs-mega-645-ket-qua-mega-645-ngay-06-04-2018.html,06/04/2018,18950624000,Jackpot
266,Thứ 4,04/04/2018,,"2,3,6,16,41,44",https://www.minhchinh.com/xs-mega-645-ket-qua-mega-645-ngay-04-04-2018.html,04/04/2018,16610316000,
265,Chủ Nhật,01/04/2018,,"4,12,24,33,39,43",https://www.minhchinh.com/xs-mega-645-ket-qua-mega-645-ngay-01-04-2018.html,01/04/2018,14023275500,
264,Thứ 6,30/03/2018,,"7,11,18,28,34,43",https://www.minhchinh.com/xs-mega-645-ket-qua-mega-645-ngay-30-03-2018.html,30/03/2018,47232044000,Jackpot
263,Thứ 4,28/03/2018,,"12,18,31,34,35,42",https://www.minhchinh.com/xs-mega-645-ket-qua-mega-645-ngay-28-03-2018.html,28/03/2018,41045491000,
262,Chủ Nhật,25/03/2018,,"4,10,13,22,38,42",https://www.minhchinh.com/xs-mega-645-ket-qua-mega-645-ngay-25-03-2018.html,25/03/2018,35146443000,
261,Thứ 6,23/03/2018,,"3,6,12,22,26,35",https://www.minhchinh.com/xs-mega-645-ket-qua-mega-645-ngay-23-03-2018.html,23/03/2018,29771262500,
260,Thứ 4,21/03/2018,,"6,19,38,40,41,44",https://www.minhchinh.com/xs-mega-645-ket-qua-mega-645-ngay-21-03-2018.html,21/03/2018,24925558000,
259,Chủ Nhật,18/03/2018,,"14,21,24,28,31,40",https://www.minhchinh.com/xs-mega-645-ket-qua-mega-645-ngay-18-03-2018.html,18/03/2018,22126590500,
258,Thứ 6,16/03/2018,,"6,8,13,17,20,34",https://www.minhchinh.com/xs-mega-645-ket-qua-mega-645-ngay-16-03-2018.html,16/03/2018,19364868500,
257,Thứ 4,14/03/2018,,"12,21,23,27,31,34",https://www.minhchinh.com/xs-mega-645-ket-qua-mega-645-ngay-14-03-2018.html,14/03/2018,16816618000,
256,Chủ Nhật,11/03/2018,,"1,14,19,26,41,42",https://www.minhchinh.com/xs-mega-645-ket-qua-mega-645-ngay-11-03-2018.html,11/03/2018,14198696000,
255,Thứ 6,09/03/2018,,"5,10,13,19,25,44",https://www.minhchinh.com/xs-mega-645-ket-qua-mega-645-ngay-09-03-2018.html,09/03/2018,63703129500,Jackpot
254,Thứ 4,07/03/2018,,"8,19,25,31,37,40",https://www.minhchinh.com/xs-mega-645-ket-qua-mega-645-ngay-07-03-2018.html,07/03/2018,57077335000,
253,Chủ Nhật,04/03/2018,,"4,11,19,25,32,40",https://www.minhchinh.com/xs-mega-645-ket-qua-mega-645-ngay-04-03-2018.html,04/03/2018,50300808000,
252,Thứ 6,02/03/2018,,"3,7,15,27,41,45",https://www.minhchinh.com/xs-mega-645-ket-qua-mega-645-ngay-02-03-2018.html,02/03/2018,44207793500,
251,Thứ 4,28/02/2018,,"17,19,21,23,36,40",https://www.minhchinh.com/xs-mega-645-ket-qua-mega-645-ngay-28-02-2018.html,28/02/2018,38734509500,
250,Chủ Nhật,25/02/2018,,"8,10,12,29,30,42",https://www.minhchinh.com/xs-mega-645-ket-qua-mega-645-ngay-25-02-2018.html,25/02/2018,31977072000,
249,Thứ 6,23/02/2018,,"5,16,19,23,29,37",https://www.minhchinh.com/xs-mega-645-ket-qua-mega-645-ngay-23-02-2018.html,23/02/2018,25996836500,
248,Thứ 4,21/02/2018,,"18,23,24,26,29,33",https://www.minhchinh.com/xs-mega-645-ket-qua-mega-645-ngay-21-02-2018.html,21/02/2018,22715192500,
247,Chủ Nhật,18/02/2018,,"1,5,14,16,36,38",https://www.minhchinh.com/xs-mega-645-ket-qua-mega-645-ngay-18-02-2018.html,18/02/2018,19454641500,
246,Thứ 4,14/02/2018,,"12,31,32,34,35,43",https://www.minhchinh.com/xs-mega-645-ket-qua-mega-645-ngay-14-02-2018.html,14/02/2018,17174625000,
245,Chủ Nhật,11/02/2018,,"5,19,27,32,41,45",https://www.minhchinh.com/xs-mega-645-ket-qua-mega-645-ngay-11-02-2018.html,11/02/2018,14235832500,
244,Thứ 6,09/02/2018,,"2,10,14,19,23,37",https://www.minhchinh.com/xs-mega-645-ket-qua-mega-645-ngay-09-02-2018.html,09/02/2018,32015128500,Jackpot
243,Thứ 4,07/02/2018,,"5,7,18,26,30,36",https://www.minhchinh.com/xs-mega-645-ket-qua-mega-645-ngay-07-02-2018.html,07/02/2018,26011855000,
242,Chủ Nhật,04/02/2018,,"1,5,13,27,40,45",https://www.minhchinh.com/xs-mega-645-ket-qua-mega-645-ngay-04-02-2018.html,04/02/2018,22059937000,
241,Thứ 6,02/02/2018,,"2,7,14,28,42,45",https://www.minhchinh.com/xs-mega-645-ket-qua-mega-645-ngay-02-02-2018.html,02/02/2018,19227076000,
240,Thứ 4,31/01/2018,,"4,7,9,10,30,40",https://www.minhchinh.com/xs-mega-645-ket-qua-mega-645-ngay-31-01-2018.html,31/01/2018,16606785500,
239,Chủ Nhật,28/01/2018,,"12,26,27,33,36,37",https://www.minhchinh.com/xs-mega-645-ket-qua-mega-645-ngay-28-01-2018.html,28/01/2018,14144899000,
238,Thứ 6,26/01/2018,,"1,9,18,28,36,44",https://www.minhchinh.com/xs-mega-645-ket-qua-mega-645-ngay-26-01-2018.html,26/01/2018,75033798000,Jackpot
237,Thứ 4,24/01/2018,,"5,6,24,33,42,45",https://www.minhchinh.com/xs-mega-645-ket-qua-mega-645-ngay-24-01-2018.html,24/01/2018,67844710500,
236,Chủ Nhật,21/01/2018,,"1,10,11,24,32,37",https://www.minhchinh.com/xs-mega-645-ket-qua-mega-645-ngay-21-01-2018.html,21/01/2018,60521055500,
235,Thứ 6,19/01/2018,,"2,4,27,28,31,36",https://www.minhchinh.com/xs-mega-645-ket-qua-mega-645-ngay-19-01-2018.html,19/01/2018,53253948000,
234,Thứ 4,17/01/2018,,"9,10,12,22,27,41",https://www.minhchinh.com/xs-mega-645-ket-qua-mega-645-ngay-17-01-2018.html,17/01/2018,46117073000,
233,Chủ Nhật,14/01/2018,,"1,6,10,29,32,41",https://www.minhchinh.com/xs-mega-645-ket-qua-mega-645-ngay-14-01-2018.html,14/01/2018,38977908000,
232,Thứ 6,12/01/2018,,"4,8,17,23,27,34",https://www.minhchinh.com/xs-mega-645-ket-qua-mega-645-ngay-12-01-2018.html,12/01/2018,32458724000,
231,Thứ 4,10/01/2018,,"6,18,21,22,37,45",https://www.minhchinh.com/xs-mega-645-ket-qua-mega-645-ngay-10-01-2018.html,10/01/2018,26791424500,
230,Chủ Nhật,07/01/2018,,"4,6,11,13,24,31",https://www.minhchinh.com/xs-mega-645-ket-qua-mega-645-ngay-07-01-2018.html,07/01/2018,22694481500,
229,Thứ 6,05/01/2018,,"19,30,34,38,42,44",https://www.minhchinh.com/xs-mega-645-ket-qua-mega-645-ngay-05-01-2018.html,05/01/2018,20050529500,
228,Thứ 4,03/01/2018,,"8,14,19,30,33,35",https://www.minhchinh.com/xs-mega-645-ket-qua-mega-645-ngay-03-01-2018.html,03/01/2018,17039845000,
227,Chủ Nhật,31/12/2017,,"3,13,14,26,30,34",https://www.minhchinh.com/xs-mega-645-ket-qua-mega-645-ngay-31-12-2017.html,31/12/2017,14360960500,
226,Thứ 6,29/12/2017,,"2,8,17,20,29,39",https://www.minhchinh.com/xs-mega-645-ket-qua-mega-645-ngay-29-12-2017.html,29/12/2017,105541617500,Jackpot
225,Chủ Nhật,24/12/2017,,"1,5,9,14,30,31",https://www.minhchinh.com/xs-mega-645-ket-qua-mega-645-ngay-24-12-2017.html,24/12/2017,88529570000,
224,Thứ 6,22/12/2017,,"9,13,17,22,26,33",https://www.minhchinh.com/xs-mega-645-ket-qua-mega-645-ngay-22-12-2017.html,22/12/2017,80604750500,
223,Thứ 4,20/12/2017,,"3,8,25,37,40,42",https://www.minhchinh.com/xs-mega-645-ket-qua-mega-645-ngay-20-12-2017.html,20/12/2017,73379042500,
222,Chủ Nhật,17/12/2017,,"4,7,16,27,40,41",https://www.minhchinh.com/xs-mega-645-ket-qua-mega-645-ngay-17-12-2017.html,17/12/2017,65963106000,
221,Thứ 6,15/12/2017,,"13,14,17,24,28,43",https://www.minhchinh.com/xs-mega-645-ket-qua-mega-645-ngay-15-12-2017.html,15/12/2017,58946980500,
220,Thứ 4,13/12/2017,,"4,7,19,24,32,38",https://www.minhchinh.com/xs-mega-645-ket-qua-mega-645-ngay-13-12-2017.html,13/12/2017,52263301500,
219,Chủ Nhật,10/12/2017,,"27,36,39,43,44,45",https://www.minhchinh.com/xs-mega-645-ket-qua-mega-645-ngay-10-12-2017.html,10/12/2017,46141752000,
218,Thứ 6,08/12/2017,,"2,11,15,32,40,44",https://www.minhchinh.com/xs-mega-645-ket-qua-mega-645-ngay-08-12-2017.html,08/12/2017,40544388500,
217,Thứ 4,06/12/2017,,"3,7,29,31,34,43",https://www.minhchinh.com/xs-mega-645-ket-qua-mega-645-ngay-06-12-2017.html,06/12/2017,35307952000,
216,Chủ Nhật,03/12/2017,,"8,9,15,18,27,30",https://www.minhchinh.com/xs-mega-645-ket-qua-mega-645-ngay-03-12-2017.html,03/12/2017,30094115000,
215,Thứ 6,01/12/2017,,"10,19,30,35,39,45",https://www.minhchinh.com/xs-mega-645-ket-qua-mega-645-ngay-01-12-2017.html,01/12/2017,27156006000,
214,Thứ 4,29/11/2017,,"19,23,26,37,38,41",https://www.minhchinh.com/xs-mega-645-ket-qua-mega-645-ngay-29-11-2017.html,29/11/2017,24686239000,
213,Chủ Nhật,26/11/2017,,"4,12,17,19,23,34",https://www.minhchinh.com/xs-mega-645-ket-qua-mega-645-ngay-26-11-2017.html,26/11/2017,22050287500,
212,Thứ 6,24/11/2017,,"14,24,32,34,36,45",https://www.minhchinh.com/xs-mega-645-ket-qua-mega-645-ngay-24-11-2017.html,24/11/2017,19851922000,
211,Thứ 4,22/11/2017,,"5,6,9,23,27,35",https://www.minhchinh.com/xs-mega-645-ket-qua-mega-645-ngay-22-11-2017.html,22/11/2017,17737324500,
210,Chủ Nhật,19/11/2017,,"14,20,30,33,41,43",https://www.minhchinh.com/xs-mega-645-ket-qua-mega-645-ngay-19-11-2017.html,19/11/2017,15922069000,
209,Thứ 6,17/11/2017,,"11,13,18,19,31,45",https://www.minhchinh.com/xs-mega-645-ket-qua-mega-645-ngay-17-11-2017.html,17/11/2017,13915237000,
208,Thứ 4,15/11/2017,,"1,9,15,27,33,43",https://www.minhchinh.com/xs-mega-645-ket-qua-mega-645-ngay-15-11-2017.html,15/11/2017,20031482500,Jackpot
207,Chủ Nhật,12/11/2017,,"22,26,37,40,42,44",https://www.minhchinh.com/xs-mega-645-ket-qua-mega-645-ngay-12-11-2017.html,12/11/2017,17964388500,
206,Thứ 6,10/11/2017,,"1,4,19,21,24,35",https://www.minhchinh.com/xs-mega-645-ket-qua-mega-645-ngay-10-11-2017.html,10/11/2017,16076253000,
205,Thứ 4,08/11/2017,,"1,18,23,24,40,41",https://www.minhchinh.com/xs-mega-645-ket-qua-mega-645-ngay-08-11-2017.html,08/11/2017,14042946500,
204,Chủ Nhật,05/11/2017,,"3,17,38,39,41,44",https://www.minhchinh.com/xs-mega-645-ket-qua-mega-645-ngay-05-11-2017.html,05/11/2017,39508281500,Jackpot
203,Thứ 6,03/11/2017,,"7,17,20,22,29,44",https://www.minhchinh.com/xs-mega-645-ket-qua-mega-645-ngay-03-11-2017.html,03/11/2017,33963663500,
202,Thứ 4,01/11/2017,,"4,12,25,39,42,44",https://www.minhchinh.com/xs-mega-645-ket-qua-mega-645-ngay-01-11-2017.html,01/11/2017,28523607000,
201,Chủ Nhật,29/10/2017,,"1,5,28,31,44,45",https://www.minhchinh.com/xs-mega-645-ket-qua-mega-645-ngay-29-10-2017.html,29/10/2017,23994411500,
200,Thứ 6,27/10/2017,,"4,10,13,21,22,38",https://www.minhchinh.com/xs-mega-645-ket-qua-mega-645-ngay-27-10-2017.html,27/10/2017,21223116500,
199,Thứ 4,25/10/2017,,"12,17,23,25,34,38",https://www.minhchinh.com/xs-mega-645-ket-qua-mega-645-ngay-25-10-2017.html,25/10/2017,18660832500,
198,Chủ Nhật,22/10/2017,,"8,14,16,17,31,42",https://www.minhchinh.com/xs-mega-645-ket-qua-mega-645-ngay-22-10-2017.html,22/10/2017,16454311000,
197,Thứ 6,20/10/2017,,"2,18,25,33,36,42",https://www.minhchinh.com/xs-mega-645-ket-qua-mega-645-ngay-20-10-2017.html,20/10/2017,14044139000,
196,Thứ 4,18/10/2017,,"16,24,32,36,37,40",https://www.minhchinh.com/xs-mega-645-ket-qua-mega-645-ngay-18-10-2017.html,18/10/2017,49725546500,Jackpot
195,Chủ Nhật,15/10/2017,,"2,9,14,21,35,40",https://www.minhchinh.com/xs-mega-645-ket-qua-mega-645-ngay-15-10-2017.html,15/10/2017,43087021500,
194,Thứ 6,13/10/2017,,"10,13,20,21,25,36",https://www.minhchinh.com/xs-mega-645-ket-qua-mega-645-ngay-13-10-2017.html,13/10/2017,36463490000,
193,Thứ 4,11/10/2017,,"4,11,14,15,19,26",https://www.minhchinh.com/xs-mega-645-ket-qua-mega-645-ngay-11-10-2017.html,11/10/2017,30674931000,
192,Chủ Nhật,08/10/2017,,"8,16,24,27,35,39",https://www.minhchinh.com/xs-mega-645-ket-qua-mega-645-ngay-08-10-2017.html,08/10/2017,24467091000,
191,Thứ 6,06/10/2017,,"4,6,18,20,30,45",https://www.minhchinh.com/xs-mega-645-ket-qua-mega-645-ngay-06-10-2017.html,06/10/2017,22039395000,
190,Thứ 4,04/10/2017,,"4,5,9,19,37,44",https://www.minhchinh.com/xs-mega-645-ket-qua-mega-645-ngay-04-10-2017.html,04/10/2017,19277233000,
189,Chủ Nhật,01/10/2017,,"8,23,27,36,37,43",https://www.minhchinh.com/xs-mega-645-ket-qua-mega-645-ngay-01-10-2017.html,01/10/2017,16810782500,
188,Thứ 6,29/09/2017,,"23,28,30,35,37,42",https://www.minhchinh.com/xs-mega-645-ket-qua-mega-645-ngay-29-09-2017.html,29/09/2017,14386322000,
187,Thứ 4,27/09/2017,,"10,19,33,34,35,45",https://www.minhchinh.com/xs-mega-645-ket-qua-mega-645-ngay-27-09-2017.html,27/09/2017,112128144500,Jackpot
186,Chủ Nhật,24/09/2017,,"4,10,11,31,36,39",https://www.minhchinh.com/xs-mega-645-ket-qua-mega-645-ngay-24-09-2017.html,24/09/2017,97184052500,
185,Thứ 6,22/09/2017,,"5,16,21,31,37,41",https://www.minhchinh.com/xs-mega-645-ket-qua-mega-645-ngay-22-09-2017.html,22/09/2017,85794951000,
184,Thứ 4,20/09/2017,,"5,7,13,17,23,33",https://www.minhchinh.com/xs-mega-645-ket-qua-mega-645-ngay-20-09-2017.html,20/09/2017,76017619000,
183,Chủ Nhật,17/09/2017,,"6,11,15,16,37,40",https://www.minhchinh.com/xs-mega-645-ket-qua-mega-645-ngay-17-09-2017.html,17/09/2017,67928383500,
182,Thứ 6,15/09/2017,,"3,24,35,37,40,43",https://www.minhchinh.com/xs-mega-645-ket-qua-mega-645-ngay-15-09-2017.html,15/09/2017,59876865000,
181,Thứ 4,13/09/2017,,"3,8,19,35,38,40",https://www.minhchinh.com/xs-mega-645-ket-qua-mega-645-ngay-13-09-2017.html,13/09/2017,52375807500,
180,Chủ Nhật,10/09/2017,,"1,22,23,35,36,42",https://www.minhchinh.com/xs-mega-645-ket-qua-mega-645-ngay-10-09-2017.html,10/09/2017,45017827500,
179,Thứ 6,08/09/2017,,"2,15,17,32,41,44",https://www.minhchinh.com/xs-mega-645-ket-qua-mega-645-ngay-08-09-2017.html,08/09/2017,38078171000,
178,Thứ 4,06/09/2017,,"5,20,24,32,36,42",https://www.minhchinh.com/xs-mega-645-ket-qua-mega-645-ngay-06-09-2017.html,06/09/2017,32087827000,
177,Chủ Nhật,03/09/2017,,"5,6,26,28,35,43",https://www.minhchinh.com/xs-mega-645-ket-qua-mega-645-ngay-03-09-2017.html,03/09/2017,27593130000,
176,Thứ 6,01/09/2017,,"9,10,13,19,23,41",https://www.minhchinh.com/xs-mega-645-ket-qua-mega-645-ngay-01-09-2017.html,01/09/2017,24806172500,
175,Thứ 4,30/08/2017,,"5,8,11,28,35,41",https://www.minhchinh.com/xs-mega-645-ket-qua-mega-645-ngay-30-08-2017.html,30/08/2017,22072526500,
174,Chủ Nhật,27/08/2017,,"3,7,16,32,36,39",https://www.minhchinh.com/xs-mega-645-ket-qua-mega-645-ngay-27-08-2017.html,27/08/2017,19342630500,
173,Thứ 6,25/08/2017,,"2,7,12,27,40,44",https://www.minhchinh.com/xs-mega-645-ket-qua-mega-645-ngay-25-08-2017.html,25/08/2017,16843686500,
172,Thứ 4,23/08/2017,,"6,25,27,34,42,43",https://www.minhchinh.com/xs-mega-645-ket-qua-mega-645-ngay-23-08-2017.html,23/08/2017,14430230000,
171,Chủ Nhật,20/08/2017,,"5,15,18,21,37,45",https://www.minhchinh.com/xs-mega-645-ket-qua-mega-645-ngay-20-08-2017.html,20/08/2017,20196533500,Jackpot
170,Thứ 6,18/08/2017,,"3,4,18,22,34,37",https://www.minhchinh.com/xs-mega-645-ket-qua-mega-645-ngay-18-08-2017.html,18/08/2017,17211832000,
169,Thứ 4,16/08/2017,,"6,11,15,19,22,41",https://www.minhchinh.com/xs-mega-645-ket-qua-mega-645-ngay-16-08-2017.html,16/08/2017,14511266500,
168,Chủ Nhật,13/08/2017,,"1,3,6,7,16,18",https://www.minhchinh.com/xs-mega-645-ket-qua-mega-645-ngay-13-08-2017.html,13/08/2017,24355032000,Jackpot
167,Thứ 6,11/08/2017,,"1,12,19,35,36,41",https://www.minhchinh.com/xs-mega-645-ket-qua-mega-645-ngay-11-08-2017.html,11/08/2017,21279857000,
166,Thứ 4,09/08/2017,,"11,19,22,24,25,31",https://www.minhchinh.com/xs-mega-645-ket-qua-mega-645-ngay-09-08-2017.html,09/08/2017,18094934500,
165,Chủ Nhật,06/08/2017,,"2,9,10,11,21,43",https://www.minhchinh.com/xs-mega-645-ket-qua-mega-645-ngay-06-08-2017.html,06/08/2017,14758481000,
164,Thứ 6,04/08/2017,,"3,12,13,23,26,37",https://www.minhchinh.com/xs-mega-645-ket-qua-mega-645-ngay-04-08-2017.html,04/08/2017,36385680000,Jackpot
163,Thứ 4,02/08/2017,,"7,10,17,26,28,43",https://www.minhchinh.com/xs-mega-645-ket-qua-mega-645-ngay-02-08-2017.html,02/08/2017,31526653500,
162,Chủ Nhật,30/07/2017,,"8,17,24,35,41,44",https://www.minhchinh.com/xs-mega-645-ket-qua-mega-645-ngay-30-07-2017.html,30/07/2017,27215847000,
161,Thứ 6,28/07/2017,,"1,4,9,26,35,39",https://www.minhchinh.com/xs-mega-645-ket-qua-mega-645-ngay-28-07-2017.html,28/07/2017,22841331000,
160,Thứ 4,26/07/2017,,"9,26,27,30,40,44",https://www.minhchinh.com/xs-mega-645-ket-qua-mega-645-ngay-26-07-2017.html,26/07/2017,18997393000,
159,Chủ Nhật,23/07/2017,,"7,9,13,21,28,39",https://www.minhchinh.com/xs-mega-645-ket-qua-mega-645-ngay-23-07-2017.html,23/07/2017,14699647500,
158,Thứ 6,21/07/2017,,"5,6,9,15,19,32",https://www.minhchinh.com/xs-mega-645-ket-qua-mega-645-ngay-21-07-2017.html,21/07/2017,14103027500,Jackpot
157,Thứ 4,19/07/2017,,"4,7,13,20,35,44",https://www.minhchinh.com/xs-mega-645-ket-qua-mega-645-ngay-19-07-2017.html,19/07/2017,131916845500,Jackpot
156,Chủ Nhật,16/07/2017,,"2,10,27,29,37,39",https://www.minhchinh.com/xs-mega-645-ket-qua-mega-645-ngay-16-07-2017.html,16/07/2017,107310536500,
155,Thứ 6,14/07/2017,,"2,13,19,24,25,33",https://www.minhchinh.com/xs-mega-645-ket-qua-mega-645-ngay-14-07-2017.html,14/07/2017,89529309000,
154,Thứ 4,12/07/2017,,"5,9,14,15,26,42",https://www.minhchinh.com/xs-mega-645-ket-qua-mega-645-ngay-12-07-2017.html,12/07/2017,75739875000,
153,Chủ Nhật,09/07/2017,,"1,9,14,18,25,28",https://www.minhchinh.com/xs-mega-645-ket-qua-mega-645-ngay-09-07-2017.html,09/07/2017,62125331000,
152,Thứ 6,07/07/2017,,"4,19,22,30,34,35",https://www.minhchinh.com/xs-mega-645-ket-qua-mega-645-ngay-07-07-2017.html,07/07/2017,51353669500,
151,Thứ 4,05/07/2017,,"1,4,16,31,37,40",https://www.minhchinh.com/xs-mega-645-ket-qua-mega-645-ngay-05-07-2017.html,05/07/2017,41307196000,
150,Chủ Nhật,02/07/2017,,"1,5,7,16,19,44",https://www.minhchinh.com/xs-mega-645-ket-qua-mega-645-ngay-02-07-2017.html,02/07/2017,31480779500,
149,Thứ 6,30/06/2017,,"1,7,10,38,40,42",https://www.minhchinh.com/xs-mega-645-ket-qua-mega-645-ngay-30-06-2017.html,30/06/2017,26077564500,
148,Thứ 4,28/06/2017,,"2,6,21,28,39,40",https://www.minhchinh.com/xs-mega-645-ket-qua-mega-645-ngay-28-06-2017.html,28/06/2017,22045991000,
147,Chủ Nhật,25/06/2017,,"3,14,33,38,42,44",https://www.minhchinh.com/xs-mega-645-ket-qua-mega-645-ngay-25-06-2017.html,25/06/2017,18213880500,
146,Thứ 6,23/06/2017,,"9,10,21,37,40,42",https://www.minhchinh.com/xs-mega-645-ket-qua-mega-645-ngay-23-06-2017.html,23/06/2017,14933472500,
145,Thứ 4,21/06/2017,,"9,26,29,30,35,37",https://www.minhchinh.com/xs-mega-645-ket-qua-mega-645-ngay-21-06-2017.html,21/06/2017,21487564000,Jackpot
144,Chủ Nhật,18/06/2017,,"2,8,12,14,16,26",https://www.minhchinh.com/xs-mega-645-ket-qua-mega-645-ngay-18-06-2017.html,18/06/2017,17199957500,
143,Thứ 6,16/06/2017,,"6,10,17,21,27,38",https://www.minhchinh.com/xs-mega-645-ket-qua-mega-645-ngay-16-06-2017.html,16/06/2017,14665599500,
142,Thứ 4,14/06/2017,,"5,8,15,25,31,35",https://www.minhchinh.com/xs-mega-645-ket-qua-mega-645-ngay-14-06-2017.html,14/06/2017,82060579000,Jackpot
141,Chủ Nhật,11/06/2017,,"5,6,11,14,32,33",https://www.minhchinh.com/xs-mega-645-ket-qua-mega-645-ngay-11-06-2017.html,11/06/2017,68224154000,
140,Thứ 6,09/06/2017,,"7,15,19,24,32,42",https://www.minhchinh.com/xs-mega-645-ket-qua-mega-645-ngay-09-06-2017.html,09/06/2017,56519820000,
139,Thứ 4,07/06/2017,,"5,6,13,29,35,44",https://www.minhchinh.com/xs-mega-645-ket-qua-mega-645-ngay-07-06-2017.html,07/06/2017,46118017000,
138,Chủ Nhật,04/06/2017,,"1,9,23,32,34,35",https://www.minhchinh.com/xs-mega-645-ket-qua-mega-645-ngay-04-06-2017.html,04/06/2017,35585407000,
137,Thứ 6,02/06/2017,,"5,13,16,32,39,41",https://www.minhchinh.com/xs-mega-645-ket-qua-mega-645-ngay-02-06-2017.html,02/06/2017,26998153000,
136,Thứ 4,31/05/2017,,"7,13,16,30,37,44",https://www.minhchinh.com/xs-mega-645-ket-qua-mega-645-ngay-31-05-2017.html,31/05/2017,22304986000,
135,Chủ Nhật,28/05/2017,,"2,7,17,24,31,44",https://www.minhchinh.com/xs-mega-645-ket-qua-mega-645-ngay-28-05-2017.html,28/05/2017,17885440000,
134,Thứ 6,26/05/2017,,"6,8,25,39,40,45",https://www.minhchinh.com/xs-mega-645-ket-qua-mega-645-ngay-26-05-2017.html,26/05/2017,14713507000,
133,Thứ 4,24/05/2017,,"8,20,25,27,30,33",https://www.minhchinh.com/xs-mega-645-ket-qua-mega-645-ngay-24-05-2017.html,24/05/2017,112477419000,Jackpot
132,Chủ Nhật,21/05/2017,,"11,14,17,22,27,42",https://www.minhchinh.com/xs-mega-645-ket-qua-mega-645-ngay-21-05-2017.html,21/05/2017,86669528000,
131,Thứ 6,19/05/2017,,"1,8,18,28,30,33",https://www.minhchinh.com/xs-mega-645-ket-qua-mega-645-ngay-19-05-2017.html,19/05/2017,69744001500,
130,Thứ 4,17/05/2017,,"7,8,11,18,23,42",https://www.minhchinh.com/xs-mega-645-ket-qua-mega-645-ngay-17-05-2017.html,17/05/2017,55971817000,
129,Chủ Nhật,14/05/2017,,"13,15,17,21,25,40",https://www.minhchinh.com/xs-mega-645-ket-qua-mega-645-ngay-14-05-2017.html,14/05/2017,43072266500,
128,Thứ 6,12/05/2017,,"1,27,35,42,43,45",https://www.minhchinh.com/xs-mega-645-ket-qua-mega-645-ngay-12-05-2017.html,12/05/2017,33883918000,
127,Thứ 4,10/05/2017,,"7,17,21,29,40,44",https://www.minhchinh.com/xs-mega-645-ket-qua-mega-645-ngay-10-05-2017.html,10/05/2017,25768903500,
126,Chủ Nhật,07/05/2017,,"1,7,28,32,44,45",https://www.minhchinh.com/xs-mega-645-ket-qua-mega-645-ngay-07-05-2017.html,07/05/2017,21030978000,
125,Thứ 6,05/05/2017,,"4,9,12,32,36,43",https://www.minhchinh.com/xs-mega-645-ket-qua-mega-645-ngay-05-05-2017.html,05/05/2017,17450444500,
124,Thứ 4,03/05/2017,,"3,19,20,21,25,45",https://www.minhchinh.com/xs-mega-645-ket-qua-mega-645-ngay-03-05-2017.html,03/05/2017,14671443000,
123,Chủ Nhật,30/04/2017,,"2,6,8,11,12,25",https://www.minhchinh.com/xs-mega-645-ket-qua-mega-645-ngay-30-04-2017.html,30/04/2017,37930392500,Jackpot
122,Thứ 6,28/04/2017,,"2,9,11,12,15,23",https://www.minhchinh.com/xs-mega-645-ket-qua-mega-645-ngay-28-04-2017.html,28/04/2017,30392235000,
121,Thứ 4,26/04/2017,,"14,16,17,20,35,39",https://www.minhchinh.com/xs-mega-645-ket-qua-mega-645-ngay-26-04-2017.html,26/04/2017,27142731500,
120,Chủ Nhật,23/04/2017,,"13,17,22,30,31,43",https://www.minhchinh.com/xs-mega-645-ket-qua-mega-645-ngay-23-04-2017.html,23/04/2017,22460863000,
119,Thứ 6,21/04/2017,,"7,8,15,30,32,39",https://www.minhchinh.com/xs-mega-645-ket-qua-mega-645-ngay-21-04-2017.html,21/04/2017,18574303000,
118,Thứ 4,19/04/2017,,"19,20,32,33,38,44",https://www.minhchinh.com/xs-mega-645-ket-qua-mega-645-ngay-19-04-2017.html,19/04/2017,15289489000,
117,Chủ Nhật,16/04/2017,,"6,7,18,29,32,44",https://www.minhchinh.com/xs-mega-645-ket-qua-mega-645-ngay-16-04-2017.html,16/04/2017,21551860500,Jackpot
116,Thứ 6,14/04/2017,,"4,5,10,33,36,38",https://www.minhchinh.com/xs-mega-645-ket-qua-mega-645-ngay-14-04-2017.html,14/04/2017,18396351500,
115,Thứ 4,12/04/2017,,"2,3,8,13,19,41",https://www.minhchinh.com/xs-mega-645-ket-qua-mega-645-ngay-12-04-2017.html,12/04/2017,15061131500,
114,Chủ Nhật,09/04/2017,,"5,8,21,25,26,37",https://www.minhchinh.com/xs-mega-645-ket-qua-mega-645-ngay-09-04-2017.html,09/04/2017,23260825500,Jackpot
113,Thứ 6,07/04/2017,,"4,5,16,17,32,40",https://www.minhchinh.com/xs-mega-645-ket-qua-mega-645-ngay-07-04-2017.html,07/04/2017,19215805000,
112,Thứ 4,05/04/2017,,"13,14,20,21,23,33",https://www.minhchinh.com/xs-mega-645-ket-qua-mega-645-ngay-05-04-2017.html,05/04/2017,15738450500,
111,Chủ Nhật,02/04/2017,,"3,5,7,12,27,33",https://www.minhchinh.com/xs-mega-645-ket-qua-mega-645-ngay-02-04-2017.html,02/04/2017,27757861500,Jackpot
110,Thứ 6,31/03/2017,,"1,4,5,11,20,30",https://www.minhchinh.com/xs-mega-645-ket-qua-mega-645-ngay-31-03-2017.html,31/03/2017,22599497500,
109,Thứ 4,29/03/2017,,"4,5,24,26,28,37",https://www.minhchinh.com/xs-mega-645-ket-qua-mega-645-ngay-29-03-2017.html,29/03/2017,18913358000,
108,Chủ Nhật,26/03/2017,,"6,12,23,25,29,43",https://www.minhchinh.com/xs-mega-645-ket-qua-mega-645-ngay-26-03-2017.html,26/03/2017,14932069000,
107,Thứ 6,24/03/2017,,"10,14,30,32,37,42",https://www.minhchinh.com/xs-mega-645-ket-qua-mega-645-ngay-24-03-2017.html,24/03/2017,24369075000,Jackpot
106,Thứ 4,22/03/2017,,"1,9,24,28,33,36",https://www.minhchinh.com/xs-mega-645-ket-qua-mega-645-ngay-22-03-2017.html,22/03/2017,20053374000,
105,Chủ Nhật,19/03/2017,,"1,2,6,12,31,36",https://www.minhchinh.com/xs-mega-645-ket-qua-mega-645-ngay-19-03-2017.html,19/03/2017,15514249500,
104,Thứ 6,17/03/2017,,"7,12,24,43,44,45",https://www.minhchinh.com/xs-mega-645-ket-qua-mega-645-ngay-17-03-2017.html,17/03/2017,43029075000,Jackpot
103,Thứ 4,15/03/2017,,"3,9,10,31,32,40",https://www.minhchinh.com/xs-mega-645-ket-qua-mega-645-ngay-15-03-2017.html,15/03/2017,32528800000,
102,Chủ Nhật,12/03/2017,,"6,11,30,32,35,42",https://www.minhchinh.com/xs-mega-645-ket-qua-mega-645-ngay-12-03-2017.html,12/03/2017,25751732000,
101,Thứ 6,10/03/2017,,"4,9,21,27,38,44",https://www.minhchinh.com/xs-mega-645-ket-qua-mega-645-ngay-10-03-2017.html,10/03/2017,20691602500,
100,Thứ 4,08/03/2017,,"5,11,14,20,32,42",https://www.minhchinh.com/xs-mega-645-ket-qua-mega-645-ngay-08-03-2017.html,08/03/2017,16235308500,
99,Chủ Nhật,05/03/2017,,"18,21,24,26,39,45",https://www.minhchinh.com/xs-mega-645-ket-qua-mega-645-ngay-05-03-2017.html,05/03/2017,20208845500,Jackpot
98,Thứ 6,03/03/2017,,"2,4,13,22,23,41",https://www.minhchinh.com/xs-mega-645-ket-qua-mega-645-ngay-03-03-2017.html,03/03/2017,15908249000,
97,Thứ 4,01/03/2017,,"3,4,26,30,35,44",https://www.minhchinh.com/xs-mega-645-ket-qua-mega-645-ngay-01-03-2017.html,01/03/2017,41241151500,Jackpot
96,Chủ Nhật,26/02/2017,,"7,11,16,19,38,39",https://www.minhchinh.com/xs-mega-645-ket-qua-mega-645-ngay-26-02-2017.html,26/02/2017,28881350000,
95,Thứ 6,24/02/2017,,"2,4,19,23,44,45",https://www.minhchinh.com/xs-mega-645-ket-qua-mega-645-ngay-24-02-2017.html,24/02/2017,22067968000,
94,Thứ 4,22/02/2017,,"1,3,8,18,28,42",https://www.minhchinh.com/xs-mega-645-ket-qua-mega-645-ngay-22-02-2017.html,22/02/2017,17094590500,
93,Chủ Nhật,19/02/2017,,"1,17,24,25,33,35",https://www.minhchinh.com/xs-mega-645-ket-qua-mega-645-ngay-19-02-2017.html,19/02/2017,41655369000,Jackpot
92,Thứ 6,17/02/2017,,"12,15,25,27,37,41",https://www.minhchinh.com/xs-mega-645-ket-qua-mega-645-ngay-17-02-2017.html,17/02/2017,30113481000,
91,Thứ 4,15/02/2017,,"4,16,19,27,29,30",https://www.minhchinh.com/xs-mega-645-ket-qua-mega-645-ngay-15-02-2017.html,15/02/2017,22068008000,
90,Chủ Nhật,12/02/2017,,"4,6,12,21,23,28",https://www.minhchinh.com/xs-mega-645-ket-qua-mega-645-ngay-12-02-2017.html,12/02/2017,16293746000,
89,Thứ 6,10/02/2017,,"2,6,10,13,20,28",https://www.minhchinh.com/xs-mega-645-ket-qua-mega-645-ngay-10-02-2017.html,10/02/2017,31054352000,Jackpot
88,Thứ 4,08/02/2017,,"15,26,29,32,34,38",https://www.minhchinh.com/xs-mega-645-ket-qua-mega-645-ngay-08-02-2017.html,08/02/2017,23731260500,
87,Chủ Nhật,05/02/2017,,"1,11,26,29,34,40",https://www.minhchinh.com/xs-mega-645-ket-qua-mega-645-ngay-05-02-2017.html,05/02/2017,17097119000,
86,Thứ 6,03/02/2017,,"8,17,31,32,33,39",https://www.minhchinh.com/xs-mega-645-ket-qua-mega-645-ngay-03-02-2017.html,03/02/2017,22224383000,Jackpot
85,Thứ 4,01/02/2017,,"2,10,11,18,22,33",https://www.minhchinh.com/xs-mega-645-ket-qua-mega-645-ngay-01-02-2017.html,01/02/2017,16621416500,
84,Chủ Nhật,29/01/2017,,"5,13,21,27,29,45",https://www.minhchinh.com/xs-mega-645-ket-qua-mega-645-ngay-29-01-2017.html,29/01/2017,75850074500,Jackpot
83,Thứ 4,25/01/2017,,"6,9,14,18,28,30",https://www.minhchinh.com/xs-mega-645-ket-qua-mega-645-ngay-25-01-2017.html,25/01/2017,59055061500,
82,Chủ Nhật,22/01/2017,,"1,20,21,22,26,29",https://www.minhchinh.com/xs-mega-645-ket-qua-mega-645-ngay-22-01-2017.html,22/01/2017,44064415000,
81,Thứ 6,20/01/2017,,"1,11,31,32,34,37",https://www.minhchinh.com/xs-mega-645-ket-qua-mega-645-ngay-20-01-2017.html,20/01/2017,31062333000,
80,Thứ 4,18/01/2017,,"11,22,26,28,35,43",https://www.minhchinh.com/xs-mega-645-ket-qua-mega-645-ngay-18-01-2017.html,18/01/2017,24189181500,
79,Chủ Nhật,15/01/2017,,"5,25,27,29,31,43",https://www.minhchinh.com/xs-mega-645-ket-qua-mega-645-ngay-15-01-2017.html,15/01/2017,17152877000,
78,Thứ 6,13/01/2017,,"12,24,29,32,37,39",https://www.minhchinh.com/xs-mega-645-ket-qua-mega-645-ngay-13-01-2017.html,13/01/2017,17491608500,Jackpot
77,Thứ 4,11/01/2017,,"2,8,21,29,37,45",https://www.minhchinh.com/xs-mega-645-ket-qua-mega-645-ngay-11-01-2017.html,11/01/2017,28747032500,Jackpot
76,Chủ Nhật,08/01/2017,,"12,18,29,32,39,45",https://www.minhchinh.com/xs-mega-645-ket-qua-mega-645-ngay-08-01-2017.html,08/01/2017,18718983500,
75,Thứ 6,06/01/2017,,"22,30,34,36,43,45",https://www.minhchinh.com/xs-mega-645-ket-qua-mega-645-ngay-06-01-2017.html,06/01/2017,30531270500,Jackpot
74,Thứ 4,04/01/2017,,"4,19,25,27,29,31",https://www.minhchinh.com/xs-mega-645-ket-qua-mega-645-ngay-04-01-2017.html,04/01/2017,20148356500,
73,Chủ Nhật,01/01/2017,,"9,18,24,33,36,39",https://www.minhchinh.com/xs-mega-645-ket-qua-mega-645-ngay-01-01-2017.html,01/01/2017,48794185000,Jackpot
72,Thứ 6,30/12/2016,,"7,23,27,29,35,37",https://www.minhchinh.com/xs-mega-645-ket-qua-mega-645-ngay-30-12-2016.html,30/12/2016,33158297500,
71,Thứ 4,28/12/2016,,"2,22,25,33,38,43",https://www.minhchinh.com/xs-mega-645-ket-qua-mega-645-ngay-28-12-2016.html,28/12/2016,21524698500,
70,Chủ Nhật,25/12/2016,,"5,12,20,29,34,36",https://www.minhchinh.com/xs-mega-645-ket-qua-mega-645-ngay-25-12-2016.html,25/12/2016,159232985000,Jackpot
69,Thứ 6,23/12/2016,,"1,17,24,25,37,43",https://www.minhchinh.com/xs-mega-645-ket-qua-mega-645-ngay-23-12-2016.html,23/12/2016,126099475000,
68,Thứ 4,21/12/2016,,"3,6,12,14,18,40",https://www.minhchinh.com/xs-mega-645-ket-qua-mega-645-ngay-21-12-2016.html,21/12/2016,98384793500,
67,Chủ Nhật,18/12/2016,,"3,7,30,32,41,43",https://www.minhchinh.com/xs-mega-645-ket-qua-mega-645-ngay-18-12-2016.html,18/12/2016,73843316500,
66,Thứ 6,16/12/2016,,"5,8,33,34,39,44",https://www.minhchinh.com/xs-mega-645-ket-qua-mega-645-ngay-16-12-2016.html,16/12/2016,57376762500,
65,Thứ 4,14/12/2016,,"5,6,12,16,26,30",https://www.minhchinh.com/xs-mega-645-ket-qua-mega-645-ngay-14-12-2016.html,14/12/2016,42627154000,
64,Chủ Nhật,11/12/2016,,"2,3,4,5,22,24",https://www.minhchinh.com/xs-mega-645-ket-qua-mega-645-ngay-11-12-2016.html,11/12/2016,26567247500,
63,Thứ 6,09/12/2016,,"11,12,15,17,21,26",https://www.minhchinh.com/xs-mega-645-ket-qua-mega-645-ngay-09-12-2016.html,09/12/2016,18528083000,
62,Thứ 4,07/12/2016,,"13,23,27,28,32,45",https://www.minhchinh.com/xs-mega-645-ket-qua-mega-645-ngay-07-12-2016.html,07/12/2016,69582180000,Jackpot
61,Chủ Nhật,04/12/2016,,"3,5,13,27,38,44",https://www.minhchinh.com/xs-mega-645-ket-qua-mega-645-ngay-04-12-2016.html,04/12/2016,49357581000,
60,Thứ 6,02/12/2016,,"17,26,33,34,37,42",https://www.minhchinh.com/xs-mega-645-ket-qua-mega-645-ngay-02-12-2016.html,02/12/2016,34053459000,
59,Thứ 4,30/11/2016,,"6,15,17,20,23,41",https://www.minhchinh.com/xs-mega-645-ket-qua-mega-645-ngay-30-11-2016.html,30/11/2016,21722316000,
58,Chủ Nhật,27/11/2016,,"12,16,17,18,22,30",https://www.minhchinh.com/xs-mega-645-ket-qua-mega-645-ngay-27-11-2016.html,27/11/2016,54886916500,Jackpot
57,Thứ 6,25/11/2016,,"3,4,25,31,37,40",https://www.minhchinh.com/xs-mega-645-ket-qua-mega-645-ngay-25-11-2016.html,25/11/2016,37849277000,
56,Thứ 4,23/11/2016,,"2,22,23,24,28,37",https://www.minhchinh.com/xs-mega-645-ket-qua-mega-645-ngay-23-11-2016.html,23/11/2016,22673898000,
55,Chủ Nhật,20/11/2016,,"9,23,33,38,41,42",https://www.minhchinh.com/xs-mega-645-ket-qua-mega-645-ngay-20-11-2016.html,20/11/2016,56100126000,Jackpot
54,Thứ 6,18/11/2016,,"11,12,16,24,26,31",https://www.minhchinh.com/xs-mega-645-ket-qua-mega-645-ngay-18-11-2016.html,18/11/2016,38611602000,
53,Thứ 4,16/11/2016,,"1,9,17,28,43,44",https://www.minhchinh.com/xs-mega-645-ket-qua-mega-645-ngay-16-11-2016.html,16/11/2016,23092467000,
52,Chủ Nhật,13/11/2016,,"11,23,25,34,36,45",https://www.minhchinh.com/xs-mega-645-ket-qua-mega-645-ngay-13-11-2016.html,13/11/2016,71066641000,Jackpot
51,Thứ 6,11/11/2016,,"10,17,22,23,30,36",https://www.minhchinh.com/xs-mega-645-ket-qua-mega-645-ngay-11-11-2016.html,11/11/2016,54743403000,
50,Thứ 4,09/11/2016,,"2,10,14,24,25,30",https://www.minhchinh.com/xs-mega-645-ket-qua-mega-645-ngay-09-11-2016.html,09/11/2016,38977855000,
49,Chủ Nhật,06/11/2016,,"4,15,16,20,26,41",https://www.minhchinh.com/xs-mega-645-ket-qua-mega-645-ngay-06-11-2016.html,06/11/2016,23252753000,
48,Thứ 6,04/11/2016,,"5,13,22,24,28,32",https://www.minhchinh.com/xs-mega-645-ket-qua-mega-645-ngay-04-11-2016.html,04/11/2016,17235306000,
47,Thứ 4,02/11/2016,,"3,5,8,10,13,22",https://www.minhchinh.com/xs-mega-645-ket-qua-mega-645-ngay-02-11-2016.html,02/11/2016,64808542500,Jackpot
46,Chủ Nhật,30/10/2016,,"7,12,25,28,40,44",https://www.minhchinh.com/xs-mega-645-ket-qua-mega-645-ngay-30-10-2016.html,30/10/2016,52703398000,
45,Thứ 6,28/10/2016,,"10,11,13,14,16,38",https://www.minhchinh.com/xs-mega-645-ket-qua-mega-645-ngay-28-10-2016.html,28/10/2016,42928404000,
44,Thứ 4,26/10/2016,,"1,8,16,18,21,28",https://www.minhchinh.com/xs-mega-645-ket-qua-mega-645-ngay-26-10-2016.html,26/10/2016,32312328000,
43,Chủ Nhật,23/10/2016,,"2,5,12,21,22,40",https://www.minhchinh.com/xs-mega-645-ket-qua-mega-645-ngay-23-10-2016.html,23/10/2016,22362082500,
42,Thứ 6,21/10/2016,,"16,17,30,32,34,38",https://www.minhchinh.com/xs-mega-645-ket-qua-mega-645-ngay-21-10-2016.html,21/10/2016,17842703500,
41,Thứ 4,19/10/2016,,"2,13,15,17,18,41",https://www.minhchinh.com/xs-mega-645-ket-qua-mega-645-ngay-19-10-2016.html,19/10/2016,14659178500,
40,Chủ Nhật,16/10/2016,,"5,21,31,33,38,42",https://www.minhchinh.com/xs-mega-645-ket-qua-mega-645-ngay-16-10-2016.html,16/10/2016,92030182500,Jackpot
39,Thứ 6,14/10/2016,,"3,7,9,18,28,39",https://www.minhchinh.com/xs-mega-645-ket-qua-mega-645-ngay-14-10-2016.html,14/10/2016,87558225500,
38,Thứ 4,12/10/2016,,"2,8,15,16,19,25",https://www.minhchinh.com/xs-mega-645-ket-qua-mega-645-ngay-12-10-2016.html,12/10/2016,84060767000,
37,Chủ Nhật,09/10/2016,,"2,15,20,32,33,44",https://www.minhchinh.com/xs-mega-645-ket-qua-mega-645-ngay-09-10-2016.html,09/10/2016,79596879500,
36,Thứ 6,07/10/2016,,"24,25,27,34,44,45",https://www.minhchinh.com/xs-mega-645-ket-qua-mega-645-ngay-07-10-2016.html,07/10/2016,75539052000,
35,Thứ 4,05/10/2016,,"5,6,19,31,42,44",https://www.minhchinh.com/xs-mega-645-ket-qua-mega-645-ngay-05-10-2016.html,05/10/2016,71430098000,
34,Chủ Nhật,02/10/2016,,"16,23,27,34,35,38",https://www.minhchinh.com/xs-mega-645-ket-qua-mega-645-ngay-02-10-2016.html,02/10/2016,67219887000,
33,Thứ 6,30/09/2016,,"6,20,30,38,40,45",https://www.minhchinh.com/xs-mega-645-ket-qua-mega-645-ngay-30-09-2016.html,30/09/2016,64193390500,
32,Thứ 4,28/09/2016,,"3,6,17,21,32,40",https://www.minhchinh.com/xs-mega-645-ket-qua-mega-645-ngay-28-09-2016.html,28/09/2016,60841799500,
31,Chủ Nhật,25/09/2016,,"1,20,28,32,42,44",https://www.minhchinh.com/xs-mega-645-ket-qua-mega-645-ngay-25-09-2016.html,25/09/2016,57057357500,
30,Thứ 6,23/09/2016,,"8,14,19,29,30,40",https://www.minhchinh.com/xs-mega-645-ket-qua-mega-645-ngay-23-09-2016.html,23/09/2016,53733170500,
29,Thứ 4,21/09/2016,,"5,12,15,30,37,41",https://www.minhchinh.com/xs-mega-645-ket-qua-mega-645-ngay-21-09-2016.html,21/09/2016,50637656500,
28,Chủ Nhật,18/09/2016,,"7,10,17,20,25,32",https://www.minhchinh.com/xs-mega-645-ket-qua-mega-645-ngay-18-09-2016.html,18/09/2016,47104438000,
27,Thứ 6,16/09/2016,,"4,5,6,23,31,34",https://www.minhchinh.com/xs-mega-645-ket-qua-mega-645-ngay-16-09-2016.html,16/09/2016,44453054500,
26,Thứ 4,14/09/2016,,"2,11,14,23,25,32",https://www.minhchinh.com/xs-mega-645-ket-qua-mega-645-ngay-14-09-2016.html,14/09/2016,41528788000,
25,Chủ Nhật,11/09/2016,,"6,9,10,18,20,31",https://www.minhchinh.com/xs-mega-645-ket-qua-mega-645-ngay-11-09-2016.html,11/09/2016,38971774000,
24,Thứ 6,09/09/2016,,"7,13,16,18,31,32",https://www.minhchinh.com/xs-mega-645-ket-qua-mega-645-ngay-09-09-2016.html,09/09/2016,36597883000,
23,Thứ 4,07/09/2016,,"6,8,12,13,15,19",https://www.minhchinh.com/xs-mega-645-ket-qua-mega-645-ngay-07-09-2016.html,07/09/2016,34202887000,
22,Chủ Nhật,04/09/2016,,"11,15,20,24,27,45",https://www.minhchinh.com/xs-mega-645-ket-qua-mega-645-ngay-04-09-2016.html,04/09/2016,32087986000,
21,Thứ 6,02/09/2016,,"9,13,24,35,36,41",https://www.minhchinh.com/xs-mega-645-ket-qua-mega-645-ngay-02-09-2016.html,02/09/2016,29958428500,
20,Thứ 4,31/08/2016,,"8,20,21,31,34,39",https://www.minhchinh.com/xs-mega-645-ket-qua-mega-645-ngay-31-08-2016.html,31/08/2016,27868784500,
19,Chủ Nhật,28/08/2016,,"4,6,10,15,16,44",https://www.minhchinh.com/xs-mega-645-ket-qua-mega-645-ngay-28-08-2016.html,28/08/2016,25624053000,
18,Thứ 6,26/08/2016,,"10,36,39,43,44,45",https://www.minhchinh.com/xs-mega-645-ket-qua-mega-645-ngay-26-08-2016.html,26/08/2016,24214106500,
17,Thứ 4,24/08/2016,,"8,17,21,23,36,40",https://www.minhchinh.com/xs-mega-645-ket-qua-mega-645-ngay-24-08-2016.html,24/08/2016,23139377500,
16,Chủ Nhật,21/08/2016,,"13,21,24,25,29,44",https://www.minhchinh.com/xs-mega-645-ket-qua-mega-645-ngay-21-08-2016.html,21/08/2016,21982877500,
15,Thứ 6,19/08/2016,,"11,12,17,33,34,36",https://www.minhchinh.com/xs-mega-645-ket-qua-mega-645-ngay-19-08-2016.html,19/08/2016,21032293000,
14,Thứ 4,17/08/2016,,"2,4,9,19,21,26",https://www.minhchinh.com/xs-mega-645-ket-qua-mega-645-ngay-17-08-2016.html,17/08/2016,20253396500,
13,Chủ Nhật,14/08/2016,,"13,16,17,29,31,37",https://www.minhchinh.com/xs-mega-645-ket-qua-mega-645-ngay-14-08-2016.html,14/08/2016,19290861000,
12,Thứ 6,12/08/2016,,"28,31,34,37,38,41",https://www.minhchinh.com/xs-mega-645-ket-qua-mega-645-ngay-12-08-2016.html,12/08/2016,18841509500,
11,Thứ 4,10/08/2016,,"6,15,16,19,27,30",https://www.minhchinh.com/xs-mega-645-ket-qua-mega-645-ngay-10-08-2016.html,10/08/2016,17952978000,
10,Chủ Nhật,07/08/2016,,"3,5,17,22,30,31",https://www.minhchinh.com/xs-mega-645-ket-qua-mega-645-ngay-07-08-2016.html,07/08/2016,17164580000,
9,Thứ 6,05/08/2016,,"3,9,13,18,24,31",https://www.minhchinh.com/xs-mega-645-ket-qua-mega-645-ngay-05-08-2016.html,05/08/2016,16409266000,
8,Thứ 4,03/08/2016,,"7,10,25,27,29,40",https://www.minhchinh.com/xs-mega-645-ket-qua-mega-645-ngay-03-08-2016.html,03/08/2016,15791342500,
7,Chủ Nhật,31/07/2016,,"2,6,19,21,35,39",https://www.minhchinh.com/xs-mega-645-ket-qua-mega-645-ngay-31-07-2016.html,31/07/2016,15121387000,
6,Thứ 6,29/07/2016,,"3,8,13,20,30,36",https://www.minhchinh.com/xs-mega-645-ket-qua-mega-645-ngay-29-07-2016.html,29/07/2016,14565346500,
5,Thứ 4,27/07/2016,,"14,17,21,25,31,37",https://www.minhchinh.com/xs-mega-645-ket-qua-mega-645-ngay-27-07-2016.html,27/07/2016,13942033000,
4,Chủ Nhật,24/07/2016,,"1,10,16,18,23,38",https://www.minhchinh.com/xs-mega-645-ket-qua-mega-645-ngay-24-07-2016.html,24/07/2016,13271044500,
3,Thứ 6,22/07/2016,,"3,4,14,20,25,35",https://www.minhchinh.com/xs-mega-645-ket-qua-mega-645-ngay-22-07-2016.html,22/07/2016,12858704500,
2,Thứ 4,20/07/2016,,"2,17,33,37,38,45",https://www.minhchinh.com/xs-mega-645-ket-qua-mega-645-ngay-20-07-2016.html,20/07/2016,12000000000,
